Workbook
Name Periodo_Ini: 'Configuração'!$B$8
Name Turno_Ini: 'Configuração'!$B$11
Name Turno_Fim: 'Configuração'!$B$12
Name Turno_Min: 'Configuração'!$B$13
Name Limpeza_Min: 'Configuração'!$B$16
Name Janela_Min: 'Configuração'!$B$17
Name Data_Mapa: 'Mapa do Dia'!$A$6
Name Esp_Cod: 'Configuração'!$A$22:$A$41
Name Esp_Nome: 'Configuração'!$B$22:$B$41
Name Esp_Tipo: 'Configuração'!$C$22:$C$41
Name Esp_Dur: 'Configuração'!$D$22:$D$41
Name Postos_Cod: 'Configuração'!$A$45:$A$60
Name Postos_Nome: 'Configuração'!$B$45:$B$60
Name Postos_Tipo: 'Configuração'!$C$45:$C$60
Name Postos_Nec: 'Configuração'!$D$45:$D$60
Name Postos_Min: 'Configuração'!$E$45:$E$60
Name Postos_Prior: 'Configuração'!$F$45:$F$60
Name Postos_Esp: 'Configuração'!$G$45:$G$60
Name Postos_Func: 'Configuração'!$H$45:$H$60
Name Postos_Status: 'Configuração'!$I$45:$I$60
Name Postos_Encaixe: 'Configuração'!$K$45:$K$60
Name Feriados: 'Configuração'!$A$64:$A$83
Name Aus_Tipos: 'Configuração'!$A$87:$A$93
Name Aus_Siglas: 'Configuração'!$B$87:$B$93
Name Cir_Nome: 'Configuração'!$A$97:$A$156
Name Cir_Esp: 'Configuração'!$B$97:$B$156
Name Lista_StatusCad: 'Configuração'!$G$6:$G$8
Name Lista_StatusCir: 'Configuração'!$H$6:$H$9
Name Lista_TipoPosto: 'Configuração'!$I$6:$I$7
Name Lista_Especialidades: OFFSET('Configuração'!$B$22,0,0,MAX(1,COUNTA('Configuração'!$B$22:$B$41)),1)
Name Lista_Postos: OFFSET('Configuração'!$A$45,0,0,MAX(1,COUNTA('Configuração'!$A$45:$A$60)),1)
Name Equipe_Afin: 'Equipe'!$AE$2:$BH$31
Name Equipe_AfinN: 'Equipe'!$AD$2:$AD$31
Name Equipe_Mat: 'Equipe'!$A$2:$A$31
Name Equipe_Nome: 'Equipe'!$B$2:$B$31
Name Equipe_Status: 'Equipe'!$D$2:$D$31
Name Equipe_Situacao: 'Equipe'!$E$2:$E$31
Name Equipe_X: 'Equipe'!$H$2:$AA$31
Name Equipe_NEsp: 'Equipe'!$AB$2:$AB$31
Name Equipe_Curto: 'Equipe'!$AC$2:$AC$31
Name Lista_Tecnicos: OFFSET('Equipe'!$B$2,0,0,MAX(1,COUNTA('Equipe'!$B$2:$B$31)),1)
Name Aus_Tec: 'Folgas e Férias'!$A$2:$A$151
Name Aus_Tipo: 'Folgas e Férias'!$B$2:$B$151
Name Aus_Ini: 'Folgas e Férias'!$C$2:$C$151
Name Aus_Fim: 'Folgas e Férias'!$D$2:$D$151
Name Aus_Ativa: 'Folgas e Férias'!$G$2:$G$151
Name Aus_Cod: 'Folgas e Férias'!$H$2:$H$151
Name Mapa_Data: 'Agenda do Dia'!$A$2:$A$201
Name Mapa_Sala: 'Agenda do Dia'!$B$2:$B$201
Name Mapa_Esp: 'Agenda do Dia'!$E$2:$E$201
Name Mapa_Status: 'Agenda do Dia'!$H$2:$H$201
Name Mapa_Dur: 'Agenda do Dia'!$I$2:$I$201
Name Mapa_MinOcup: 'Agenda do Dia'!$J$2:$J$201
Name Mapa_Alerta: 'Agenda do Dia'!$N$2:$N$201
Name Mapa_RelIni: 'Agenda do Dia'!$P$2:$P$201
Name Mapa_RelFim: 'Agenda do Dia'!$Q$2:$Q$201
Name Mapa_Chave: 'Agenda do Dia'!$R$2:$R$201
Name Mapa_Row: 'Agenda do Dia'!$S$2:$S$201
Name Mapa_MinPlantao: 'Agenda do Dia'!$T$2:$T$201
Name Mix_Esp: 'Calc'!$E$1:$X$1

Sheet Painel
A1: CENTRO CIRÚRGICO — PAINEL DO DIA
A2: O dia inteiro numa tela. Esta aba só mostra — quem escala e quem troca é a aba Mapa do Dia.
A4: DATA DO MAPA | G4: =Data_Mapa | M4: =IF(Data_Mapa="","",CHOOSE(WEEKDAY(Data_Mapa),"domingo","segunda","terça","quarta","quinta","sexta","sábado")&IF(COUNTIF(Feriados,Data_Mapa)>0," · feriado",""))
A6: =IF(MAX(Aco_Nota)>=900,"AÇÃO NECESSÁRIA",IF(MAX(Aco_Nota)>=600,"ATENÇÃO",IF(MAX(Aco_Nota)>=1,"QUASE PRONTO","DIA FECHADO — nada pendente")))
A8: Cirurgias hoje | J8: Ambientes abertos | Q8: Prontos | X8: Com pendência | AG8: Disponíveis | AN8: Déficit | AU8: Maior atraso (min)
A9: =COUNTIFS(Mapa_Data,Data_Mapa,Mapa_MinOcup,">0") | J9: =COUNTIF('Mapa do Dia'!$B$10:$B$25,">0") | Q9: =COUNTIF('Mapa do Dia'!$F$10:$F$25,"OK") | X9: =SUMPRODUCT(('Mapa do Dia'!$F$10:$F$25<>"")*('Mapa do Dia'!$F$10:$F$25<>"OK")*('Mapa do Dia'!$F$10:$F$25<>"NÃO OPERA")) | AG9: =SUMPRODUCT((Equipe_Nome<>"")*(Equipe_Situacao="Disponível")) | AN9: =MAX(0,SUM('Calc'!$AD$2:$AD$17)-$AG$9) | AU9: =MAX(0,'Mapa do Dia'!$L$10:$L$25)
A10: O DIA INTEIRO — a cor do ambiente é a situação · a barra é a sala ocupada
A11: Ambiente | L11: Dupla do plantão | V11: =TEXT(MOD(Turno_Ini+0/1440,1),"HH:MM") | AB11: =TEXT(MOD(Turno_Ini+60/1440,1),"HH:MM") | AH11: =TEXT(MOD(Turno_Ini+120/1440,1),"HH:MM") | AN11: =TEXT(MOD(Turno_Ini+180/1440,1),"HH:MM") | AT11: =TEXT(MOD(Turno_Ini+240/1440,1),"HH:MM") | AZ11: =TEXT(MOD(Turno_Ini+300/1440,1),"HH:MM")
A12: =IF('Mapa do Dia'!$A10="","",'Mapa do Dia'!$A10) | L12: =IF('Mapa do Dia'!$A10="","",IF('Mapa do Dia'!$D10="","(falta escalar)",IFERROR(INDEX(Equipe_Curto,MATCH('Mapa do Dia'!$D10,Equipe_Nome,0)),'Mapa do Dia'!$D10))&IF('Mapa do Dia'!$B10<2,"",IF('Mapa do Dia'!$E10="", " · (falta escalar)"," · "&IFERROR(INDEX(Equipe_Curto,MATCH('Mapa do Dia'!$E10,Equipe_Nome,0)),'Mapa do Dia'!$E10)))) | V12: =IF(OR('Mapa do Dia'!$A10="",'Calc'!$B2<>"Sala cirúrgica"),"",IF(SUMPRODUCT((Mapa_Sala='Mapa do Dia'!$N10)*(Mapa_Data=Data_Mapa)*(Mapa_MinOcup>0)*(Mapa_RelIni<10)*(Mapa_RelFim>0))>0,2,IF(SUMPRODUCT((Mapa_Sala='Mapa do Dia'!$N10)*(Mapa_Data=Data_Mapa)*(Mapa_MinOcup>0)*(Mapa_RelFim<10)*(Mapa_RelFim+Limpeza_Min>0))>0,1,0))) | W12: =IF(OR('Mapa do Dia'!$A10="",'Calc'!$B2<>"Sala cirúrgica"),"",IF(SUMPRODUCT((Mapa_Sala='Mapa do Dia'!$N10)*(Mapa_Data=Data_Mapa)*(Mapa_MinOcup>0)*(Mapa_RelIni<20)*(Mapa_RelFim>10))>0,2,IF(SUMPRODUCT((Mapa_Sala='Mapa do Dia'!$N10)*(Mapa_Data=Data_Mapa)*(Mapa_MinOcup>0)*(Mapa_RelFim<20)*(Mapa_RelFim+Limpeza_Min>10))>0,1,0))) | X12: =IF(OR('Mapa do Dia'!$A10="",'Calc'!$B2<>"Sala cirúrgica"),"",IF(SUMPRODUCT((Mapa_Sala='Mapa do Dia'!$N10)*(Mapa_Data=Data_Mapa)*(Mapa_MinOcup>0)*(Mapa_RelIni<30)*(Mapa_RelFim>20))>0,2,IF(SUMPRODUCT((Mapa_Sala='Mapa do Dia'!$N10)*(Mapa_Data=Data_Mapa)*(Mapa_MinOcup>0)*(Mapa_RelFim<30)*(Mapa_RelFim+Limpeza_Min>20))>0,1,0))) | Y12: =IF(OR('Mapa do Dia'!$A10="",'Calc'!$B2<>"Sala cirúrgica"),"",IF(SUMPRODUCT((Mapa_Sala='Mapa do Dia'!$N10)*(Mapa_Data=Data_Mapa)*(Mapa_MinOcup>0)*(Mapa_RelIni<40)*(Mapa_RelFim>30))>0,2,IF(SUMPRODUCT((Mapa_Sala='Mapa do Dia'!$N10)*(Mapa_Data=Data_Mapa)*(Mapa_MinOcup>0)*(Mapa_RelFim<40)*(Mapa_RelFim+Limpeza_Min>30))>0,1,0))) | Z12: =IF(OR('Mapa do Dia'!$A10="",'Calc'!$B2<>"Sala cirúrgica"),"",IF(SUMPRODUCT((Mapa_Sala='Mapa do Dia'!$N10)*(Mapa_Data=Data_Mapa)*(Mapa_MinOcup>0)*(Mapa_RelIni<50)*(Mapa_RelFim>40))>0,2,IF(SUMPRODUCT((Mapa_Sala='Mapa do Dia'!$N10)*(Mapa_Data=Data_Mapa)*(Mapa_MinOcup>0)*(Mapa_RelFim<50)*(Mapa_RelFim+Limpeza_Min>40))>0,1,0))) | AA12: =IF(OR('Mapa do Dia'!$A10="",'Calc'!$B2<>"Sala cirúrgica"),"",IF(SUMPRODUCT((Mapa_Sala='Mapa do Dia'!$N10)*(Mapa_Data=Data_Mapa)*(Mapa_MinOcup>0)*(Mapa_RelIni<60)*(Mapa_RelFim>50))>0,2,IF(SUMPRODUCT((Mapa_Sala='Mapa do Dia'!$N10)*(Mapa_Data=Data_Mapa)*(Mapa_MinOcup>0)*(Mapa_RelFim<60)*(Mapa_RelFim+Limpeza_Min>50))>0,1,0))) | AB12: =IF(OR('Mapa do Dia'!$A10="",'Calc'!$B2<>"Sala cirúrgica"),"",IF(SUMPRODUCT((Mapa_Sala='Mapa do Dia'!$N10)*(Mapa_Data=Data_Mapa)*(Mapa_MinOcup>0)*(Mapa_RelIni<70)*(Mapa_RelFim>60))>0,2,IF(SUMPRODUCT((Mapa_Sala='Mapa do Dia'!$N10)*(Mapa_Data=Data_Mapa)*(Mapa_MinOcup>0)*(Mapa_RelFim<70)*(Mapa_RelFim+Limpeza_Min>60))>0,1,0))) | AC12: =IF(OR('Mapa do Dia'!$A10="",'Calc'!$B2<>"Sala cirúrgica"),"",IF(SUMPRODUCT((Mapa_Sala='Mapa do Dia'!$N10)*(Mapa_Data=Data_Mapa)*(Mapa_MinOcup>0)*(Mapa_RelIni<80)*(Mapa_RelFim>70))>0,2,IF(SUMPRODUCT((Mapa_Sala='Mapa do Dia'!$N10)*(Mapa_Data=Data_Mapa)*(Mapa_MinOcup>0)*(Mapa_RelFim<80)*(Mapa_RelFim+Limpeza_Min>70))>0,1,0))) | AD12: =IF(OR('Mapa do Dia'!$A10="",'Calc'!$B2<>"Sala cirúrgica"),"",IF(SUMPRODUCT((Mapa_Sala='Mapa do Dia'!$N10)*(Mapa_Data=Data_Mapa)*(Mapa_MinOcup>0)*(Mapa_RelIni<90)*(Mapa_RelFim>80))>0,2,IF(SUMPRODUCT((Mapa_Sala='Mapa do Dia'!$N10)*(Mapa_Data=Data_Mapa)*(Mapa_MinOcup>0)*(Mapa_RelFim<90)*(Mapa_RelFim+Limpeza_Min>80))>0,1,0))) | AE12: =IF(OR('Mapa do Dia'!$A10="",'Calc'!$B2<>"Sala cirúrgica"),"",IF(SUMPRODUCT((Mapa_Sala='Mapa do Dia'!$N10)*(Mapa_Data=Data_Mapa)*(Mapa_MinOcup>0)*(Mapa_RelIni<100)*(Mapa_RelFim>90))>0,2,IF(SUMPRODUCT((Mapa_Sala='Mapa do Dia'!$N10)*(Mapa_Data=Data_Mapa)*(Mapa_MinOcup>0)*(Mapa_RelFim<100)*(Mapa_RelFim+Limpeza_Min>90))>0,1,0))) | AF12: =IF(OR('Mapa do Dia'!$A10="",'Calc'!$B2<>"Sala cirúrgica"),"",IF(SUMPRODUCT((Mapa_Sala='Mapa do Dia'!$N10)*(Mapa_Data=Data_Mapa)*(Mapa_MinOcup>0)*(Mapa_RelIni<110)*(Mapa_RelFim>100))>0,2,IF(SUMPRODUCT((Mapa_Sala='Mapa do Dia'!$N10)*(Mapa_Data=Data_Mapa)*(Mapa_MinOcup>0)*(Mapa_RelFim<110)*(Mapa_RelFim+Limpeza_Min>100))>0,1,0))) | AG12: =IF(OR('Mapa do Dia'!$A10="",'Calc'!$B2<>"Sala cirúrgica"),"",IF(SUMPRODUCT((Mapa_Sala='Mapa do Dia'!$N10)*(Mapa_Data=Data_Mapa)*(Mapa_MinOcup>0)*(Mapa_RelIni<120)*(Mapa_RelFim>110))>0,2,IF(SUMPRODUCT((Mapa_Sala='Mapa do Dia'!$N10)*(Mapa_Data=Data_Mapa)*(Mapa_MinOcup>0)*(Mapa_RelFim<120)*(Mapa_RelFim+Limpeza_Min>110))>0,1,0))) | AH12: =IF(OR('Mapa do Dia'!$A10="",'Calc'!$B2<>"Sala cirúrgica"),"",IF(SUMPRODUCT((Mapa_Sala='Mapa do Dia'!$N10)*(Mapa_Data=Data_Mapa)*(Mapa_MinOcup>0)*(Mapa_RelIni<130)*(Mapa_RelFim>120))>0,2,IF(SUMPRODUCT((Mapa_Sala='Mapa do Dia'!$N10)*(Mapa_Data=Data_Mapa)*(Mapa_MinOcup>0)*(Mapa_RelFim<130)*(Mapa_RelFim+Limpeza_Min>120))>0,1,0))) | AI12: =IF(OR('Mapa do Dia'!$A10="",'Calc'!$B2<>"Sala cirúrgica"),"",IF(SUMPRODUCT((Mapa_Sala='Mapa do Dia'!$N10)*(Mapa_Data=Data_Mapa)*(Mapa_MinOcup>0)*(Mapa_RelIni<140)*(Mapa_RelFim>130))>0,2,IF(SUMPRODUCT((Mapa_Sala='Mapa do Dia'!$N10)*(Mapa_Data=Data_Mapa)*(Mapa_MinOcup>0)*(Mapa_RelFim<140)*(Mapa_RelFim+Limpeza_Min>130))>0,1,0))) | AJ12: =IF(OR('Mapa do Dia'!$A10="",'Calc'!$B2<>"Sala cirúrgica"),"",IF(SUMPRODUCT((Mapa_Sala='Mapa do Dia'!$N10)*(Mapa_Data=Data_Mapa)*(Mapa_MinOcup>0)*(Mapa_RelIni<150)*(Mapa_RelFim>140))>0,2,IF(SUMPRODUCT((Mapa_Sala='Mapa do Dia'!$N10)*(Mapa_Data=Data_Mapa)*(Mapa_MinOcup>0)*(Mapa_RelFim<150)*(Mapa_RelFim+Limpeza_Min>140))>0,1,0))) | AK12: =IF(OR('Mapa do Dia'!$A10="",'Calc'!$B2<>"Sala cirúrgica"),"",IF(SUMPRODUCT((Mapa_Sala='Mapa do Dia'!$N10)*(Mapa_Data=Data_Mapa)*(Mapa_MinOcup>0)*(Mapa_RelIni<160)*(Mapa_RelFim>150))>0,2,IF(SUMPRODUCT((Mapa_Sala='Mapa do Dia'!$N10)*(Mapa_Data=Data_Mapa)*(Mapa_MinOcup>0)*(Mapa_RelFim<160)*(Mapa_RelFim+Limpeza_Min>150))>0,1,0))) | AL12: =IF(OR('Mapa do Dia'!$A10="",'Calc'!$B2<>"Sala cirúrgica"),"",IF(SUMPRODUCT((Mapa_Sala='Mapa do Dia'!$N10)*(Mapa_Data=Data_Mapa)*(Mapa_MinOcup>0)*(Mapa_RelIni<170)*(Mapa_RelFim>160))>0,2,IF(SUMPRODUCT((Mapa_Sala='Mapa do Dia'!$N10)*(Mapa_Data=Data_Mapa)*(Mapa_MinOcup>0)*(Mapa_RelFim<170)*(Mapa_RelFim+Limpeza_Min>160))>0,1,0))) | AM12: =IF(OR('Mapa do Dia'!$A10="",'Calc'!$B2<>"Sala cirúrgica"),"",IF(SUMPRODUCT((Mapa_Sala='Mapa do Dia'!$N10)*(Mapa_Data=Data_Mapa)*(Mapa_MinOcup>0)*(Mapa_RelIni<180)*(Mapa_RelFim>170))>0,2,IF(SUMPRODUCT((Mapa_Sala='Mapa do Dia'!$N10)*(Mapa_Data=Data_Mapa)*(Mapa_MinOcup>0)*(Mapa_RelFim<180)*(Mapa_RelFim+Limpeza_Min>170))>0,1,0))) | AN12: =IF(OR('Mapa do Dia'!$A10="",'Calc'!$B2<>"Sala cirúrgica"),"",IF(SUMPRODUCT((Mapa_Sala='Mapa do Dia'!$N10)*(Mapa_Data=Data_Mapa)*(Mapa_MinOcup>0)*(Mapa_RelIni<190)*(Mapa_RelFim>180))>0,2,IF(SUMPRODUCT((Mapa_Sala='Mapa do Dia'!$N10)*(Mapa_Data=Data_Mapa)*(Mapa_MinOcup>0)*(Mapa_RelFim<190)*(Mapa_RelFim+Limpeza_Min>180))>0,1,0))) | AO12: =IF(OR('Mapa do Dia'!$A10="",'Calc'!$B2<>"Sala cirúrgica"),"",IF(SUMPRODUCT((Mapa_Sala='Mapa do Dia'!$N10)*(Mapa_Data=Data_Mapa)*(Mapa_MinOcup>0)*(Mapa_RelIni<200)*(Mapa_RelFim>190))>0,2,IF(SUMPRODUCT((Mapa_Sala='Mapa do Dia'!$N10)*(Mapa_Data=Data_Mapa)*(Mapa_MinOcup>0)*(Mapa_RelFim<200)*(Mapa_RelFim+Limpeza_Min>190))>0,1,0))) | AP12: =IF(OR('Mapa do Dia'!$A10="",'Calc'!$B2<>"Sala cirúrgica"),"",IF(SUMPRODUCT((Mapa_Sala='Mapa do Dia'!$N10)*(Mapa_Data=Data_Mapa)*(Mapa_MinOcup>0)*(Mapa_RelIni<210)*(Mapa_RelFim>200))>0,2,IF(SUMPRODUCT((Mapa_Sala='Mapa do Dia'!$N10)*(Mapa_Data=Data_Mapa)*(Mapa_MinOcup>0)*(Mapa_RelFim<210)*(Mapa_RelFim+Limpeza_Min>200))>0,1,0))) | AQ12: =IF(OR('Mapa do Dia'!$A10="",'Calc'!$B2<>"Sala cirúrgica"),"",IF(SUMPRODUCT((Mapa_Sala='Mapa do Dia'!$N10)*(Mapa_Data=Data_Mapa)*(Mapa_MinOcup>0)*(Mapa_RelIni<220)*(Mapa_RelFim>210))>0,2,IF(SUMPRODUCT((Mapa_Sala='Mapa do Dia'!$N10)*(Mapa_Data=Data_Mapa)*(Mapa_MinOcup>0)*(Mapa_RelFim<220)*(Mapa_RelFim+Limpeza_Min>210))>0,1,0))) | AR12: =IF(OR('Mapa do Dia'!$A10="",'Calc'!$B2<>"Sala cirúrgica"),"",IF(SUMPRODUCT((Mapa_Sala='Mapa do Dia'!$N10)*(Mapa_Data=Data_Mapa)*(Mapa_MinOcup>0)*(Mapa_RelIni<230)*(Mapa_RelFim>220))>0,2,IF(SUMPRODUCT((Mapa_Sala='Mapa do Dia'!$N10)*(Mapa_Data=Data_Mapa)*(Mapa_MinOcup>0)*(Mapa_RelFim<230)*(Mapa_RelFim+Limpeza_Min>220))>0,1,0))) | AS12: =IF(OR('Mapa do Dia'!$A10="",'Calc'!$B2<>"Sala cirúrgica"),"",IF(SUMPRODUCT((Mapa_Sala='Mapa do Dia'!$N10)*(Mapa_Data=Data_Mapa)*(Mapa_MinOcup>0)*(Mapa_RelIni<240)*(Mapa_RelFim>230))>0,2,IF(SUMPRODUCT((Mapa_Sala='Mapa do Dia'!$N10)*(Mapa_Data=Data_Mapa)*(Mapa_MinOcup>0)*(Mapa_RelFim<240)*(Mapa_RelFim+Limpeza_Min>230))>0,1,0))) | AT12: =IF(OR('Mapa do Dia'!$A10="",'Calc'!$B2<>"Sala cirúrgica"),"",IF(SUMPRODUCT((Mapa_Sala='Mapa do Dia'!$N10)*(Mapa_Data=Data_Mapa)*(Mapa_MinOcup>0)*(Mapa_RelIni<250)*(Mapa_RelFim>240))>0,2,IF(SUMPRODUCT((Mapa_Sala='Mapa do Dia'!$N10)*(Mapa_Data=Data_Mapa)*(Mapa_MinOcup>0)*(Mapa_RelFim<250)*(Mapa_RelFim+Limpeza_Min>240))>0,1,0))) | AU12: =IF(OR('Mapa do Dia'!$A10="",'Calc'!$B2<>"Sala cirúrgica"),"",IF(SUMPRODUCT((Mapa_Sala='Mapa do Dia'!$N10)*(Mapa_Data=Data_Mapa)*(Mapa_MinOcup>0)*(Mapa_RelIni<260)*(Mapa_RelFim>250))>0,2,IF(SUMPRODUCT((Mapa_Sala='Mapa do Dia'!$N10)*(Mapa_Data=Data_Mapa)*(Mapa_MinOcup>0)*(Mapa_RelFim<260)*(Mapa_RelFim+Limpeza_Min>250))>0,1,0))) | AV12: =IF(OR('Mapa do Dia'!$A10="",'Calc'!$B2<>"Sala cirúrgica"),"",IF(SUMPRODUCT((Mapa_Sala='Mapa do Dia'!$N10)*(Mapa_Data=Data_Mapa)*(Mapa_MinOcup>0)*(Mapa_RelIni<270)*(Mapa_RelFim>260))>0,2,IF(SUMPRODUCT((Mapa_Sala='Mapa do Dia'!$N10)*(Mapa_Data=Data_Mapa)*(Mapa_MinOcup>0)*(Mapa_RelFim<270)*(Mapa_RelFim+Limpeza_Min>260))>0,1,0))) | AW12: =IF(OR('Mapa do Dia'!$A10="",'Calc'!$B2<>"Sala cirúrgica"),"",IF(SUMPRODUCT((Mapa_Sala='Mapa do Dia'!$N10)*(Mapa_Data=Data_Mapa)*(Mapa_MinOcup>0)*(Mapa_RelIni<280)*(Mapa_RelFim>270))>0,2,IF(SUMPRODUCT((Mapa_Sala='Mapa do Dia'!$N10)*(Mapa_Data=Data_Mapa)*(Mapa_MinOcup>0)*(Mapa_RelFim<280)*(Mapa_RelFim+Limpeza_Min>270))>0,1,0))) | AX12: =IF(OR('Mapa do Dia'!$A10="",'Calc'!$B2<>"Sala cirúrgica"),"",IF(SUMPRODUCT((Mapa_Sala='Mapa do Dia'!$N10)*(Mapa_Data=Data_Mapa)*(Mapa_MinOcup>0)*(Mapa_RelIni<290)*(Mapa_RelFim>280))>0,2,IF(SUMPRODUCT((Mapa_Sala='Mapa do Dia'!$N10)*(Mapa_Data=Data_Mapa)*(Mapa_MinOcup>0)*(Mapa_RelFim<290)*(Mapa_RelFim+Limpeza_Min>280))>0,1,0))) | AY12: =IF(OR('Mapa do Dia'!$A10="",'Calc'!$B2<>"Sala cirúrgica"),"",IF(SUMPRODUCT((Mapa_Sala='Mapa do Dia'!$N10)*(Mapa_Data=Data_Mapa)*(Mapa_MinOcup>0)*(Mapa_RelIni<300)*(Mapa_RelFim>290))>0,2,IF(SUMPRODUCT((Mapa_Sala='Mapa do Dia'!$N10)*(Mapa_Data=Data_Mapa)*(Mapa_MinOcup>0)*(Mapa_RelFim<300)*(Mapa_RelFim+Limpeza_Min>290))>0,1,0))) | AZ12: =IF(OR('Mapa do Dia'!$A10="",'Calc'!$B2<>"Sala cirúrgica"),"",IF(SUMPRODUCT((Mapa_Sala='Mapa do Dia'!$N10)*(Mapa_Data=Data_Mapa)*(Mapa_MinOcup>0)*(Mapa_RelIni<310)*(Mapa_RelFim>300))>0,2,IF(SUMPRODUCT((Mapa_Sala='Mapa do Dia'!$N10)*(Mapa_Data=Data_Mapa)*(Mapa_MinOcup>0)*(Mapa_RelFim<310)*(Mapa_RelFim+Limpeza_Min>300))>0,1,0))) | BA12: =IF(OR('Mapa do Dia'!$A10="",'Calc'!$B2<>"Sala cirúrgica"),"",IF(SUMPRODUCT((Mapa_Sala='Mapa do Dia'!$N10)*(Mapa_Data=Data_Mapa)*(Mapa_MinOcup>0)*(Mapa_RelIni<320)*(Mapa_RelFim>310))>0,2,IF(SUMPRODUCT((Mapa_Sala='Mapa do Dia'!$N10)*(Mapa_Data=Data_Mapa)*(Mapa_MinOcup>0)*(Mapa_RelFim<320)*(Mapa_RelFim+Limpeza_Min>310))>0,1,0))) | BB12: =IF(OR('Mapa do Dia'!$A10="",'Calc'!$B2<>"Sala cirúrgica"),"",IF(SUMPRODUCT((Mapa_Sala='Mapa do Dia'!$N10)*(Mapa_Data=Data_Mapa)*(Mapa_MinOcup>0)*(Mapa_RelIni<330)*(Mapa_RelFim>320))>0,2,IF(SUMPRODUCT((Mapa_Sala='Mapa do Dia'!$N10)*(Mapa_Data=Data_Mapa)*(Mapa_MinOcup>0)*(Mapa_RelFim<330)*(Mapa_RelFim+Limpeza_Min>320))>0,1,0))) | BC12: =IF(OR('Mapa do Dia'!$A10="",'Calc'!$B2<>"Sala cirúrgica"),"",IF(SUMPRODUCT((Mapa_Sala='Mapa do Dia'!$N10)*(Mapa_Data=Data_Mapa)*(Mapa_MinOcup>0)*(Mapa_RelIni<340)*(Mapa_RelFim>330))>0,2,IF(SUMPRODUCT((Mapa_Sala='Mapa do Dia'!$N10)*(Mapa_Data=Data_Mapa)*(Mapa_MinOcup>0)*(Mapa_RelFim<340)*(Mapa_RelFim+Limpeza_Min>330))>0,1,0))) | BD12: =IF(OR('Mapa do Dia'!$A10="",'Calc'!$B2<>"Sala cirúrgica"),"",IF(SUMPRODUCT((Mapa_Sala='Mapa do Dia'!$N10)*(Mapa_Data=Data_Mapa)*(Mapa_MinOcup>0)*(Mapa_RelIni<350)*(Mapa_RelFim>340))>0,2,IF(SUMPRODUCT((Mapa_Sala='Mapa do Dia'!$N10)*(Mapa_Data=Data_Mapa)*(Mapa_MinOcup>0)*(Mapa_RelFim<350)*(Mapa_RelFim+Limpeza_Min>340))>0,1,0))) | BE12: =IF(OR('Mapa do Dia'!$A10="",'Calc'!$B2<>"Sala cirúrgica"),"",IF(SUMPRODUCT((Mapa_Sala='Mapa do Dia'!$N10)*(Mapa_Data=Data_Mapa)*(Mapa_MinOcup>0)*(Mapa_RelIni<360)*(Mapa_RelFim>350))>0,2,IF(SUMPRODUCT((Mapa_Sala='Mapa do Dia'!$N10)*(Mapa_Data=Data_Mapa)*(Mapa_MinOcup>0)*(Mapa_RelFim<360)*(Mapa_RelFim+Limpeza_Min>350))>0,1,0))) | BF12: =IF('Mapa do Dia'!$A10="","",'Mapa do Dia'!$F10)
A13: =IF('Mapa do Dia'!$A11="","",'Mapa do Dia'!$A11) | L13: =IF('Mapa do Dia'!$A11="","",IF('Mapa do Dia'!$D11="","(falta escalar)",IFERROR(INDEX(Equipe_Curto,MATCH('Mapa do Dia'!$D11,Equipe_Nome,0)),'Mapa do Dia'!$D11))&IF('Mapa do Dia'!$B11<2,"",IF('Mapa do Dia'!$E11="", " · (falta escalar)"," · "&IFERROR(INDEX(Equipe_Curto,MATCH('Mapa do Dia'!$E11,Equipe_Nome,0)),'Mapa do Dia'!$E11)))) | V13: =IF(OR('Mapa do Dia'!$A11="",'Calc'!$B3<>"Sala cirúrgica"),"",IF(SUMPRODUCT((Mapa_Sala='Mapa do Dia'!$N11)*(Mapa_Data=Data_Mapa)*(Mapa_MinOcup>0)*(Mapa_RelIni<10)*(Mapa_RelFim>0))>0,2,IF(SUMPRODUCT((Mapa_Sala='Mapa do Dia'!$N11)*(Mapa_Data=Data_Mapa)*(Mapa_MinOcup>0)*(Mapa_RelFim<10)*(Mapa_RelFim+Limpeza_Min>0))>0,1,0))) | W13: =IF(OR('Mapa do Dia'!$A11="",'Calc'!$B3<>"Sala cirúrgica"),"",IF(SUMPRODUCT((Mapa_Sala='Mapa do Dia'!$N11)*(Mapa_Data=Data_Mapa)*(Mapa_MinOcup>0)*(Mapa_RelIni<20)*(Mapa_RelFim>10))>0,2,IF(SUMPRODUCT((Mapa_Sala='Mapa do Dia'!$N11)*(Mapa_Data=Data_Mapa)*(Mapa_MinOcup>0)*(Mapa_RelFim<20)*(Mapa_RelFim+Limpeza_Min>10))>0,1,0))) | X13: =IF(OR('Mapa do Dia'!$A11="",'Calc'!$B3<>"Sala cirúrgica"),"",IF(SUMPRODUCT((Mapa_Sala='Mapa do Dia'!$N11)*(Mapa_Data=Data_Mapa)*(Mapa_MinOcup>0)*(Mapa_RelIni<30)*(Mapa_RelFim>20))>0,2,IF(SUMPRODUCT((Mapa_Sala='Mapa do Dia'!$N11)*(Mapa_Data=Data_Mapa)*(Mapa_MinOcup>0)*(Mapa_RelFim<30)*(Mapa_RelFim+Limpeza_Min>20))>0,1,0))) | Y13: =IF(OR('Mapa do Dia'!$A11="",'Calc'!$B3<>"Sala cirúrgica"),"",IF(SUMPRODUCT((Mapa_Sala='Mapa do Dia'!$N11)*(Mapa_Data=Data_Mapa)*(Mapa_MinOcup>0)*(Mapa_RelIni<40)*(Mapa_RelFim>30))>0,2,IF(SUMPRODUCT((Mapa_Sala='Mapa do Dia'!$N11)*(Mapa_Data=Data_Mapa)*(Mapa_MinOcup>0)*(Mapa_RelFim<40)*(Mapa_RelFim+Limpeza_Min>30))>0,1,0))) | Z13: =IF(OR('Mapa do Dia'!$A11="",'Calc'!$B3<>"Sala cirúrgica"),"",IF(SUMPRODUCT((Mapa_Sala='Mapa do Dia'!$N11)*(Mapa_Data=Data_Mapa)*(Mapa_MinOcup>0)*(Mapa_RelIni<50)*(Mapa_RelFim>40))>0,2,IF(SUMPRODUCT((Mapa_Sala='Mapa do Dia'!$N11)*(Mapa_Data=Data_Mapa)*(Mapa_MinOcup>0)*(Mapa_RelFim<50)*(Mapa_RelFim+Limpeza_Min>40))>0,1,0))) | AA13: =IF(OR('Mapa do Dia'!$A11="",'Calc'!$B3<>"Sala cirúrgica"),"",IF(SUMPRODUCT((Mapa_Sala='Mapa do Dia'!$N11)*(Mapa_Data=Data_Mapa)*(Mapa_MinOcup>0)*(Mapa_RelIni<60)*(Mapa_RelFim>50))>0,2,IF(SUMPRODUCT((Mapa_Sala='Mapa do Dia'!$N11)*(Mapa_Data=Data_Mapa)*(Mapa_MinOcup>0)*(Mapa_RelFim<60)*(Mapa_RelFim+Limpeza_Min>50))>0,1,0))) | AB13: =IF(OR('Mapa do Dia'!$A11="",'Calc'!$B3<>"Sala cirúrgica"),"",IF(SUMPRODUCT((Mapa_Sala='Mapa do Dia'!$N11)*(Mapa_Data=Data_Mapa)*(Mapa_MinOcup>0)*(Mapa_RelIni<70)*(Mapa_RelFim>60))>0,2,IF(SUMPRODUCT((Mapa_Sala='Mapa do Dia'!$N11)*(Mapa_Data=Data_Mapa)*(Mapa_MinOcup>0)*(Mapa_RelFim<70)*(Mapa_RelFim+Limpeza_Min>60))>0,1,0))) | AC13: =IF(OR('Mapa do Dia'!$A11="",'Calc'!$B3<>"Sala cirúrgica"),"",IF(SUMPRODUCT((Mapa_Sala='Mapa do Dia'!$N11)*(Mapa_Data=Data_Mapa)*(Mapa_MinOcup>0)*(Mapa_RelIni<80)*(Mapa_RelFim>70))>0,2,IF(SUMPRODUCT((Mapa_Sala='Mapa do Dia'!$N11)*(Mapa_Data=Data_Mapa)*(Mapa_MinOcup>0)*(Mapa_RelFim<80)*(Mapa_RelFim+Limpeza_Min>70))>0,1,0))) | AD13: =IF(OR('Mapa do Dia'!$A11="",'Calc'!$B3<>"Sala cirúrgica"),"",IF(SUMPRODUCT((Mapa_Sala='Mapa do Dia'!$N11)*(Mapa_Data=Data_Mapa)*(Mapa_MinOcup>0)*(Mapa_RelIni<90)*(Mapa_RelFim>80))>0,2,IF(SUMPRODUCT((Mapa_Sala='Mapa do Dia'!$N11)*(Mapa_Data=Data_Mapa)*(Mapa_MinOcup>0)*(Mapa_RelFim<90)*(Mapa_RelFim+Limpeza_Min>80))>0,1,0))) | AE13: =IF(OR('Mapa do Dia'!$A11="",'Calc'!$B3<>"Sala cirúrgica"),"",IF(SUMPRODUCT((Mapa_Sala='Mapa do Dia'!$N11)*(Mapa_Data=Data_Mapa)*(Mapa_MinOcup>0)*(Mapa_RelIni<100)*(Mapa_RelFim>90))>0,2,IF(SUMPRODUCT((Mapa_Sala='Mapa do Dia'!$N11)*(Mapa_Data=Data_Mapa)*(Mapa_MinOcup>0)*(Mapa_RelFim<100)*(Mapa_RelFim+Limpeza_Min>90))>0,1,0))) | AF13: =IF(OR('Mapa do Dia'!$A11="",'Calc'!$B3<>"Sala cirúrgica"),"",IF(SUMPRODUCT((Mapa_Sala='Mapa do Dia'!$N11)*(Mapa_Data=Data_Mapa)*(Mapa_MinOcup>0)*(Mapa_RelIni<110)*(Mapa_RelFim>100))>0,2,IF(SUMPRODUCT((Mapa_Sala='Mapa do Dia'!$N11)*(Mapa_Data=Data_Mapa)*(Mapa_MinOcup>0)*(Mapa_RelFim<110)*(Mapa_RelFim+Limpeza_Min>100))>0,1,0))) | AG13: =IF(OR('Mapa do Dia'!$A11="",'Calc'!$B3<>"Sala cirúrgica"),"",IF(SUMPRODUCT((Mapa_Sala='Mapa do Dia'!$N11)*(Mapa_Data=Data_Mapa)*(Mapa_MinOcup>0)*(Mapa_RelIni<120)*(Mapa_RelFim>110))>0,2,IF(SUMPRODUCT((Mapa_Sala='Mapa do Dia'!$N11)*(Mapa_Data=Data_Mapa)*(Mapa_MinOcup>0)*(Mapa_RelFim<120)*(Mapa_RelFim+Limpeza_Min>110))>0,1,0))) | AH13: =IF(OR('Mapa do Dia'!$A11="",'Calc'!$B3<>"Sala cirúrgica"),"",IF(SUMPRODUCT((Mapa_Sala='Mapa do Dia'!$N11)*(Mapa_Data=Data_Mapa)*(Mapa_MinOcup>0)*(Mapa_RelIni<130)*(Mapa_RelFim>120))>0,2,IF(SUMPRODUCT((Mapa_Sala='Mapa do Dia'!$N11)*(Mapa_Data=Data_Mapa)*(Mapa_MinOcup>0)*(Mapa_RelFim<130)*(Mapa_RelFim+Limpeza_Min>120))>0,1,0))) | AI13: =IF(OR('Mapa do Dia'!$A11="",'Calc'!$B3<>"Sala cirúrgica"),"",IF(SUMPRODUCT((Mapa_Sala='Mapa do Dia'!$N11)*(Mapa_Data=Data_Mapa)*(Mapa_MinOcup>0)*(Mapa_RelIni<140)*(Mapa_RelFim>130))>0,2,IF(SUMPRODUCT((Mapa_Sala='Mapa do Dia'!$N11)*(Mapa_Data=Data_Mapa)*(Mapa_MinOcup>0)*(Mapa_RelFim<140)*(Mapa_RelFim+Limpeza_Min>130))>0,1,0))) | AJ13: =IF(OR('Mapa do Dia'!$A11="",'Calc'!$B3<>"Sala cirúrgica"),"",IF(SUMPRODUCT((Mapa_Sala='Mapa do Dia'!$N11)*(Mapa_Data=Data_Mapa)*(Mapa_MinOcup>0)*(Mapa_RelIni<150)*(Mapa_RelFim>140))>0,2,IF(SUMPRODUCT((Mapa_Sala='Mapa do Dia'!$N11)*(Mapa_Data=Data_Mapa)*(Mapa_MinOcup>0)*(Mapa_RelFim<150)*(Mapa_RelFim+Limpeza_Min>140))>0,1,0))) | AK13: =IF(OR('Mapa do Dia'!$A11="",'Calc'!$B3<>"Sala cirúrgica"),"",IF(SUMPRODUCT((Mapa_Sala='Mapa do Dia'!$N11)*(Mapa_Data=Data_Mapa)*(Mapa_MinOcup>0)*(Mapa_RelIni<160)*(Mapa_RelFim>150))>0,2,IF(SUMPRODUCT((Mapa_Sala='Mapa do Dia'!$N11)*(Mapa_Data=Data_Mapa)*(Mapa_MinOcup>0)*(Mapa_RelFim<160)*(Mapa_RelFim+Limpeza_Min>150))>0,1,0))) | AL13: =IF(OR('Mapa do Dia'!$A11="",'Calc'!$B3<>"Sala cirúrgica"),"",IF(SUMPRODUCT((Mapa_Sala='Mapa do Dia'!$N11)*(Mapa_Data=Data_Mapa)*(Mapa_MinOcup>0)*(Mapa_RelIni<170)*(Mapa_RelFim>160))>0,2,IF(SUMPRODUCT((Mapa_Sala='Mapa do Dia'!$N11)*(Mapa_Data=Data_Mapa)*(Mapa_MinOcup>0)*(Mapa_RelFim<170)*(Mapa_RelFim+Limpeza_Min>160))>0,1,0))) | AM13: =IF(OR('Mapa do Dia'!$A11="",'Calc'!$B3<>"Sala cirúrgica"),"",IF(SUMPRODUCT((Mapa_Sala='Mapa do Dia'!$N11)*(Mapa_Data=Data_Mapa)*(Mapa_MinOcup>0)*(Mapa_RelIni<180)*(Mapa_RelFim>170))>0,2,IF(SUMPRODUCT((Mapa_Sala='Mapa do Dia'!$N11)*(Mapa_Data=Data_Mapa)*(Mapa_MinOcup>0)*(Mapa_RelFim<180)*(Mapa_RelFim+Limpeza_Min>170))>0,1,0))) | AN13: =IF(OR('Mapa do Dia'!$A11="",'Calc'!$B3<>"Sala cirúrgica"),"",IF(SUMPRODUCT((Mapa_Sala='Mapa do Dia'!$N11)*(Mapa_Data=Data_Mapa)*(Mapa_MinOcup>0)*(Mapa_RelIni<190)*(Mapa_RelFim>180))>0,2,IF(SUMPRODUCT((Mapa_Sala='Mapa do Dia'!$N11)*(Mapa_Data=Data_Mapa)*(Mapa_MinOcup>0)*(Mapa_RelFim<190)*(Mapa_RelFim+Limpeza_Min>180))>0,1,0))) | AO13: =IF(OR('Mapa do Dia'!$A11="",'Calc'!$B3<>"Sala cirúrgica"),"",IF(SUMPRODUCT((Mapa_Sala='Mapa do Dia'!$N11)*(Mapa_Data=Data_Mapa)*(Mapa_MinOcup>0)*(Mapa_RelIni<200)*(Mapa_RelFim>190))>0,2,IF(SUMPRODUCT((Mapa_Sala='Mapa do Dia'!$N11)*(Mapa_Data=Data_Mapa)*(Mapa_MinOcup>0)*(Mapa_RelFim<200)*(Mapa_RelFim+Limpeza_Min>190))>0,1,0))) | AP13: =IF(OR('Mapa do Dia'!$A11="",'Calc'!$B3<>"Sala cirúrgica"),"",IF(SUMPRODUCT((Mapa_Sala='Mapa do Dia'!$N11)*(Mapa_Data=Data_Mapa)*(Mapa_MinOcup>0)*(Mapa_RelIni<210)*(Mapa_RelFim>200))>0,2,IF(SUMPRODUCT((Mapa_Sala='Mapa do Dia'!$N11)*(Mapa_Data=Data_Mapa)*(Mapa_MinOcup>0)*(Mapa_RelFim<210)*(Mapa_RelFim+Limpeza_Min>200))>0,1,0))) | AQ13: =IF(OR('Mapa do Dia'!$A11="",'Calc'!$B3<>"Sala cirúrgica"),"",IF(SUMPRODUCT((Mapa_Sala='Mapa do Dia'!$N11)*(Mapa_Data=Data_Mapa)*(Mapa_MinOcup>0)*(Mapa_RelIni<220)*(Mapa_RelFim>210))>0,2,IF(SUMPRODUCT((Mapa_Sala='Mapa do Dia'!$N11)*(Mapa_Data=Data_Mapa)*(Mapa_MinOcup>0)*(Mapa_RelFim<220)*(Mapa_RelFim+Limpeza_Min>210))>0,1,0))) | AR13: =IF(OR('Mapa do Dia'!$A11="",'Calc'!$B3<>"Sala cirúrgica"),"",IF(SUMPRODUCT((Mapa_Sala='Mapa do Dia'!$N11)*(Mapa_Data=Data_Mapa)*(Mapa_MinOcup>0)*(Mapa_RelIni<230)*(Mapa_RelFim>220))>0,2,IF(SUMPRODUCT((Mapa_Sala='Mapa do Dia'!$N11)*(Mapa_Data=Data_Mapa)*(Mapa_MinOcup>0)*(Mapa_RelFim<230)*(Mapa_RelFim+Limpeza_Min>220))>0,1,0))) | AS13: =IF(OR('Mapa do Dia'!$A11="",'Calc'!$B3<>"Sala cirúrgica"),"",IF(SUMPRODUCT((Mapa_Sala='Mapa do Dia'!$N11)*(Mapa_Data=Data_Mapa)*(Mapa_MinOcup>0)*(Mapa_RelIni<240)*(Mapa_RelFim>230))>0,2,IF(SUMPRODUCT((Mapa_Sala='Mapa do Dia'!$N11)*(Mapa_Data=Data_Mapa)*(Mapa_MinOcup>0)*(Mapa_RelFim<240)*(Mapa_RelFim+Limpeza_Min>230))>0,1,0))) | AT13: =IF(OR('Mapa do Dia'!$A11="",'Calc'!$B3<>"Sala cirúrgica"),"",IF(SUMPRODUCT((Mapa_Sala='Mapa do Dia'!$N11)*(Mapa_Data=Data_Mapa)*(Mapa_MinOcup>0)*(Mapa_RelIni<250)*(Mapa_RelFim>240))>0,2,IF(SUMPRODUCT((Mapa_Sala='Mapa do Dia'!$N11)*(Mapa_Data=Data_Mapa)*(Mapa_MinOcup>0)*(Mapa_RelFim<250)*(Mapa_RelFim+Limpeza_Min>240))>0,1,0))) | AU13: =IF(OR('Mapa do Dia'!$A11="",'Calc'!$B3<>"Sala cirúrgica"),"",IF(SUMPRODUCT((Mapa_Sala='Mapa do Dia'!$N11)*(Mapa_Data=Data_Mapa)*(Mapa_MinOcup>0)*(Mapa_RelIni<260)*(Mapa_RelFim>250))>0,2,IF(SUMPRODUCT((Mapa_Sala='Mapa do Dia'!$N11)*(Mapa_Data=Data_Mapa)*(Mapa_MinOcup>0)*(Mapa_RelFim<260)*(Mapa_RelFim+Limpeza_Min>250))>0,1,0))) | AV13: =IF(OR('Mapa do Dia'!$A11="",'Calc'!$B3<>"Sala cirúrgica"),"",IF(SUMPRODUCT((Mapa_Sala='Mapa do Dia'!$N11)*(Mapa_Data=Data_Mapa)*(Mapa_MinOcup>0)*(Mapa_RelIni<270)*(Mapa_RelFim>260))>0,2,IF(SUMPRODUCT((Mapa_Sala='Mapa do Dia'!$N11)*(Mapa_Data=Data_Mapa)*(Mapa_MinOcup>0)*(Mapa_RelFim<270)*(Mapa_RelFim+Limpeza_Min>260))>0,1,0))) | AW13: =IF(OR('Mapa do Dia'!$A11="",'Calc'!$B3<>"Sala cirúrgica"),"",IF(SUMPRODUCT((Mapa_Sala='Mapa do Dia'!$N11)*(Mapa_Data=Data_Mapa)*(Mapa_MinOcup>0)*(Mapa_RelIni<280)*(Mapa_RelFim>270))>0,2,IF(SUMPRODUCT((Mapa_Sala='Mapa do Dia'!$N11)*(Mapa_Data=Data_Mapa)*(Mapa_MinOcup>0)*(Mapa_RelFim<280)*(Mapa_RelFim+Limpeza_Min>270))>0,1,0))) | AX13: =IF(OR('Mapa do Dia'!$A11="",'Calc'!$B3<>"Sala cirúrgica"),"",IF(SUMPRODUCT((Mapa_Sala='Mapa do Dia'!$N11)*(Mapa_Data=Data_Mapa)*(Mapa_MinOcup>0)*(Mapa_RelIni<290)*(Mapa_RelFim>280))>0,2,IF(SUMPRODUCT((Mapa_Sala='Mapa do Dia'!$N11)*(Mapa_Data=Data_Mapa)*(Mapa_MinOcup>0)*(Mapa_RelFim<290)*(Mapa_RelFim+Limpeza_Min>280))>0,1,0))) | AY13: =IF(OR('Mapa do Dia'!$A11="",'Calc'!$B3<>"Sala cirúrgica"),"",IF(SUMPRODUCT((Mapa_Sala='Mapa do Dia'!$N11)*(Mapa_Data=Data_Mapa)*(Mapa_MinOcup>0)*(Mapa_RelIni<300)*(Mapa_RelFim>290))>0,2,IF(SUMPRODUCT((Mapa_Sala='Mapa do Dia'!$N11)*(Mapa_Data=Data_Mapa)*(Mapa_MinOcup>0)*(Mapa_RelFim<300)*(Mapa_RelFim+Limpeza_Min>290))>0,1,0))) | AZ13: =IF(OR('Mapa do Dia'!$A11="",'Calc'!$B3<>"Sala cirúrgica"),"",IF(SUMPRODUCT((Mapa_Sala='Mapa do Dia'!$N11)*(Mapa_Data=Data_Mapa)*(Mapa_MinOcup>0)*(Mapa_RelIni<310)*(Mapa_RelFim>300))>0,2,IF(SUMPRODUCT((Mapa_Sala='Mapa do Dia'!$N11)*(Mapa_Data=Data_Mapa)*(Mapa_MinOcup>0)*(Mapa_RelFim<310)*(Mapa_RelFim+Limpeza_Min>300))>0,1,0))) | BA13: =IF(OR('Mapa do Dia'!$A11="",'Calc'!$B3<>"Sala cirúrgica"),"",IF(SUMPRODUCT((Mapa_Sala='Mapa do Dia'!$N11)*(Mapa_Data=Data_Mapa)*(Mapa_MinOcup>0)*(Mapa_RelIni<320)*(Mapa_RelFim>310))>0,2,IF(SUMPRODUCT((Mapa_Sala='Mapa do Dia'!$N11)*(Mapa_Data=Data_Mapa)*(Mapa_MinOcup>0)*(Mapa_RelFim<320)*(Mapa_RelFim+Limpeza_Min>310))>0,1,0))) | BB13: =IF(OR('Mapa do Dia'!$A11="",'Calc'!$B3<>"Sala cirúrgica"),"",IF(SUMPRODUCT((Mapa_Sala='Mapa do Dia'!$N11)*(Mapa_Data=Data_Mapa)*(Mapa_MinOcup>0)*(Mapa_RelIni<330)*(Mapa_RelFim>320))>0,2,IF(SUMPRODUCT((Mapa_Sala='Mapa do Dia'!$N11)*(Mapa_Data=Data_Mapa)*(Mapa_MinOcup>0)*(Mapa_RelFim<330)*(Mapa_RelFim+Limpeza_Min>320))>0,1,0))) | BC13: =IF(OR('Mapa do Dia'!$A11="",'Calc'!$B3<>"Sala cirúrgica"),"",IF(SUMPRODUCT((Mapa_Sala='Mapa do Dia'!$N11)*(Mapa_Data=Data_Mapa)*(Mapa_MinOcup>0)*(Mapa_RelIni<340)*(Mapa_RelFim>330))>0,2,IF(SUMPRODUCT((Mapa_Sala='Mapa do Dia'!$N11)*(Mapa_Data=Data_Mapa)*(Mapa_MinOcup>0)*(Mapa_RelFim<340)*(Mapa_RelFim+Limpeza_Min>330))>0,1,0))) | BD13: =IF(OR('Mapa do Dia'!$A11="",'Calc'!$B3<>"Sala cirúrgica"),"",IF(SUMPRODUCT((Mapa_Sala='Mapa do Dia'!$N11)*(Mapa_Data=Data_Mapa)*(Mapa_MinOcup>0)*(Mapa_RelIni<350)*(Mapa_RelFim>340))>0,2,IF(SUMPRODUCT((Mapa_Sala='Mapa do Dia'!$N11)*(Mapa_Data=Data_Mapa)*(Mapa_MinOcup>0)*(Mapa_RelFim<350)*(Mapa_RelFim+Limpeza_Min>340))>0,1,0))) | BE13: =IF(OR('Mapa do Dia'!$A11="",'Calc'!$B3<>"Sala cirúrgica"),"",IF(SUMPRODUCT((Mapa_Sala='Mapa do Dia'!$N11)*(Mapa_Data=Data_Mapa)*(Mapa_MinOcup>0)*(Mapa_RelIni<360)*(Mapa_RelFim>350))>0,2,IF(SUMPRODUCT((Mapa_Sala='Mapa do Dia'!$N11)*(Mapa_Data=Data_Mapa)*(Mapa_MinOcup>0)*(Mapa_RelFim<360)*(Mapa_RelFim+Limpeza_Min>350))>0,1,0))) | BF13: =IF('Mapa do Dia'!$A11="","",'Mapa do Dia'!$F11)
A14: =IF('Mapa do Dia'!$A12="","",'Mapa do Dia'!$A12) | L14: =IF('Mapa do Dia'!$A12="","",IF('Mapa do Dia'!$D12="","(falta escalar)",IFERROR(INDEX(Equipe_Curto,MATCH('Mapa do Dia'!$D12,Equipe_Nome,0)),'Mapa do Dia'!$D12))&IF('Mapa do Dia'!$B12<2,"",IF('Mapa do Dia'!$E12="", " · (falta escalar)"," · "&IFERROR(INDEX(Equipe_Curto,MATCH('Mapa do Dia'!$E12,Equipe_Nome,0)),'Mapa do Dia'!$E12)))) | V14: =IF(OR('Mapa do Dia'!$A12="",'Calc'!$B4<>"Sala cirúrgica"),"",IF(SUMPRODUCT((Mapa_Sala='Mapa do Dia'!$N12)*(Mapa_Data=Data_Mapa)*(Mapa_MinOcup>0)*(Mapa_RelIni<10)*(Mapa_RelFim>0))>0,2,IF(SUMPRODUCT((Mapa_Sala='Mapa do Dia'!$N12)*(Mapa_Data=Data_Mapa)*(Mapa_MinOcup>0)*(Mapa_RelFim<10)*(Mapa_RelFim+Limpeza_Min>0))>0,1,0))) | W14: =IF(OR('Mapa do Dia'!$A12="",'Calc'!$B4<>"Sala cirúrgica"),"",IF(SUMPRODUCT((Mapa_Sala='Mapa do Dia'!$N12)*(Mapa_Data=Data_Mapa)*(Mapa_MinOcup>0)*(Mapa_RelIni<20)*(Mapa_RelFim>10))>0,2,IF(SUMPRODUCT((Mapa_Sala='Mapa do Dia'!$N12)*(Mapa_Data=Data_Mapa)*(Mapa_MinOcup>0)*(Mapa_RelFim<20)*(Mapa_RelFim+Limpeza_Min>10))>0,1,0))) | X14: =IF(OR('Mapa do Dia'!$A12="",'Calc'!$B4<>"Sala cirúrgica"),"",IF(SUMPRODUCT((Mapa_Sala='Mapa do Dia'!$N12)*(Mapa_Data=Data_Mapa)*(Mapa_MinOcup>0)*(Mapa_RelIni<30)*(Mapa_RelFim>20))>0,2,IF(SUMPRODUCT((Mapa_Sala='Mapa do Dia'!$N12)*(Mapa_Data=Data_Mapa)*(Mapa_MinOcup>0)*(Mapa_RelFim<30)*(Mapa_RelFim+Limpeza_Min>20))>0,1,0))) | Y14: =IF(OR('Mapa do Dia'!$A12="",'Calc'!$B4<>"Sala cirúrgica"),"",IF(SUMPRODUCT((Mapa_Sala='Mapa do Dia'!$N12)*(Mapa_Data=Data_Mapa)*(Mapa_MinOcup>0)*(Mapa_RelIni<40)*(Mapa_RelFim>30))>0,2,IF(SUMPRODUCT((Mapa_Sala='Mapa do Dia'!$N12)*(Mapa_Data=Data_Mapa)*(Mapa_MinOcup>0)*(Mapa_RelFim<40)*(Mapa_RelFim+Limpeza_Min>30))>0,1,0))) | Z14: =IF(OR('Mapa do Dia'!$A12="",'Calc'!$B4<>"Sala cirúrgica"),"",IF(SUMPRODUCT((Mapa_Sala='Mapa do Dia'!$N12)*(Mapa_Data=Data_Mapa)*(Mapa_MinOcup>0)*(Mapa_RelIni<50)*(Mapa_RelFim>40))>0,2,IF(SUMPRODUCT((Mapa_Sala='Mapa do Dia'!$N12)*(Mapa_Data=Data_Mapa)*(Mapa_MinOcup>0)*(Mapa_RelFim<50)*(Mapa_RelFim+Limpeza_Min>40))>0,1,0))) | AA14: =IF(OR('Mapa do Dia'!$A12="",'Calc'!$B4<>"Sala cirúrgica"),"",IF(SUMPRODUCT((Mapa_Sala='Mapa do Dia'!$N12)*(Mapa_Data=Data_Mapa)*(Mapa_MinOcup>0)*(Mapa_RelIni<60)*(Mapa_RelFim>50))>0,2,IF(SUMPRODUCT((Mapa_Sala='Mapa do Dia'!$N12)*(Mapa_Data=Data_Mapa)*(Mapa_MinOcup>0)*(Mapa_RelFim<60)*(Mapa_RelFim+Limpeza_Min>50))>0,1,0))) | AB14: =IF(OR('Mapa do Dia'!$A12="",'Calc'!$B4<>"Sala cirúrgica"),"",IF(SUMPRODUCT((Mapa_Sala='Mapa do Dia'!$N12)*(Mapa_Data=Data_Mapa)*(Mapa_MinOcup>0)*(Mapa_RelIni<70)*(Mapa_RelFim>60))>0,2,IF(SUMPRODUCT((Mapa_Sala='Mapa do Dia'!$N12)*(Mapa_Data=Data_Mapa)*(Mapa_MinOcup>0)*(Mapa_RelFim<70)*(Mapa_RelFim+Limpeza_Min>60))>0,1,0))) | AC14: =IF(OR('Mapa do Dia'!$A12="",'Calc'!$B4<>"Sala cirúrgica"),"",IF(SUMPRODUCT((Mapa_Sala='Mapa do Dia'!$N12)*(Mapa_Data=Data_Mapa)*(Mapa_MinOcup>0)*(Mapa_RelIni<80)*(Mapa_RelFim>70))>0,2,IF(SUMPRODUCT((Mapa_Sala='Mapa do Dia'!$N12)*(Mapa_Data=Data_Mapa)*(Mapa_MinOcup>0)*(Mapa_RelFim<80)*(Mapa_RelFim+Limpeza_Min>70))>0,1,0))) | AD14: =IF(OR('Mapa do Dia'!$A12="",'Calc'!$B4<>"Sala cirúrgica"),"",IF(SUMPRODUCT((Mapa_Sala='Mapa do Dia'!$N12)*(Mapa_Data=Data_Mapa)*(Mapa_MinOcup>0)*(Mapa_RelIni<90)*(Mapa_RelFim>80))>0,2,IF(SUMPRODUCT((Mapa_Sala='Mapa do Dia'!$N12)*(Mapa_Data=Data_Mapa)*(Mapa_MinOcup>0)*(Mapa_RelFim<90)*(Mapa_RelFim+Limpeza_Min>80))>0,1,0))) | AE14: =IF(OR('Mapa do Dia'!$A12="",'Calc'!$B4<>"Sala cirúrgica"),"",IF(SUMPRODUCT((Mapa_Sala='Mapa do Dia'!$N12)*(Mapa_Data=Data_Mapa)*(Mapa_MinOcup>0)*(Mapa_RelIni<100)*(Mapa_RelFim>90))>0,2,IF(SUMPRODUCT((Mapa_Sala='Mapa do Dia'!$N12)*(Mapa_Data=Data_Mapa)*(Mapa_MinOcup>0)*(Mapa_RelFim<100)*(Mapa_RelFim+Limpeza_Min>90))>0,1,0))) | AF14: =IF(OR('Mapa do Dia'!$A12="",'Calc'!$B4<>"Sala cirúrgica"),"",IF(SUMPRODUCT((Mapa_Sala='Mapa do Dia'!$N12)*(Mapa_Data=Data_Mapa)*(Mapa_MinOcup>0)*(Mapa_RelIni<110)*(Mapa_RelFim>100))>0,2,IF(SUMPRODUCT((Mapa_Sala='Mapa do Dia'!$N12)*(Mapa_Data=Data_Mapa)*(Mapa_MinOcup>0)*(Mapa_RelFim<110)*(Mapa_RelFim+Limpeza_Min>100))>0,1,0))) | AG14: =IF(OR('Mapa do Dia'!$A12="",'Calc'!$B4<>"Sala cirúrgica"),"",IF(SUMPRODUCT((Mapa_Sala='Mapa do Dia'!$N12)*(Mapa_Data=Data_Mapa)*(Mapa_MinOcup>0)*(Mapa_RelIni<120)*(Mapa_RelFim>110))>0,2,IF(SUMPRODUCT((Mapa_Sala='Mapa do Dia'!$N12)*(Mapa_Data=Data_Mapa)*(Mapa_MinOcup>0)*(Mapa_RelFim<120)*(Mapa_RelFim+Limpeza_Min>110))>0,1,0))) | AH14: =IF(OR('Mapa do Dia'!$A12="",'Calc'!$B4<>"Sala cirúrgica"),"",IF(SUMPRODUCT((Mapa_Sala='Mapa do Dia'!$N12)*(Mapa_Data=Data_Mapa)*(Mapa_MinOcup>0)*(Mapa_RelIni<130)*(Mapa_RelFim>120))>0,2,IF(SUMPRODUCT((Mapa_Sala='Mapa do Dia'!$N12)*(Mapa_Data=Data_Mapa)*(Mapa_MinOcup>0)*(Mapa_RelFim<130)*(Mapa_RelFim+Limpeza_Min>120))>0,1,0))) | AI14: =IF(OR('Mapa do Dia'!$A12="",'Calc'!$B4<>"Sala cirúrgica"),"",IF(SUMPRODUCT((Mapa_Sala='Mapa do Dia'!$N12)*(Mapa_Data=Data_Mapa)*(Mapa_MinOcup>0)*(Mapa_RelIni<140)*(Mapa_RelFim>130))>0,2,IF(SUMPRODUCT((Mapa_Sala='Mapa do Dia'!$N12)*(Mapa_Data=Data_Mapa)*(Mapa_MinOcup>0)*(Mapa_RelFim<140)*(Mapa_RelFim+Limpeza_Min>130))>0,1,0))) | AJ14: =IF(OR('Mapa do Dia'!$A12="",'Calc'!$B4<>"Sala cirúrgica"),"",IF(SUMPRODUCT((Mapa_Sala='Mapa do Dia'!$N12)*(Mapa_Data=Data_Mapa)*(Mapa_MinOcup>0)*(Mapa_RelIni<150)*(Mapa_RelFim>140))>0,2,IF(SUMPRODUCT((Mapa_Sala='Mapa do Dia'!$N12)*(Mapa_Data=Data_Mapa)*(Mapa_MinOcup>0)*(Mapa_RelFim<150)*(Mapa_RelFim+Limpeza_Min>140))>0,1,0))) | AK14: =IF(OR('Mapa do Dia'!$A12="",'Calc'!$B4<>"Sala cirúrgica"),"",IF(SUMPRODUCT((Mapa_Sala='Mapa do Dia'!$N12)*(Mapa_Data=Data_Mapa)*(Mapa_MinOcup>0)*(Mapa_RelIni<160)*(Mapa_RelFim>150))>0,2,IF(SUMPRODUCT((Mapa_Sala='Mapa do Dia'!$N12)*(Mapa_Data=Data_Mapa)*(Mapa_MinOcup>0)*(Mapa_RelFim<160)*(Mapa_RelFim+Limpeza_Min>150))>0,1,0))) | AL14: =IF(OR('Mapa do Dia'!$A12="",'Calc'!$B4<>"Sala cirúrgica"),"",IF(SUMPRODUCT((Mapa_Sala='Mapa do Dia'!$N12)*(Mapa_Data=Data_Mapa)*(Mapa_MinOcup>0)*(Mapa_RelIni<170)*(Mapa_RelFim>160))>0,2,IF(SUMPRODUCT((Mapa_Sala='Mapa do Dia'!$N12)*(Mapa_Data=Data_Mapa)*(Mapa_MinOcup>0)*(Mapa_RelFim<170)*(Mapa_RelFim+Limpeza_Min>160))>0,1,0))) | AM14: =IF(OR('Mapa do Dia'!$A12="",'Calc'!$B4<>"Sala cirúrgica"),"",IF(SUMPRODUCT((Mapa_Sala='Mapa do Dia'!$N12)*(Mapa_Data=Data_Mapa)*(Mapa_MinOcup>0)*(Mapa_RelIni<180)*(Mapa_RelFim>170))>0,2,IF(SUMPRODUCT((Mapa_Sala='Mapa do Dia'!$N12)*(Mapa_Data=Data_Mapa)*(Mapa_MinOcup>0)*(Mapa_RelFim<180)*(Mapa_RelFim+Limpeza_Min>170))>0,1,0))) | AN14: =IF(OR('Mapa do Dia'!$A12="",'Calc'!$B4<>"Sala cirúrgica"),"",IF(SUMPRODUCT((Mapa_Sala='Mapa do Dia'!$N12)*(Mapa_Data=Data_Mapa)*(Mapa_MinOcup>0)*(Mapa_RelIni<190)*(Mapa_RelFim>180))>0,2,IF(SUMPRODUCT((Mapa_Sala='Mapa do Dia'!$N12)*(Mapa_Data=Data_Mapa)*(Mapa_MinOcup>0)*(Mapa_RelFim<190)*(Mapa_RelFim+Limpeza_Min>180))>0,1,0))) | AO14: =IF(OR('Mapa do Dia'!$A12="",'Calc'!$B4<>"Sala cirúrgica"),"",IF(SUMPRODUCT((Mapa_Sala='Mapa do Dia'!$N12)*(Mapa_Data=Data_Mapa)*(Mapa_MinOcup>0)*(Mapa_RelIni<200)*(Mapa_RelFim>190))>0,2,IF(SUMPRODUCT((Mapa_Sala='Mapa do Dia'!$N12)*(Mapa_Data=Data_Mapa)*(Mapa_MinOcup>0)*(Mapa_RelFim<200)*(Mapa_RelFim+Limpeza_Min>190))>0,1,0))) | AP14: =IF(OR('Mapa do Dia'!$A12="",'Calc'!$B4<>"Sala cirúrgica"),"",IF(SUMPRODUCT((Mapa_Sala='Mapa do Dia'!$N12)*(Mapa_Data=Data_Mapa)*(Mapa_MinOcup>0)*(Mapa_RelIni<210)*(Mapa_RelFim>200))>0,2,IF(SUMPRODUCT((Mapa_Sala='Mapa do Dia'!$N12)*(Mapa_Data=Data_Mapa)*(Mapa_MinOcup>0)*(Mapa_RelFim<210)*(Mapa_RelFim+Limpeza_Min>200))>0,1,0))) | AQ14: =IF(OR('Mapa do Dia'!$A12="",'Calc'!$B4<>"Sala cirúrgica"),"",IF(SUMPRODUCT((Mapa_Sala='Mapa do Dia'!$N12)*(Mapa_Data=Data_Mapa)*(Mapa_MinOcup>0)*(Mapa_RelIni<220)*(Mapa_RelFim>210))>0,2,IF(SUMPRODUCT((Mapa_Sala='Mapa do Dia'!$N12)*(Mapa_Data=Data_Mapa)*(Mapa_MinOcup>0)*(Mapa_RelFim<220)*(Mapa_RelFim+Limpeza_Min>210))>0,1,0))) | AR14: =IF(OR('Mapa do Dia'!$A12="",'Calc'!$B4<>"Sala cirúrgica"),"",IF(SUMPRODUCT((Mapa_Sala='Mapa do Dia'!$N12)*(Mapa_Data=Data_Mapa)*(Mapa_MinOcup>0)*(Mapa_RelIni<230)*(Mapa_RelFim>220))>0,2,IF(SUMPRODUCT((Mapa_Sala='Mapa do Dia'!$N12)*(Mapa_Data=Data_Mapa)*(Mapa_MinOcup>0)*(Mapa_RelFim<230)*(Mapa_RelFim+Limpeza_Min>220))>0,1,0))) | AS14: =IF(OR('Mapa do Dia'!$A12="",'Calc'!$B4<>"Sala cirúrgica"),"",IF(SUMPRODUCT((Mapa_Sala='Mapa do Dia'!$N12)*(Mapa_Data=Data_Mapa)*(Mapa_MinOcup>0)*(Mapa_RelIni<240)*(Mapa_RelFim>230))>0,2,IF(SUMPRODUCT((Mapa_Sala='Mapa do Dia'!$N12)*(Mapa_Data=Data_Mapa)*(Mapa_MinOcup>0)*(Mapa_RelFim<240)*(Mapa_RelFim+Limpeza_Min>230))>0,1,0))) | AT14: =IF(OR('Mapa do Dia'!$A12="",'Calc'!$B4<>"Sala cirúrgica"),"",IF(SUMPRODUCT((Mapa_Sala='Mapa do Dia'!$N12)*(Mapa_Data=Data_Mapa)*(Mapa_MinOcup>0)*(Mapa_RelIni<250)*(Mapa_RelFim>240))>0,2,IF(SUMPRODUCT((Mapa_Sala='Mapa do Dia'!$N12)*(Mapa_Data=Data_Mapa)*(Mapa_MinOcup>0)*(Mapa_RelFim<250)*(Mapa_RelFim+Limpeza_Min>240))>0,1,0))) | AU14: =IF(OR('Mapa do Dia'!$A12="",'Calc'!$B4<>"Sala cirúrgica"),"",IF(SUMPRODUCT((Mapa_Sala='Mapa do Dia'!$N12)*(Mapa_Data=Data_Mapa)*(Mapa_MinOcup>0)*(Mapa_RelIni<260)*(Mapa_RelFim>250))>0,2,IF(SUMPRODUCT((Mapa_Sala='Mapa do Dia'!$N12)*(Mapa_Data=Data_Mapa)*(Mapa_MinOcup>0)*(Mapa_RelFim<260)*(Mapa_RelFim+Limpeza_Min>250))>0,1,0))) | AV14: =IF(OR('Mapa do Dia'!$A12="",'Calc'!$B4<>"Sala cirúrgica"),"",IF(SUMPRODUCT((Mapa_Sala='Mapa do Dia'!$N12)*(Mapa_Data=Data_Mapa)*(Mapa_MinOcup>0)*(Mapa_RelIni<270)*(Mapa_RelFim>260))>0,2,IF(SUMPRODUCT((Mapa_Sala='Mapa do Dia'!$N12)*(Mapa_Data=Data_Mapa)*(Mapa_MinOcup>0)*(Mapa_RelFim<270)*(Mapa_RelFim+Limpeza_Min>260))>0,1,0))) | AW14: =IF(OR('Mapa do Dia'!$A12="",'Calc'!$B4<>"Sala cirúrgica"),"",IF(SUMPRODUCT((Mapa_Sala='Mapa do Dia'!$N12)*(Mapa_Data=Data_Mapa)*(Mapa_MinOcup>0)*(Mapa_RelIni<280)*(Mapa_RelFim>270))>0,2,IF(SUMPRODUCT((Mapa_Sala='Mapa do Dia'!$N12)*(Mapa_Data=Data_Mapa)*(Mapa_MinOcup>0)*(Mapa_RelFim<280)*(Mapa_RelFim+Limpeza_Min>270))>0,1,0))) | AX14: =IF(OR('Mapa do Dia'!$A12="",'Calc'!$B4<>"Sala cirúrgica"),"",IF(SUMPRODUCT((Mapa_Sala='Mapa do Dia'!$N12)*(Mapa_Data=Data_Mapa)*(Mapa_MinOcup>0)*(Mapa_RelIni<290)*(Mapa_RelFim>280))>0,2,IF(SUMPRODUCT((Mapa_Sala='Mapa do Dia'!$N12)*(Mapa_Data=Data_Mapa)*(Mapa_MinOcup>0)*(Mapa_RelFim<290)*(Mapa_RelFim+Limpeza_Min>280))>0,1,0))) | AY14: =IF(OR('Mapa do Dia'!$A12="",'Calc'!$B4<>"Sala cirúrgica"),"",IF(SUMPRODUCT((Mapa_Sala='Mapa do Dia'!$N12)*(Mapa_Data=Data_Mapa)*(Mapa_MinOcup>0)*(Mapa_RelIni<300)*(Mapa_RelFim>290))>0,2,IF(SUMPRODUCT((Mapa_Sala='Mapa do Dia'!$N12)*(Mapa_Data=Data_Mapa)*(Mapa_MinOcup>0)*(Mapa_RelFim<300)*(Mapa_RelFim+Limpeza_Min>290))>0,1,0))) | AZ14: =IF(OR('Mapa do Dia'!$A12="",'Calc'!$B4<>"Sala cirúrgica"),"",IF(SUMPRODUCT((Mapa_Sala='Mapa do Dia'!$N12)*(Mapa_Data=Data_Mapa)*(Mapa_MinOcup>0)*(Mapa_RelIni<310)*(Mapa_RelFim>300))>0,2,IF(SUMPRODUCT((Mapa_Sala='Mapa do Dia'!$N12)*(Mapa_Data=Data_Mapa)*(Mapa_MinOcup>0)*(Mapa_RelFim<310)*(Mapa_RelFim+Limpeza_Min>300))>0,1,0))) | BA14: =IF(OR('Mapa do Dia'!$A12="",'Calc'!$B4<>"Sala cirúrgica"),"",IF(SUMPRODUCT((Mapa_Sala='Mapa do Dia'!$N12)*(Mapa_Data=Data_Mapa)*(Mapa_MinOcup>0)*(Mapa_RelIni<320)*(Mapa_RelFim>310))>0,2,IF(SUMPRODUCT((Mapa_Sala='Mapa do Dia'!$N12)*(Mapa_Data=Data_Mapa)*(Mapa_MinOcup>0)*(Mapa_RelFim<320)*(Mapa_RelFim+Limpeza_Min>310))>0,1,0))) | BB14: =IF(OR('Mapa do Dia'!$A12="",'Calc'!$B4<>"Sala cirúrgica"),"",IF(SUMPRODUCT((Mapa_Sala='Mapa do Dia'!$N12)*(Mapa_Data=Data_Mapa)*(Mapa_MinOcup>0)*(Mapa_RelIni<330)*(Mapa_RelFim>320))>0,2,IF(SUMPRODUCT((Mapa_Sala='Mapa do Dia'!$N12)*(Mapa_Data=Data_Mapa)*(Mapa_MinOcup>0)*(Mapa_RelFim<330)*(Mapa_RelFim+Limpeza_Min>320))>0,1,0))) | BC14: =IF(OR('Mapa do Dia'!$A12="",'Calc'!$B4<>"Sala cirúrgica"),"",IF(SUMPRODUCT((Mapa_Sala='Mapa do Dia'!$N12)*(Mapa_Data=Data_Mapa)*(Mapa_MinOcup>0)*(Mapa_RelIni<340)*(Mapa_RelFim>330))>0,2,IF(SUMPRODUCT((Mapa_Sala='Mapa do Dia'!$N12)*(Mapa_Data=Data_Mapa)*(Mapa_MinOcup>0)*(Mapa_RelFim<340)*(Mapa_RelFim+Limpeza_Min>330))>0,1,0))) | BD14: =IF(OR('Mapa do Dia'!$A12="",'Calc'!$B4<>"Sala cirúrgica"),"",IF(SUMPRODUCT((Mapa_Sala='Mapa do Dia'!$N12)*(Mapa_Data=Data_Mapa)*(Mapa_MinOcup>0)*(Mapa_RelIni<350)*(Mapa_RelFim>340))>0,2,IF(SUMPRODUCT((Mapa_Sala='Mapa do Dia'!$N12)*(Mapa_Data=Data_Mapa)*(Mapa_MinOcup>0)*(Mapa_RelFim<350)*(Mapa_RelFim+Limpeza_Min>340))>0,1,0))) | BE14: =IF(OR('Mapa do Dia'!$A12="",'Calc'!$B4<>"Sala cirúrgica"),"",IF(SUMPRODUCT((Mapa_Sala='Mapa do Dia'!$N12)*(Mapa_Data=Data_Mapa)*(Mapa_MinOcup>0)*(Mapa_RelIni<360)*(Mapa_RelFim>350))>0,2,IF(SUMPRODUCT((Mapa_Sala='Mapa do Dia'!$N12)*(Mapa_Data=Data_Mapa)*(Mapa_MinOcup>0)*(Mapa_RelFim<360)*(Mapa_RelFim+Limpeza_Min>350))>0,1,0))) | BF14: =IF('Mapa do Dia'!$A12="","",'Mapa do Dia'!$F12)
A15: =IF('Mapa do Dia'!$A13="","",'Mapa do Dia'!$A13) | L15: =IF('Mapa do Dia'!$A13="","",IF('Mapa do Dia'!$D13="","(falta escalar)",IFERROR(INDEX(Equipe_Curto,MATCH('Mapa do Dia'!$D13,Equipe_Nome,0)),'Mapa do Dia'!$D13))&IF('Mapa do Dia'!$B13<2,"",IF('Mapa do Dia'!$E13="", " · (falta escalar)"," · "&IFERROR(INDEX(Equipe_Curto,MATCH('Mapa do Dia'!$E13,Equipe_Nome,0)),'Mapa do Dia'!$E13)))) | V15: =IF(OR('Mapa do Dia'!$A13="",'Calc'!$B5<>"Sala cirúrgica"),"",IF(SUMPRODUCT((Mapa_Sala='Mapa do Dia'!$N13)*(Mapa_Data=Data_Mapa)*(Mapa_MinOcup>0)*(Mapa_RelIni<10)*(Mapa_RelFim>0))>0,2,IF(SUMPRODUCT((Mapa_Sala='Mapa do Dia'!$N13)*(Mapa_Data=Data_Mapa)*(Mapa_MinOcup>0)*(Mapa_RelFim<10)*(Mapa_RelFim+Limpeza_Min>0))>0,1,0))) | W15: =IF(OR('Mapa do Dia'!$A13="",'Calc'!$B5<>"Sala cirúrgica"),"",IF(SUMPRODUCT((Mapa_Sala='Mapa do Dia'!$N13)*(Mapa_Data=Data_Mapa)*(Mapa_MinOcup>0)*(Mapa_RelIni<20)*(Mapa_RelFim>10))>0,2,IF(SUMPRODUCT((Mapa_Sala='Mapa do Dia'!$N13)*(Mapa_Data=Data_Mapa)*(Mapa_MinOcup>0)*(Mapa_RelFim<20)*(Mapa_RelFim+Limpeza_Min>10))>0,1,0))) | X15: =IF(OR('Mapa do Dia'!$A13="",'Calc'!$B5<>"Sala cirúrgica"),"",IF(SUMPRODUCT((Mapa_Sala='Mapa do Dia'!$N13)*(Mapa_Data=Data_Mapa)*(Mapa_MinOcup>0)*(Mapa_RelIni<30)*(Mapa_RelFim>20))>0,2,IF(SUMPRODUCT((Mapa_Sala='Mapa do Dia'!$N13)*(Mapa_Data=Data_Mapa)*(Mapa_MinOcup>0)*(Mapa_RelFim<30)*(Mapa_RelFim+Limpeza_Min>20))>0,1,0))) | Y15: =IF(OR('Mapa do Dia'!$A13="",'Calc'!$B5<>"Sala cirúrgica"),"",IF(SUMPRODUCT((Mapa_Sala='Mapa do Dia'!$N13)*(Mapa_Data=Data_Mapa)*(Mapa_MinOcup>0)*(Mapa_RelIni<40)*(Mapa_RelFim>30))>0,2,IF(SUMPRODUCT((Mapa_Sala='Mapa do Dia'!$N13)*(Mapa_Data=Data_Mapa)*(Mapa_MinOcup>0)*(Mapa_RelFim<40)*(Mapa_RelFim+Limpeza_Min>30))>0,1,0))) | Z15: =IF(OR('Mapa do Dia'!$A13="",'Calc'!$B5<>"Sala cirúrgica"),"",IF(SUMPRODUCT((Mapa_Sala='Mapa do Dia'!$N13)*(Mapa_Data=Data_Mapa)*(Mapa_MinOcup>0)*(Mapa_RelIni<50)*(Mapa_RelFim>40))>0,2,IF(SUMPRODUCT((Mapa_Sala='Mapa do Dia'!$N13)*(Mapa_Data=Data_Mapa)*(Mapa_MinOcup>0)*(Mapa_RelFim<50)*(Mapa_RelFim+Limpeza_Min>40))>0,1,0))) | AA15: =IF(OR('Mapa do Dia'!$A13="",'Calc'!$B5<>"Sala cirúrgica"),"",IF(SUMPRODUCT((Mapa_Sala='Mapa do Dia'!$N13)*(Mapa_Data=Data_Mapa)*(Mapa_MinOcup>0)*(Mapa_RelIni<60)*(Mapa_RelFim>50))>0,2,IF(SUMPRODUCT((Mapa_Sala='Mapa do Dia'!$N13)*(Mapa_Data=Data_Mapa)*(Mapa_MinOcup>0)*(Mapa_RelFim<60)*(Mapa_RelFim+Limpeza_Min>50))>0,1,0))) | AB15: =IF(OR('Mapa do Dia'!$A13="",'Calc'!$B5<>"Sala cirúrgica"),"",IF(SUMPRODUCT((Mapa_Sala='Mapa do Dia'!$N13)*(Mapa_Data=Data_Mapa)*(Mapa_MinOcup>0)*(Mapa_RelIni<70)*(Mapa_RelFim>60))>0,2,IF(SUMPRODUCT((Mapa_Sala='Mapa do Dia'!$N13)*(Mapa_Data=Data_Mapa)*(Mapa_MinOcup>0)*(Mapa_RelFim<70)*(Mapa_RelFim+Limpeza_Min>60))>0,1,0))) | AC15: =IF(OR('Mapa do Dia'!$A13="",'Calc'!$B5<>"Sala cirúrgica"),"",IF(SUMPRODUCT((Mapa_Sala='Mapa do Dia'!$N13)*(Mapa_Data=Data_Mapa)*(Mapa_MinOcup>0)*(Mapa_RelIni<80)*(Mapa_RelFim>70))>0,2,IF(SUMPRODUCT((Mapa_Sala='Mapa do Dia'!$N13)*(Mapa_Data=Data_Mapa)*(Mapa_MinOcup>0)*(Mapa_RelFim<80)*(Mapa_RelFim+Limpeza_Min>70))>0,1,0))) | AD15: =IF(OR('Mapa do Dia'!$A13="",'Calc'!$B5<>"Sala cirúrgica"),"",IF(SUMPRODUCT((Mapa_Sala='Mapa do Dia'!$N13)*(Mapa_Data=Data_Mapa)*(Mapa_MinOcup>0)*(Mapa_RelIni<90)*(Mapa_RelFim>80))>0,2,IF(SUMPRODUCT((Mapa_Sala='Mapa do Dia'!$N13)*(Mapa_Data=Data_Mapa)*(Mapa_MinOcup>0)*(Mapa_RelFim<90)*(Mapa_RelFim+Limpeza_Min>80))>0,1,0))) | AE15: =IF(OR('Mapa do Dia'!$A13="",'Calc'!$B5<>"Sala cirúrgica"),"",IF(SUMPRODUCT((Mapa_Sala='Mapa do Dia'!$N13)*(Mapa_Data=Data_Mapa)*(Mapa_MinOcup>0)*(Mapa_RelIni<100)*(Mapa_RelFim>90))>0,2,IF(SUMPRODUCT((Mapa_Sala='Mapa do Dia'!$N13)*(Mapa_Data=Data_Mapa)*(Mapa_MinOcup>0)*(Mapa_RelFim<100)*(Mapa_RelFim+Limpeza_Min>90))>0,1,0))) | AF15: =IF(OR('Mapa do Dia'!$A13="",'Calc'!$B5<>"Sala cirúrgica"),"",IF(SUMPRODUCT((Mapa_Sala='Mapa do Dia'!$N13)*(Mapa_Data=Data_Mapa)*(Mapa_MinOcup>0)*(Mapa_RelIni<110)*(Mapa_RelFim>100))>0,2,IF(SUMPRODUCT((Mapa_Sala='Mapa do Dia'!$N13)*(Mapa_Data=Data_Mapa)*(Mapa_MinOcup>0)*(Mapa_RelFim<110)*(Mapa_RelFim+Limpeza_Min>100))>0,1,0))) | AG15: =IF(OR('Mapa do Dia'!$A13="",'Calc'!$B5<>"Sala cirúrgica"),"",IF(SUMPRODUCT((Mapa_Sala='Mapa do Dia'!$N13)*(Mapa_Data=Data_Mapa)*(Mapa_MinOcup>0)*(Mapa_RelIni<120)*(Mapa_RelFim>110))>0,2,IF(SUMPRODUCT((Mapa_Sala='Mapa do Dia'!$N13)*(Mapa_Data=Data_Mapa)*(Mapa_MinOcup>0)*(Mapa_RelFim<120)*(Mapa_RelFim+Limpeza_Min>110))>0,1,0))) | AH15: =IF(OR('Mapa do Dia'!$A13="",'Calc'!$B5<>"Sala cirúrgica"),"",IF(SUMPRODUCT((Mapa_Sala='Mapa do Dia'!$N13)*(Mapa_Data=Data_Mapa)*(Mapa_MinOcup>0)*(Mapa_RelIni<130)*(Mapa_RelFim>120))>0,2,IF(SUMPRODUCT((Mapa_Sala='Mapa do Dia'!$N13)*(Mapa_Data=Data_Mapa)*(Mapa_MinOcup>0)*(Mapa_RelFim<130)*(Mapa_RelFim+Limpeza_Min>120))>0,1,0))) | AI15: =IF(OR('Mapa do Dia'!$A13="",'Calc'!$B5<>"Sala cirúrgica"),"",IF(SUMPRODUCT((Mapa_Sala='Mapa do Dia'!$N13)*(Mapa_Data=Data_Mapa)*(Mapa_MinOcup>0)*(Mapa_RelIni<140)*(Mapa_RelFim>130))>0,2,IF(SUMPRODUCT((Mapa_Sala='Mapa do Dia'!$N13)*(Mapa_Data=Data_Mapa)*(Mapa_MinOcup>0)*(Mapa_RelFim<140)*(Mapa_RelFim+Limpeza_Min>130))>0,1,0))) | AJ15: =IF(OR('Mapa do Dia'!$A13="",'Calc'!$B5<>"Sala cirúrgica"),"",IF(SUMPRODUCT((Mapa_Sala='Mapa do Dia'!$N13)*(Mapa_Data=Data_Mapa)*(Mapa_MinOcup>0)*(Mapa_RelIni<150)*(Mapa_RelFim>140))>0,2,IF(SUMPRODUCT((Mapa_Sala='Mapa do Dia'!$N13)*(Mapa_Data=Data_Mapa)*(Mapa_MinOcup>0)*(Mapa_RelFim<150)*(Mapa_RelFim+Limpeza_Min>140))>0,1,0))) | AK15: =IF(OR('Mapa do Dia'!$A13="",'Calc'!$B5<>"Sala cirúrgica"),"",IF(SUMPRODUCT((Mapa_Sala='Mapa do Dia'!$N13)*(Mapa_Data=Data_Mapa)*(Mapa_MinOcup>0)*(Mapa_RelIni<160)*(Mapa_RelFim>150))>0,2,IF(SUMPRODUCT((Mapa_Sala='Mapa do Dia'!$N13)*(Mapa_Data=Data_Mapa)*(Mapa_MinOcup>0)*(Mapa_RelFim<160)*(Mapa_RelFim+Limpeza_Min>150))>0,1,0))) | AL15: =IF(OR('Mapa do Dia'!$A13="",'Calc'!$B5<>"Sala cirúrgica"),"",IF(SUMPRODUCT((Mapa_Sala='Mapa do Dia'!$N13)*(Mapa_Data=Data_Mapa)*(Mapa_MinOcup>0)*(Mapa_RelIni<170)*(Mapa_RelFim>160))>0,2,IF(SUMPRODUCT((Mapa_Sala='Mapa do Dia'!$N13)*(Mapa_Data=Data_Mapa)*(Mapa_MinOcup>0)*(Mapa_RelFim<170)*(Mapa_RelFim+Limpeza_Min>160))>0,1,0))) | AM15: =IF(OR('Mapa do Dia'!$A13="",'Calc'!$B5<>"Sala cirúrgica"),"",IF(SUMPRODUCT((Mapa_Sala='Mapa do Dia'!$N13)*(Mapa_Data=Data_Mapa)*(Mapa_MinOcup>0)*(Mapa_RelIni<180)*(Mapa_RelFim>170))>0,2,IF(SUMPRODUCT((Mapa_Sala='Mapa do Dia'!$N13)*(Mapa_Data=Data_Mapa)*(Mapa_MinOcup>0)*(Mapa_RelFim<180)*(Mapa_RelFim+Limpeza_Min>170))>0,1,0))) | AN15: =IF(OR('Mapa do Dia'!$A13="",'Calc'!$B5<>"Sala cirúrgica"),"",IF(SUMPRODUCT((Mapa_Sala='Mapa do Dia'!$N13)*(Mapa_Data=Data_Mapa)*(Mapa_MinOcup>0)*(Mapa_RelIni<190)*(Mapa_RelFim>180))>0,2,IF(SUMPRODUCT((Mapa_Sala='Mapa do Dia'!$N13)*(Mapa_Data=Data_Mapa)*(Mapa_MinOcup>0)*(Mapa_RelFim<190)*(Mapa_RelFim+Limpeza_Min>180))>0,1,0))) | AO15: =IF(OR('Mapa do Dia'!$A13="",'Calc'!$B5<>"Sala cirúrgica"),"",IF(SUMPRODUCT((Mapa_Sala='Mapa do Dia'!$N13)*(Mapa_Data=Data_Mapa)*(Mapa_MinOcup>0)*(Mapa_RelIni<200)*(Mapa_RelFim>190))>0,2,IF(SUMPRODUCT((Mapa_Sala='Mapa do Dia'!$N13)*(Mapa_Data=Data_Mapa)*(Mapa_MinOcup>0)*(Mapa_RelFim<200)*(Mapa_RelFim+Limpeza_Min>190))>0,1,0))) | AP15: =IF(OR('Mapa do Dia'!$A13="",'Calc'!$B5<>"Sala cirúrgica"),"",IF(SUMPRODUCT((Mapa_Sala='Mapa do Dia'!$N13)*(Mapa_Data=Data_Mapa)*(Mapa_MinOcup>0)*(Mapa_RelIni<210)*(Mapa_RelFim>200))>0,2,IF(SUMPRODUCT((Mapa_Sala='Mapa do Dia'!$N13)*(Mapa_Data=Data_Mapa)*(Mapa_MinOcup>0)*(Mapa_RelFim<210)*(Mapa_RelFim+Limpeza_Min>200))>0,1,0))) | AQ15: =IF(OR('Mapa do Dia'!$A13="",'Calc'!$B5<>"Sala cirúrgica"),"",IF(SUMPRODUCT((Mapa_Sala='Mapa do Dia'!$N13)*(Mapa_Data=Data_Mapa)*(Mapa_MinOcup>0)*(Mapa_RelIni<220)*(Mapa_RelFim>210))>0,2,IF(SUMPRODUCT((Mapa_Sala='Mapa do Dia'!$N13)*(Mapa_Data=Data_Mapa)*(Mapa_MinOcup>0)*(Mapa_RelFim<220)*(Mapa_RelFim+Limpeza_Min>210))>0,1,0))) | AR15: =IF(OR('Mapa do Dia'!$A13="",'Calc'!$B5<>"Sala cirúrgica"),"",IF(SUMPRODUCT((Mapa_Sala='Mapa do Dia'!$N13)*(Mapa_Data=Data_Mapa)*(Mapa_MinOcup>0)*(Mapa_RelIni<230)*(Mapa_RelFim>220))>0,2,IF(SUMPRODUCT((Mapa_Sala='Mapa do Dia'!$N13)*(Mapa_Data=Data_Mapa)*(Mapa_MinOcup>0)*(Mapa_RelFim<230)*(Mapa_RelFim+Limpeza_Min>220))>0,1,0))) | AS15: =IF(OR('Mapa do Dia'!$A13="",'Calc'!$B5<>"Sala cirúrgica"),"",IF(SUMPRODUCT((Mapa_Sala='Mapa do Dia'!$N13)*(Mapa_Data=Data_Mapa)*(Mapa_MinOcup>0)*(Mapa_RelIni<240)*(Mapa_RelFim>230))>0,2,IF(SUMPRODUCT((Mapa_Sala='Mapa do Dia'!$N13)*(Mapa_Data=Data_Mapa)*(Mapa_MinOcup>0)*(Mapa_RelFim<240)*(Mapa_RelFim+Limpeza_Min>230))>0,1,0))) | AT15: =IF(OR('Mapa do Dia'!$A13="",'Calc'!$B5<>"Sala cirúrgica"),"",IF(SUMPRODUCT((Mapa_Sala='Mapa do Dia'!$N13)*(Mapa_Data=Data_Mapa)*(Mapa_MinOcup>0)*(Mapa_RelIni<250)*(Mapa_RelFim>240))>0,2,IF(SUMPRODUCT((Mapa_Sala='Mapa do Dia'!$N13)*(Mapa_Data=Data_Mapa)*(Mapa_MinOcup>0)*(Mapa_RelFim<250)*(Mapa_RelFim+Limpeza_Min>240))>0,1,0))) | AU15: =IF(OR('Mapa do Dia'!$A13="",'Calc'!$B5<>"Sala cirúrgica"),"",IF(SUMPRODUCT((Mapa_Sala='Mapa do Dia'!$N13)*(Mapa_Data=Data_Mapa)*(Mapa_MinOcup>0)*(Mapa_RelIni<260)*(Mapa_RelFim>250))>0,2,IF(SUMPRODUCT((Mapa_Sala='Mapa do Dia'!$N13)*(Mapa_Data=Data_Mapa)*(Mapa_MinOcup>0)*(Mapa_RelFim<260)*(Mapa_RelFim+Limpeza_Min>250))>0,1,0))) | AV15: =IF(OR('Mapa do Dia'!$A13="",'Calc'!$B5<>"Sala cirúrgica"),"",IF(SUMPRODUCT((Mapa_Sala='Mapa do Dia'!$N13)*(Mapa_Data=Data_Mapa)*(Mapa_MinOcup>0)*(Mapa_RelIni<270)*(Mapa_RelFim>260))>0,2,IF(SUMPRODUCT((Mapa_Sala='Mapa do Dia'!$N13)*(Mapa_Data=Data_Mapa)*(Mapa_MinOcup>0)*(Mapa_RelFim<270)*(Mapa_RelFim+Limpeza_Min>260))>0,1,0))) | AW15: =IF(OR('Mapa do Dia'!$A13="",'Calc'!$B5<>"Sala cirúrgica"),"",IF(SUMPRODUCT((Mapa_Sala='Mapa do Dia'!$N13)*(Mapa_Data=Data_Mapa)*(Mapa_MinOcup>0)*(Mapa_RelIni<280)*(Mapa_RelFim>270))>0,2,IF(SUMPRODUCT((Mapa_Sala='Mapa do Dia'!$N13)*(Mapa_Data=Data_Mapa)*(Mapa_MinOcup>0)*(Mapa_RelFim<280)*(Mapa_RelFim+Limpeza_Min>270))>0,1,0))) | AX15: =IF(OR('Mapa do Dia'!$A13="",'Calc'!$B5<>"Sala cirúrgica"),"",IF(SUMPRODUCT((Mapa_Sala='Mapa do Dia'!$N13)*(Mapa_Data=Data_Mapa)*(Mapa_MinOcup>0)*(Mapa_RelIni<290)*(Mapa_RelFim>280))>0,2,IF(SUMPRODUCT((Mapa_Sala='Mapa do Dia'!$N13)*(Mapa_Data=Data_Mapa)*(Mapa_MinOcup>0)*(Mapa_RelFim<290)*(Mapa_RelFim+Limpeza_Min>280))>0,1,0))) | AY15: =IF(OR('Mapa do Dia'!$A13="",'Calc'!$B5<>"Sala cirúrgica"),"",IF(SUMPRODUCT((Mapa_Sala='Mapa do Dia'!$N13)*(Mapa_Data=Data_Mapa)*(Mapa_MinOcup>0)*(Mapa_RelIni<300)*(Mapa_RelFim>290))>0,2,IF(SUMPRODUCT((Mapa_Sala='Mapa do Dia'!$N13)*(Mapa_Data=Data_Mapa)*(Mapa_MinOcup>0)*(Mapa_RelFim<300)*(Mapa_RelFim+Limpeza_Min>290))>0,1,0))) | AZ15: =IF(OR('Mapa do Dia'!$A13="",'Calc'!$B5<>"Sala cirúrgica"),"",IF(SUMPRODUCT((Mapa_Sala='Mapa do Dia'!$N13)*(Mapa_Data=Data_Mapa)*(Mapa_MinOcup>0)*(Mapa_RelIni<310)*(Mapa_RelFim>300))>0,2,IF(SUMPRODUCT((Mapa_Sala='Mapa do Dia'!$N13)*(Mapa_Data=Data_Mapa)*(Mapa_MinOcup>0)*(Mapa_RelFim<310)*(Mapa_RelFim+Limpeza_Min>300))>0,1,0))) | BA15: =IF(OR('Mapa do Dia'!$A13="",'Calc'!$B5<>"Sala cirúrgica"),"",IF(SUMPRODUCT((Mapa_Sala='Mapa do Dia'!$N13)*(Mapa_Data=Data_Mapa)*(Mapa_MinOcup>0)*(Mapa_RelIni<320)*(Mapa_RelFim>310))>0,2,IF(SUMPRODUCT((Mapa_Sala='Mapa do Dia'!$N13)*(Mapa_Data=Data_Mapa)*(Mapa_MinOcup>0)*(Mapa_RelFim<320)*(Mapa_RelFim+Limpeza_Min>310))>0,1,0))) | BB15: =IF(OR('Mapa do Dia'!$A13="",'Calc'!$B5<>"Sala cirúrgica"),"",IF(SUMPRODUCT((Mapa_Sala='Mapa do Dia'!$N13)*(Mapa_Data=Data_Mapa)*(Mapa_MinOcup>0)*(Mapa_RelIni<330)*(Mapa_RelFim>320))>0,2,IF(SUMPRODUCT((Mapa_Sala='Mapa do Dia'!$N13)*(Mapa_Data=Data_Mapa)*(Mapa_MinOcup>0)*(Mapa_RelFim<330)*(Mapa_RelFim+Limpeza_Min>320))>0,1,0))) | BC15: =IF(OR('Mapa do Dia'!$A13="",'Calc'!$B5<>"Sala cirúrgica"),"",IF(SUMPRODUCT((Mapa_Sala='Mapa do Dia'!$N13)*(Mapa_Data=Data_Mapa)*(Mapa_MinOcup>0)*(Mapa_RelIni<340)*(Mapa_RelFim>330))>0,2,IF(SUMPRODUCT((Mapa_Sala='Mapa do Dia'!$N13)*(Mapa_Data=Data_Mapa)*(Mapa_MinOcup>0)*(Mapa_RelFim<340)*(Mapa_RelFim+Limpeza_Min>330))>0,1,0))) | BD15: =IF(OR('Mapa do Dia'!$A13="",'Calc'!$B5<>"Sala cirúrgica"),"",IF(SUMPRODUCT((Mapa_Sala='Mapa do Dia'!$N13)*(Mapa_Data=Data_Mapa)*(Mapa_MinOcup>0)*(Mapa_RelIni<350)*(Mapa_RelFim>340))>0,2,IF(SUMPRODUCT((Mapa_Sala='Mapa do Dia'!$N13)*(Mapa_Data=Data_Mapa)*(Mapa_MinOcup>0)*(Mapa_RelFim<350)*(Mapa_RelFim+Limpeza_Min>340))>0,1,0))) | BE15: =IF(OR('Mapa do Dia'!$A13="",'Calc'!$B5<>"Sala cirúrgica"),"",IF(SUMPRODUCT((Mapa_Sala='Mapa do Dia'!$N13)*(Mapa_Data=Data_Mapa)*(Mapa_MinOcup>0)*(Mapa_RelIni<360)*(Mapa_RelFim>350))>0,2,IF(SUMPRODUCT((Mapa_Sala='Mapa do Dia'!$N13)*(Mapa_Data=Data_Mapa)*(Mapa_MinOcup>0)*(Mapa_RelFim<360)*(Mapa_RelFim+Limpeza_Min>350))>0,1,0))) | BF15: =IF('Mapa do Dia'!$A13="","",'Mapa do Dia'!$F13)
A16: =IF('Mapa do Dia'!$A14="","",'Mapa do Dia'!$A14) | L16: =IF('Mapa do Dia'!$A14="","",IF('Mapa do Dia'!$D14="","(falta escalar)",IFERROR(INDEX(Equipe_Curto,MATCH('Mapa do Dia'!$D14,Equipe_Nome,0)),'Mapa do Dia'!$D14))&IF('Mapa do Dia'!$B14<2,"",IF('Mapa do Dia'!$E14="", " · (falta escalar)"," · "&IFERROR(INDEX(Equipe_Curto,MATCH('Mapa do Dia'!$E14,Equipe_Nome,0)),'Mapa do Dia'!$E14)))) | V16: =IF(OR('Mapa do Dia'!$A14="",'Calc'!$B6<>"Sala cirúrgica"),"",IF(SUMPRODUCT((Mapa_Sala='Mapa do Dia'!$N14)*(Mapa_Data=Data_Mapa)*(Mapa_MinOcup>0)*(Mapa_RelIni<10)*(Mapa_RelFim>0))>0,2,IF(SUMPRODUCT((Mapa_Sala='Mapa do Dia'!$N14)*(Mapa_Data=Data_Mapa)*(Mapa_MinOcup>0)*(Mapa_RelFim<10)*(Mapa_RelFim+Limpeza_Min>0))>0,1,0))) | W16: =IF(OR('Mapa do Dia'!$A14="",'Calc'!$B6<>"Sala cirúrgica"),"",IF(SUMPRODUCT((Mapa_Sala='Mapa do Dia'!$N14)*(Mapa_Data=Data_Mapa)*(Mapa_MinOcup>0)*(Mapa_RelIni<20)*(Mapa_RelFim>10))>0,2,IF(SUMPRODUCT((Mapa_Sala='Mapa do Dia'!$N14)*(Mapa_Data=Data_Mapa)*(Mapa_MinOcup>0)*(Mapa_RelFim<20)*(Mapa_RelFim+Limpeza_Min>10))>0,1,0))) | X16: =IF(OR('Mapa do Dia'!$A14="",'Calc'!$B6<>"Sala cirúrgica"),"",IF(SUMPRODUCT((Mapa_Sala='Mapa do Dia'!$N14)*(Mapa_Data=Data_Mapa)*(Mapa_MinOcup>0)*(Mapa_RelIni<30)*(Mapa_RelFim>20))>0,2,IF(SUMPRODUCT((Mapa_Sala='Mapa do Dia'!$N14)*(Mapa_Data=Data_Mapa)*(Mapa_MinOcup>0)*(Mapa_RelFim<30)*(Mapa_RelFim+Limpeza_Min>20))>0,1,0))) | Y16: =IF(OR('Mapa do Dia'!$A14="",'Calc'!$B6<>"Sala cirúrgica"),"",IF(SUMPRODUCT((Mapa_Sala='Mapa do Dia'!$N14)*(Mapa_Data=Data_Mapa)*(Mapa_MinOcup>0)*(Mapa_RelIni<40)*(Mapa_RelFim>30))>0,2,IF(SUMPRODUCT((Mapa_Sala='Mapa do Dia'!$N14)*(Mapa_Data=Data_Mapa)*(Mapa_MinOcup>0)*(Mapa_RelFim<40)*(Mapa_RelFim+Limpeza_Min>30))>0,1,0))) | Z16: =IF(OR('Mapa do Dia'!$A14="",'Calc'!$B6<>"Sala cirúrgica"),"",IF(SUMPRODUCT((Mapa_Sala='Mapa do Dia'!$N14)*(Mapa_Data=Data_Mapa)*(Mapa_MinOcup>0)*(Mapa_RelIni<50)*(Mapa_RelFim>40))>0,2,IF(SUMPRODUCT((Mapa_Sala='Mapa do Dia'!$N14)*(Mapa_Data=Data_Mapa)*(Mapa_MinOcup>0)*(Mapa_RelFim<50)*(Mapa_RelFim+Limpeza_Min>40))>0,1,0))) | AA16: =IF(OR('Mapa do Dia'!$A14="",'Calc'!$B6<>"Sala cirúrgica"),"",IF(SUMPRODUCT((Mapa_Sala='Mapa do Dia'!$N14)*(Mapa_Data=Data_Mapa)*(Mapa_MinOcup>0)*(Mapa_RelIni<60)*(Mapa_RelFim>50))>0,2,IF(SUMPRODUCT((Mapa_Sala='Mapa do Dia'!$N14)*(Mapa_Data=Data_Mapa)*(Mapa_MinOcup>0)*(Mapa_RelFim<60)*(Mapa_RelFim+Limpeza_Min>50))>0,1,0))) | AB16: =IF(OR('Mapa do Dia'!$A14="",'Calc'!$B6<>"Sala cirúrgica"),"",IF(SUMPRODUCT((Mapa_Sala='Mapa do Dia'!$N14)*(Mapa_Data=Data_Mapa)*(Mapa_MinOcup>0)*(Mapa_RelIni<70)*(Mapa_RelFim>60))>0,2,IF(SUMPRODUCT((Mapa_Sala='Mapa do Dia'!$N14)*(Mapa_Data=Data_Mapa)*(Mapa_MinOcup>0)*(Mapa_RelFim<70)*(Mapa_RelFim+Limpeza_Min>60))>0,1,0))) | AC16: =IF(OR('Mapa do Dia'!$A14="",'Calc'!$B6<>"Sala cirúrgica"),"",IF(SUMPRODUCT((Mapa_Sala='Mapa do Dia'!$N14)*(Mapa_Data=Data_Mapa)*(Mapa_MinOcup>0)*(Mapa_RelIni<80)*(Mapa_RelFim>70))>0,2,IF(SUMPRODUCT((Mapa_Sala='Mapa do Dia'!$N14)*(Mapa_Data=Data_Mapa)*(Mapa_MinOcup>0)*(Mapa_RelFim<80)*(Mapa_RelFim+Limpeza_Min>70))>0,1,0))) | AD16: =IF(OR('Mapa do Dia'!$A14="",'Calc'!$B6<>"Sala cirúrgica"),"",IF(SUMPRODUCT((Mapa_Sala='Mapa do Dia'!$N14)*(Mapa_Data=Data_Mapa)*(Mapa_MinOcup>0)*(Mapa_RelIni<90)*(Mapa_RelFim>80))>0,2,IF(SUMPRODUCT((Mapa_Sala='Mapa do Dia'!$N14)*(Mapa_Data=Data_Mapa)*(Mapa_MinOcup>0)*(Mapa_RelFim<90)*(Mapa_RelFim+Limpeza_Min>80))>0,1,0))) | AE16: =IF(OR('Mapa do Dia'!$A14="",'Calc'!$B6<>"Sala cirúrgica"),"",IF(SUMPRODUCT((Mapa_Sala='Mapa do Dia'!$N14)*(Mapa_Data=Data_Mapa)*(Mapa_MinOcup>0)*(Mapa_RelIni<100)*(Mapa_RelFim>90))>0,2,IF(SUMPRODUCT((Mapa_Sala='Mapa do Dia'!$N14)*(Mapa_Data=Data_Mapa)*(Mapa_MinOcup>0)*(Mapa_RelFim<100)*(Mapa_RelFim+Limpeza_Min>90))>0,1,0))) | AF16: =IF(OR('Mapa do Dia'!$A14="",'Calc'!$B6<>"Sala cirúrgica"),"",IF(SUMPRODUCT((Mapa_Sala='Mapa do Dia'!$N14)*(Mapa_Data=Data_Mapa)*(Mapa_MinOcup>0)*(Mapa_RelIni<110)*(Mapa_RelFim>100))>0,2,IF(SUMPRODUCT((Mapa_Sala='Mapa do Dia'!$N14)*(Mapa_Data=Data_Mapa)*(Mapa_MinOcup>0)*(Mapa_RelFim<110)*(Mapa_RelFim+Limpeza_Min>100))>0,1,0))) | AG16: =IF(OR('Mapa do Dia'!$A14="",'Calc'!$B6<>"Sala cirúrgica"),"",IF(SUMPRODUCT((Mapa_Sala='Mapa do Dia'!$N14)*(Mapa_Data=Data_Mapa)*(Mapa_MinOcup>0)*(Mapa_RelIni<120)*(Mapa_RelFim>110))>0,2,IF(SUMPRODUCT((Mapa_Sala='Mapa do Dia'!$N14)*(Mapa_Data=Data_Mapa)*(Mapa_MinOcup>0)*(Mapa_RelFim<120)*(Mapa_RelFim+Limpeza_Min>110))>0,1,0))) | AH16: =IF(OR('Mapa do Dia'!$A14="",'Calc'!$B6<>"Sala cirúrgica"),"",IF(SUMPRODUCT((Mapa_Sala='Mapa do Dia'!$N14)*(Mapa_Data=Data_Mapa)*(Mapa_MinOcup>0)*(Mapa_RelIni<130)*(Mapa_RelFim>120))>0,2,IF(SUMPRODUCT((Mapa_Sala='Mapa do Dia'!$N14)*(Mapa_Data=Data_Mapa)*(Mapa_MinOcup>0)*(Mapa_RelFim<130)*(Mapa_RelFim+Limpeza_Min>120))>0,1,0))) | AI16: =IF(OR('Mapa do Dia'!$A14="",'Calc'!$B6<>"Sala cirúrgica"),"",IF(SUMPRODUCT((Mapa_Sala='Mapa do Dia'!$N14)*(Mapa_Data=Data_Mapa)*(Mapa_MinOcup>0)*(Mapa_RelIni<140)*(Mapa_RelFim>130))>0,2,IF(SUMPRODUCT((Mapa_Sala='Mapa do Dia'!$N14)*(Mapa_Data=Data_Mapa)*(Mapa_MinOcup>0)*(Mapa_RelFim<140)*(Mapa_RelFim+Limpeza_Min>130))>0,1,0))) | AJ16: =IF(OR('Mapa do Dia'!$A14="",'Calc'!$B6<>"Sala cirúrgica"),"",IF(SUMPRODUCT((Mapa_Sala='Mapa do Dia'!$N14)*(Mapa_Data=Data_Mapa)*(Mapa_MinOcup>0)*(Mapa_RelIni<150)*(Mapa_RelFim>140))>0,2,IF(SUMPRODUCT((Mapa_Sala='Mapa do Dia'!$N14)*(Mapa_Data=Data_Mapa)*(Mapa_MinOcup>0)*(Mapa_RelFim<150)*(Mapa_RelFim+Limpeza_Min>140))>0,1,0))) | AK16: =IF(OR('Mapa do Dia'!$A14="",'Calc'!$B6<>"Sala cirúrgica"),"",IF(SUMPRODUCT((Mapa_Sala='Mapa do Dia'!$N14)*(Mapa_Data=Data_Mapa)*(Mapa_MinOcup>0)*(Mapa_RelIni<160)*(Mapa_RelFim>150))>0,2,IF(SUMPRODUCT((Mapa_Sala='Mapa do Dia'!$N14)*(Mapa_Data=Data_Mapa)*(Mapa_MinOcup>0)*(Mapa_RelFim<160)*(Mapa_RelFim+Limpeza_Min>150))>0,1,0))) | AL16: =IF(OR('Mapa do Dia'!$A14="",'Calc'!$B6<>"Sala cirúrgica"),"",IF(SUMPRODUCT((Mapa_Sala='Mapa do Dia'!$N14)*(Mapa_Data=Data_Mapa)*(Mapa_MinOcup>0)*(Mapa_RelIni<170)*(Mapa_RelFim>160))>0,2,IF(SUMPRODUCT((Mapa_Sala='Mapa do Dia'!$N14)*(Mapa_Data=Data_Mapa)*(Mapa_MinOcup>0)*(Mapa_RelFim<170)*(Mapa_RelFim+Limpeza_Min>160))>0,1,0))) | AM16: =IF(OR('Mapa do Dia'!$A14="",'Calc'!$B6<>"Sala cirúrgica"),"",IF(SUMPRODUCT((Mapa_Sala='Mapa do Dia'!$N14)*(Mapa_Data=Data_Mapa)*(Mapa_MinOcup>0)*(Mapa_RelIni<180)*(Mapa_RelFim>170))>0,2,IF(SUMPRODUCT((Mapa_Sala='Mapa do Dia'!$N14)*(Mapa_Data=Data_Mapa)*(Mapa_MinOcup>0)*(Mapa_RelFim<180)*(Mapa_RelFim+Limpeza_Min>170))>0,1,0))) | AN16: =IF(OR('Mapa do Dia'!$A14="",'Calc'!$B6<>"Sala cirúrgica"),"",IF(SUMPRODUCT((Mapa_Sala='Mapa do Dia'!$N14)*(Mapa_Data=Data_Mapa)*(Mapa_MinOcup>0)*(Mapa_RelIni<190)*(Mapa_RelFim>180))>0,2,IF(SUMPRODUCT((Mapa_Sala='Mapa do Dia'!$N14)*(Mapa_Data=Data_Mapa)*(Mapa_MinOcup>0)*(Mapa_RelFim<190)*(Mapa_RelFim+Limpeza_Min>180))>0,1,0))) | AO16: =IF(OR('Mapa do Dia'!$A14="",'Calc'!$B6<>"Sala cirúrgica"),"",IF(SUMPRODUCT((Mapa_Sala='Mapa do Dia'!$N14)*(Mapa_Data=Data_Mapa)*(Mapa_MinOcup>0)*(Mapa_RelIni<200)*(Mapa_RelFim>190))>0,2,IF(SUMPRODUCT((Mapa_Sala='Mapa do Dia'!$N14)*(Mapa_Data=Data_Mapa)*(Mapa_MinOcup>0)*(Mapa_RelFim<200)*(Mapa_RelFim+Limpeza_Min>190))>0,1,0))) | AP16: =IF(OR('Mapa do Dia'!$A14="",'Calc'!$B6<>"Sala cirúrgica"),"",IF(SUMPRODUCT((Mapa_Sala='Mapa do Dia'!$N14)*(Mapa_Data=Data_Mapa)*(Mapa_MinOcup>0)*(Mapa_RelIni<210)*(Mapa_RelFim>200))>0,2,IF(SUMPRODUCT((Mapa_Sala='Mapa do Dia'!$N14)*(Mapa_Data=Data_Mapa)*(Mapa_MinOcup>0)*(Mapa_RelFim<210)*(Mapa_RelFim+Limpeza_Min>200))>0,1,0))) | AQ16: =IF(OR('Mapa do Dia'!$A14="",'Calc'!$B6<>"Sala cirúrgica"),"",IF(SUMPRODUCT((Mapa_Sala='Mapa do Dia'!$N14)*(Mapa_Data=Data_Mapa)*(Mapa_MinOcup>0)*(Mapa_RelIni<220)*(Mapa_RelFim>210))>0,2,IF(SUMPRODUCT((Mapa_Sala='Mapa do Dia'!$N14)*(Mapa_Data=Data_Mapa)*(Mapa_MinOcup>0)*(Mapa_RelFim<220)*(Mapa_RelFim+Limpeza_Min>210))>0,1,0))) | AR16: =IF(OR('Mapa do Dia'!$A14="",'Calc'!$B6<>"Sala cirúrgica"),"",IF(SUMPRODUCT((Mapa_Sala='Mapa do Dia'!$N14)*(Mapa_Data=Data_Mapa)*(Mapa_MinOcup>0)*(Mapa_RelIni<230)*(Mapa_RelFim>220))>0,2,IF(SUMPRODUCT((Mapa_Sala='Mapa do Dia'!$N14)*(Mapa_Data=Data_Mapa)*(Mapa_MinOcup>0)*(Mapa_RelFim<230)*(Mapa_RelFim+Limpeza_Min>220))>0,1,0))) | AS16: =IF(OR('Mapa do Dia'!$A14="",'Calc'!$B6<>"Sala cirúrgica"),"",IF(SUMPRODUCT((Mapa_Sala='Mapa do Dia'!$N14)*(Mapa_Data=Data_Mapa)*(Mapa_MinOcup>0)*(Mapa_RelIni<240)*(Mapa_RelFim>230))>0,2,IF(SUMPRODUCT((Mapa_Sala='Mapa do Dia'!$N14)*(Mapa_Data=Data_Mapa)*(Mapa_MinOcup>0)*(Mapa_RelFim<240)*(Mapa_RelFim+Limpeza_Min>230))>0,1,0))) | AT16: =IF(OR('Mapa do Dia'!$A14="",'Calc'!$B6<>"Sala cirúrgica"),"",IF(SUMPRODUCT((Mapa_Sala='Mapa do Dia'!$N14)*(Mapa_Data=Data_Mapa)*(Mapa_MinOcup>0)*(Mapa_RelIni<250)*(Mapa_RelFim>240))>0,2,IF(SUMPRODUCT((Mapa_Sala='Mapa do Dia'!$N14)*(Mapa_Data=Data_Mapa)*(Mapa_MinOcup>0)*(Mapa_RelFim<250)*(Mapa_RelFim+Limpeza_Min>240))>0,1,0))) | AU16: =IF(OR('Mapa do Dia'!$A14="",'Calc'!$B6<>"Sala cirúrgica"),"",IF(SUMPRODUCT((Mapa_Sala='Mapa do Dia'!$N14)*(Mapa_Data=Data_Mapa)*(Mapa_MinOcup>0)*(Mapa_RelIni<260)*(Mapa_RelFim>250))>0,2,IF(SUMPRODUCT((Mapa_Sala='Mapa do Dia'!$N14)*(Mapa_Data=Data_Mapa)*(Mapa_MinOcup>0)*(Mapa_RelFim<260)*(Mapa_RelFim+Limpeza_Min>250))>0,1,0))) | AV16: =IF(OR('Mapa do Dia'!$A14="",'Calc'!$B6<>"Sala cirúrgica"),"",IF(SUMPRODUCT((Mapa_Sala='Mapa do Dia'!$N14)*(Mapa_Data=Data_Mapa)*(Mapa_MinOcup>0)*(Mapa_RelIni<270)*(Mapa_RelFim>260))>0,2,IF(SUMPRODUCT((Mapa_Sala='Mapa do Dia'!$N14)*(Mapa_Data=Data_Mapa)*(Mapa_MinOcup>0)*(Mapa_RelFim<270)*(Mapa_RelFim+Limpeza_Min>260))>0,1,0))) | AW16: =IF(OR('Mapa do Dia'!$A14="",'Calc'!$B6<>"Sala cirúrgica"),"",IF(SUMPRODUCT((Mapa_Sala='Mapa do Dia'!$N14)*(Mapa_Data=Data_Mapa)*(Mapa_MinOcup>0)*(Mapa_RelIni<280)*(Mapa_RelFim>270))>0,2,IF(SUMPRODUCT((Mapa_Sala='Mapa do Dia'!$N14)*(Mapa_Data=Data_Mapa)*(Mapa_MinOcup>0)*(Mapa_RelFim<280)*(Mapa_RelFim+Limpeza_Min>270))>0,1,0))) | AX16: =IF(OR('Mapa do Dia'!$A14="",'Calc'!$B6<>"Sala cirúrgica"),"",IF(SUMPRODUCT((Mapa_Sala='Mapa do Dia'!$N14)*(Mapa_Data=Data_Mapa)*(Mapa_MinOcup>0)*(Mapa_RelIni<290)*(Mapa_RelFim>280))>0,2,IF(SUMPRODUCT((Mapa_Sala='Mapa do Dia'!$N14)*(Mapa_Data=Data_Mapa)*(Mapa_MinOcup>0)*(Mapa_RelFim<290)*(Mapa_RelFim+Limpeza_Min>280))>0,1,0))) | AY16: =IF(OR('Mapa do Dia'!$A14="",'Calc'!$B6<>"Sala cirúrgica"),"",IF(SUMPRODUCT((Mapa_Sala='Mapa do Dia'!$N14)*(Mapa_Data=Data_Mapa)*(Mapa_MinOcup>0)*(Mapa_RelIni<300)*(Mapa_RelFim>290))>0,2,IF(SUMPRODUCT((Mapa_Sala='Mapa do Dia'!$N14)*(Mapa_Data=Data_Mapa)*(Mapa_MinOcup>0)*(Mapa_RelFim<300)*(Mapa_RelFim+Limpeza_Min>290))>0,1,0))) | AZ16: =IF(OR('Mapa do Dia'!$A14="",'Calc'!$B6<>"Sala cirúrgica"),"",IF(SUMPRODUCT((Mapa_Sala='Mapa do Dia'!$N14)*(Mapa_Data=Data_Mapa)*(Mapa_MinOcup>0)*(Mapa_RelIni<310)*(Mapa_RelFim>300))>0,2,IF(SUMPRODUCT((Mapa_Sala='Mapa do Dia'!$N14)*(Mapa_Data=Data_Mapa)*(Mapa_MinOcup>0)*(Mapa_RelFim<310)*(Mapa_RelFim+Limpeza_Min>300))>0,1,0))) | BA16: =IF(OR('Mapa do Dia'!$A14="",'Calc'!$B6<>"Sala cirúrgica"),"",IF(SUMPRODUCT((Mapa_Sala='Mapa do Dia'!$N14)*(Mapa_Data=Data_Mapa)*(Mapa_MinOcup>0)*(Mapa_RelIni<320)*(Mapa_RelFim>310))>0,2,IF(SUMPRODUCT((Mapa_Sala='Mapa do Dia'!$N14)*(Mapa_Data=Data_Mapa)*(Mapa_MinOcup>0)*(Mapa_RelFim<320)*(Mapa_RelFim+Limpeza_Min>310))>0,1,0))) | BB16: =IF(OR('Mapa do Dia'!$A14="",'Calc'!$B6<>"Sala cirúrgica"),"",IF(SUMPRODUCT((Mapa_Sala='Mapa do Dia'!$N14)*(Mapa_Data=Data_Mapa)*(Mapa_MinOcup>0)*(Mapa_RelIni<330)*(Mapa_RelFim>320))>0,2,IF(SUMPRODUCT((Mapa_Sala='Mapa do Dia'!$N14)*(Mapa_Data=Data_Mapa)*(Mapa_MinOcup>0)*(Mapa_RelFim<330)*(Mapa_RelFim+Limpeza_Min>320))>0,1,0))) | BC16: =IF(OR('Mapa do Dia'!$A14="",'Calc'!$B6<>"Sala cirúrgica"),"",IF(SUMPRODUCT((Mapa_Sala='Mapa do Dia'!$N14)*(Mapa_Data=Data_Mapa)*(Mapa_MinOcup>0)*(Mapa_RelIni<340)*(Mapa_RelFim>330))>0,2,IF(SUMPRODUCT((Mapa_Sala='Mapa do Dia'!$N14)*(Mapa_Data=Data_Mapa)*(Mapa_MinOcup>0)*(Mapa_RelFim<340)*(Mapa_RelFim+Limpeza_Min>330))>0,1,0))) | BD16: =IF(OR('Mapa do Dia'!$A14="",'Calc'!$B6<>"Sala cirúrgica"),"",IF(SUMPRODUCT((Mapa_Sala='Mapa do Dia'!$N14)*(Mapa_Data=Data_Mapa)*(Mapa_MinOcup>0)*(Mapa_RelIni<350)*(Mapa_RelFim>340))>0,2,IF(SUMPRODUCT((Mapa_Sala='Mapa do Dia'!$N14)*(Mapa_Data=Data_Mapa)*(Mapa_MinOcup>0)*(Mapa_RelFim<350)*(Mapa_RelFim+Limpeza_Min>340))>0,1,0))) | BE16: =IF(OR('Mapa do Dia'!$A14="",'Calc'!$B6<>"Sala cirúrgica"),"",IF(SUMPRODUCT((Mapa_Sala='Mapa do Dia'!$N14)*(Mapa_Data=Data_Mapa)*(Mapa_MinOcup>0)*(Mapa_RelIni<360)*(Mapa_RelFim>350))>0,2,IF(SUMPRODUCT((Mapa_Sala='Mapa do Dia'!$N14)*(Mapa_Data=Data_Mapa)*(Mapa_MinOcup>0)*(Mapa_RelFim<360)*(Mapa_RelFim+Limpeza_Min>350))>0,1,0))) | BF16: =IF('Mapa do Dia'!$A14="","",'Mapa do Dia'!$F14)
A17: =IF('Mapa do Dia'!$A15="","",'Mapa do Dia'!$A15) | L17: =IF('Mapa do Dia'!$A15="","",IF('Mapa do Dia'!$D15="","(falta escalar)",IFERROR(INDEX(Equipe_Curto,MATCH('Mapa do Dia'!$D15,Equipe_Nome,0)),'Mapa do Dia'!$D15))&IF('Mapa do Dia'!$B15<2,"",IF('Mapa do Dia'!$E15="", " · (falta escalar)"," · "&IFERROR(INDEX(Equipe_Curto,MATCH('Mapa do Dia'!$E15,Equipe_Nome,0)),'Mapa do Dia'!$E15)))) | V17: =IF(OR('Mapa do Dia'!$A15="",'Calc'!$B7<>"Sala cirúrgica"),"",IF(SUMPRODUCT((Mapa_Sala='Mapa do Dia'!$N15)*(Mapa_Data=Data_Mapa)*(Mapa_MinOcup>0)*(Mapa_RelIni<10)*(Mapa_RelFim>0))>0,2,IF(SUMPRODUCT((Mapa_Sala='Mapa do Dia'!$N15)*(Mapa_Data=Data_Mapa)*(Mapa_MinOcup>0)*(Mapa_RelFim<10)*(Mapa_RelFim+Limpeza_Min>0))>0,1,0))) | W17: =IF(OR('Mapa do Dia'!$A15="",'Calc'!$B7<>"Sala cirúrgica"),"",IF(SUMPRODUCT((Mapa_Sala='Mapa do Dia'!$N15)*(Mapa_Data=Data_Mapa)*(Mapa_MinOcup>0)*(Mapa_RelIni<20)*(Mapa_RelFim>10))>0,2,IF(SUMPRODUCT((Mapa_Sala='Mapa do Dia'!$N15)*(Mapa_Data=Data_Mapa)*(Mapa_MinOcup>0)*(Mapa_RelFim<20)*(Mapa_RelFim+Limpeza_Min>10))>0,1,0))) | X17: =IF(OR('Mapa do Dia'!$A15="",'Calc'!$B7<>"Sala cirúrgica"),"",IF(SUMPRODUCT((Mapa_Sala='Mapa do Dia'!$N15)*(Mapa_Data=Data_Mapa)*(Mapa_MinOcup>0)*(Mapa_RelIni<30)*(Mapa_RelFim>20))>0,2,IF(SUMPRODUCT((Mapa_Sala='Mapa do Dia'!$N15)*(Mapa_Data=Data_Mapa)*(Mapa_MinOcup>0)*(Mapa_RelFim<30)*(Mapa_RelFim+Limpeza_Min>20))>0,1,0))) | Y17: =IF(OR('Mapa do Dia'!$A15="",'Calc'!$B7<>"Sala cirúrgica"),"",IF(SUMPRODUCT((Mapa_Sala='Mapa do Dia'!$N15)*(Mapa_Data=Data_Mapa)*(Mapa_MinOcup>0)*(Mapa_RelIni<40)*(Mapa_RelFim>30))>0,2,IF(SUMPRODUCT((Mapa_Sala='Mapa do Dia'!$N15)*(Mapa_Data=Data_Mapa)*(Mapa_MinOcup>0)*(Mapa_RelFim<40)*(Mapa_RelFim+Limpeza_Min>30))>0,1,0))) | Z17: =IF(OR('Mapa do Dia'!$A15="",'Calc'!$B7<>"Sala cirúrgica"),"",IF(SUMPRODUCT((Mapa_Sala='Mapa do Dia'!$N15)*(Mapa_Data=Data_Mapa)*(Mapa_MinOcup>0)*(Mapa_RelIni<50)*(Mapa_RelFim>40))>0,2,IF(SUMPRODUCT((Mapa_Sala='Mapa do Dia'!$N15)*(Mapa_Data=Data_Mapa)*(Mapa_MinOcup>0)*(Mapa_RelFim<50)*(Mapa_RelFim+Limpeza_Min>40))>0,1,0))) | AA17: =IF(OR('Mapa do Dia'!$A15="",'Calc'!$B7<>"Sala cirúrgica"),"",IF(SUMPRODUCT((Mapa_Sala='Mapa do Dia'!$N15)*(Mapa_Data=Data_Mapa)*(Mapa_MinOcup>0)*(Mapa_RelIni<60)*(Mapa_RelFim>50))>0,2,IF(SUMPRODUCT((Mapa_Sala='Mapa do Dia'!$N15)*(Mapa_Data=Data_Mapa)*(Mapa_MinOcup>0)*(Mapa_RelFim<60)*(Mapa_RelFim+Limpeza_Min>50))>0,1,0))) | AB17: =IF(OR('Mapa do Dia'!$A15="",'Calc'!$B7<>"Sala cirúrgica"),"",IF(SUMPRODUCT((Mapa_Sala='Mapa do Dia'!$N15)*(Mapa_Data=Data_Mapa)*(Mapa_MinOcup>0)*(Mapa_RelIni<70)*(Mapa_RelFim>60))>0,2,IF(SUMPRODUCT((Mapa_Sala='Mapa do Dia'!$N15)*(Mapa_Data=Data_Mapa)*(Mapa_MinOcup>0)*(Mapa_RelFim<70)*(Mapa_RelFim+Limpeza_Min>60))>0,1,0))) | AC17: =IF(OR('Mapa do Dia'!$A15="",'Calc'!$B7<>"Sala cirúrgica"),"",IF(SUMPRODUCT((Mapa_Sala='Mapa do Dia'!$N15)*(Mapa_Data=Data_Mapa)*(Mapa_MinOcup>0)*(Mapa_RelIni<80)*(Mapa_RelFim>70))>0,2,IF(SUMPRODUCT((Mapa_Sala='Mapa do Dia'!$N15)*(Mapa_Data=Data_Mapa)*(Mapa_MinOcup>0)*(Mapa_RelFim<80)*(Mapa_RelFim+Limpeza_Min>70))>0,1,0))) | AD17: =IF(OR('Mapa do Dia'!$A15="",'Calc'!$B7<>"Sala cirúrgica"),"",IF(SUMPRODUCT((Mapa_Sala='Mapa do Dia'!$N15)*(Mapa_Data=Data_Mapa)*(Mapa_MinOcup>0)*(Mapa_RelIni<90)*(Mapa_RelFim>80))>0,2,IF(SUMPRODUCT((Mapa_Sala='Mapa do Dia'!$N15)*(Mapa_Data=Data_Mapa)*(Mapa_MinOcup>0)*(Mapa_RelFim<90)*(Mapa_RelFim+Limpeza_Min>80))>0,1,0))) | AE17: =IF(OR('Mapa do Dia'!$A15="",'Calc'!$B7<>"Sala cirúrgica"),"",IF(SUMPRODUCT((Mapa_Sala='Mapa do Dia'!$N15)*(Mapa_Data=Data_Mapa)*(Mapa_MinOcup>0)*(Mapa_RelIni<100)*(Mapa_RelFim>90))>0,2,IF(SUMPRODUCT((Mapa_Sala='Mapa do Dia'!$N15)*(Mapa_Data=Data_Mapa)*(Mapa_MinOcup>0)*(Mapa_RelFim<100)*(Mapa_RelFim+Limpeza_Min>90))>0,1,0))) | AF17: =IF(OR('Mapa do Dia'!$A15="",'Calc'!$B7<>"Sala cirúrgica"),"",IF(SUMPRODUCT((Mapa_Sala='Mapa do Dia'!$N15)*(Mapa_Data=Data_Mapa)*(Mapa_MinOcup>0)*(Mapa_RelIni<110)*(Mapa_RelFim>100))>0,2,IF(SUMPRODUCT((Mapa_Sala='Mapa do Dia'!$N15)*(Mapa_Data=Data_Mapa)*(Mapa_MinOcup>0)*(Mapa_RelFim<110)*(Mapa_RelFim+Limpeza_Min>100))>0,1,0))) | AG17: =IF(OR('Mapa do Dia'!$A15="",'Calc'!$B7<>"Sala cirúrgica"),"",IF(SUMPRODUCT((Mapa_Sala='Mapa do Dia'!$N15)*(Mapa_Data=Data_Mapa)*(Mapa_MinOcup>0)*(Mapa_RelIni<120)*(Mapa_RelFim>110))>0,2,IF(SUMPRODUCT((Mapa_Sala='Mapa do Dia'!$N15)*(Mapa_Data=Data_Mapa)*(Mapa_MinOcup>0)*(Mapa_RelFim<120)*(Mapa_RelFim+Limpeza_Min>110))>0,1,0))) | AH17: =IF(OR('Mapa do Dia'!$A15="",'Calc'!$B7<>"Sala cirúrgica"),"",IF(SUMPRODUCT((Mapa_Sala='Mapa do Dia'!$N15)*(Mapa_Data=Data_Mapa)*(Mapa_MinOcup>0)*(Mapa_RelIni<130)*(Mapa_RelFim>120))>0,2,IF(SUMPRODUCT((Mapa_Sala='Mapa do Dia'!$N15)*(Mapa_Data=Data_Mapa)*(Mapa_MinOcup>0)*(Mapa_RelFim<130)*(Mapa_RelFim+Limpeza_Min>120))>0,1,0))) | AI17: =IF(OR('Mapa do Dia'!$A15="",'Calc'!$B7<>"Sala cirúrgica"),"",IF(SUMPRODUCT((Mapa_Sala='Mapa do Dia'!$N15)*(Mapa_Data=Data_Mapa)*(Mapa_MinOcup>0)*(Mapa_RelIni<140)*(Mapa_RelFim>130))>0,2,IF(SUMPRODUCT((Mapa_Sala='Mapa do Dia'!$N15)*(Mapa_Data=Data_Mapa)*(Mapa_MinOcup>0)*(Mapa_RelFim<140)*(Mapa_RelFim+Limpeza_Min>130))>0,1,0))) | AJ17: =IF(OR('Mapa do Dia'!$A15="",'Calc'!$B7<>"Sala cirúrgica"),"",IF(SUMPRODUCT((Mapa_Sala='Mapa do Dia'!$N15)*(Mapa_Data=Data_Mapa)*(Mapa_MinOcup>0)*(Mapa_RelIni<150)*(Mapa_RelFim>140))>0,2,IF(SUMPRODUCT((Mapa_Sala='Mapa do Dia'!$N15)*(Mapa_Data=Data_Mapa)*(Mapa_MinOcup>0)*(Mapa_RelFim<150)*(Mapa_RelFim+Limpeza_Min>140))>0,1,0))) | AK17: =IF(OR('Mapa do Dia'!$A15="",'Calc'!$B7<>"Sala cirúrgica"),"",IF(SUMPRODUCT((Mapa_Sala='Mapa do Dia'!$N15)*(Mapa_Data=Data_Mapa)*(Mapa_MinOcup>0)*(Mapa_RelIni<160)*(Mapa_RelFim>150))>0,2,IF(SUMPRODUCT((Mapa_Sala='Mapa do Dia'!$N15)*(Mapa_Data=Data_Mapa)*(Mapa_MinOcup>0)*(Mapa_RelFim<160)*(Mapa_RelFim+Limpeza_Min>150))>0,1,0))) | AL17: =IF(OR('Mapa do Dia'!$A15="",'Calc'!$B7<>"Sala cirúrgica"),"",IF(SUMPRODUCT((Mapa_Sala='Mapa do Dia'!$N15)*(Mapa_Data=Data_Mapa)*(Mapa_MinOcup>0)*(Mapa_RelIni<170)*(Mapa_RelFim>160))>0,2,IF(SUMPRODUCT((Mapa_Sala='Mapa do Dia'!$N15)*(Mapa_Data=Data_Mapa)*(Mapa_MinOcup>0)*(Mapa_RelFim<170)*(Mapa_RelFim+Limpeza_Min>160))>0,1,0))) | AM17: =IF(OR('Mapa do Dia'!$A15="",'Calc'!$B7<>"Sala cirúrgica"),"",IF(SUMPRODUCT((Mapa_Sala='Mapa do Dia'!$N15)*(Mapa_Data=Data_Mapa)*(Mapa_MinOcup>0)*(Mapa_RelIni<180)*(Mapa_RelFim>170))>0,2,IF(SUMPRODUCT((Mapa_Sala='Mapa do Dia'!$N15)*(Mapa_Data=Data_Mapa)*(Mapa_MinOcup>0)*(Mapa_RelFim<180)*(Mapa_RelFim+Limpeza_Min>170))>0,1,0))) | AN17: =IF(OR('Mapa do Dia'!$A15="",'Calc'!$B7<>"Sala cirúrgica"),"",IF(SUMPRODUCT((Mapa_Sala='Mapa do Dia'!$N15)*(Mapa_Data=Data_Mapa)*(Mapa_MinOcup>0)*(Mapa_RelIni<190)*(Mapa_RelFim>180))>0,2,IF(SUMPRODUCT((Mapa_Sala='Mapa do Dia'!$N15)*(Mapa_Data=Data_Mapa)*(Mapa_MinOcup>0)*(Mapa_RelFim<190)*(Mapa_RelFim+Limpeza_Min>180))>0,1,0))) | AO17: =IF(OR('Mapa do Dia'!$A15="",'Calc'!$B7<>"Sala cirúrgica"),"",IF(SUMPRODUCT((Mapa_Sala='Mapa do Dia'!$N15)*(Mapa_Data=Data_Mapa)*(Mapa_MinOcup>0)*(Mapa_RelIni<200)*(Mapa_RelFim>190))>0,2,IF(SUMPRODUCT((Mapa_Sala='Mapa do Dia'!$N15)*(Mapa_Data=Data_Mapa)*(Mapa_MinOcup>0)*(Mapa_RelFim<200)*(Mapa_RelFim+Limpeza_Min>190))>0,1,0))) | AP17: =IF(OR('Mapa do Dia'!$A15="",'Calc'!$B7<>"Sala cirúrgica"),"",IF(SUMPRODUCT((Mapa_Sala='Mapa do Dia'!$N15)*(Mapa_Data=Data_Mapa)*(Mapa_MinOcup>0)*(Mapa_RelIni<210)*(Mapa_RelFim>200))>0,2,IF(SUMPRODUCT((Mapa_Sala='Mapa do Dia'!$N15)*(Mapa_Data=Data_Mapa)*(Mapa_MinOcup>0)*(Mapa_RelFim<210)*(Mapa_RelFim+Limpeza_Min>200))>0,1,0))) | AQ17: =IF(OR('Mapa do Dia'!$A15="",'Calc'!$B7<>"Sala cirúrgica"),"",IF(SUMPRODUCT((Mapa_Sala='Mapa do Dia'!$N15)*(Mapa_Data=Data_Mapa)*(Mapa_MinOcup>0)*(Mapa_RelIni<220)*(Mapa_RelFim>210))>0,2,IF(SUMPRODUCT((Mapa_Sala='Mapa do Dia'!$N15)*(Mapa_Data=Data_Mapa)*(Mapa_MinOcup>0)*(Mapa_RelFim<220)*(Mapa_RelFim+Limpeza_Min>210))>0,1,0))) | AR17: =IF(OR('Mapa do Dia'!$A15="",'Calc'!$B7<>"Sala cirúrgica"),"",IF(SUMPRODUCT((Mapa_Sala='Mapa do Dia'!$N15)*(Mapa_Data=Data_Mapa)*(Mapa_MinOcup>0)*(Mapa_RelIni<230)*(Mapa_RelFim>220))>0,2,IF(SUMPRODUCT((Mapa_Sala='Mapa do Dia'!$N15)*(Mapa_Data=Data_Mapa)*(Mapa_MinOcup>0)*(Mapa_RelFim<230)*(Mapa_RelFim+Limpeza_Min>220))>0,1,0))) | AS17: =IF(OR('Mapa do Dia'!$A15="",'Calc'!$B7<>"Sala cirúrgica"),"",IF(SUMPRODUCT((Mapa_Sala='Mapa do Dia'!$N15)*(Mapa_Data=Data_Mapa)*(Mapa_MinOcup>0)*(Mapa_RelIni<240)*(Mapa_RelFim>230))>0,2,IF(SUMPRODUCT((Mapa_Sala='Mapa do Dia'!$N15)*(Mapa_Data=Data_Mapa)*(Mapa_MinOcup>0)*(Mapa_RelFim<240)*(Mapa_RelFim+Limpeza_Min>230))>0,1,0))) | AT17: =IF(OR('Mapa do Dia'!$A15="",'Calc'!$B7<>"Sala cirúrgica"),"",IF(SUMPRODUCT((Mapa_Sala='Mapa do Dia'!$N15)*(Mapa_Data=Data_Mapa)*(Mapa_MinOcup>0)*(Mapa_RelIni<250)*(Mapa_RelFim>240))>0,2,IF(SUMPRODUCT((Mapa_Sala='Mapa do Dia'!$N15)*(Mapa_Data=Data_Mapa)*(Mapa_MinOcup>0)*(Mapa_RelFim<250)*(Mapa_RelFim+Limpeza_Min>240))>0,1,0))) | AU17: =IF(OR('Mapa do Dia'!$A15="",'Calc'!$B7<>"Sala cirúrgica"),"",IF(SUMPRODUCT((Mapa_Sala='Mapa do Dia'!$N15)*(Mapa_Data=Data_Mapa)*(Mapa_MinOcup>0)*(Mapa_RelIni<260)*(Mapa_RelFim>250))>0,2,IF(SUMPRODUCT((Mapa_Sala='Mapa do Dia'!$N15)*(Mapa_Data=Data_Mapa)*(Mapa_MinOcup>0)*(Mapa_RelFim<260)*(Mapa_RelFim+Limpeza_Min>250))>0,1,0))) | AV17: =IF(OR('Mapa do Dia'!$A15="",'Calc'!$B7<>"Sala cirúrgica"),"",IF(SUMPRODUCT((Mapa_Sala='Mapa do Dia'!$N15)*(Mapa_Data=Data_Mapa)*(Mapa_MinOcup>0)*(Mapa_RelIni<270)*(Mapa_RelFim>260))>0,2,IF(SUMPRODUCT((Mapa_Sala='Mapa do Dia'!$N15)*(Mapa_Data=Data_Mapa)*(Mapa_MinOcup>0)*(Mapa_RelFim<270)*(Mapa_RelFim+Limpeza_Min>260))>0,1,0))) | AW17: =IF(OR('Mapa do Dia'!$A15="",'Calc'!$B7<>"Sala cirúrgica"),"",IF(SUMPRODUCT((Mapa_Sala='Mapa do Dia'!$N15)*(Mapa_Data=Data_Mapa)*(Mapa_MinOcup>0)*(Mapa_RelIni<280)*(Mapa_RelFim>270))>0,2,IF(SUMPRODUCT((Mapa_Sala='Mapa do Dia'!$N15)*(Mapa_Data=Data_Mapa)*(Mapa_MinOcup>0)*(Mapa_RelFim<280)*(Mapa_RelFim+Limpeza_Min>270))>0,1,0))) | AX17: =IF(OR('Mapa do Dia'!$A15="",'Calc'!$B7<>"Sala cirúrgica"),"",IF(SUMPRODUCT((Mapa_Sala='Mapa do Dia'!$N15)*(Mapa_Data=Data_Mapa)*(Mapa_MinOcup>0)*(Mapa_RelIni<290)*(Mapa_RelFim>280))>0,2,IF(SUMPRODUCT((Mapa_Sala='Mapa do Dia'!$N15)*(Mapa_Data=Data_Mapa)*(Mapa_MinOcup>0)*(Mapa_RelFim<290)*(Mapa_RelFim+Limpeza_Min>280))>0,1,0))) | AY17: =IF(OR('Mapa do Dia'!$A15="",'Calc'!$B7<>"Sala cirúrgica"),"",IF(SUMPRODUCT((Mapa_Sala='Mapa do Dia'!$N15)*(Mapa_Data=Data_Mapa)*(Mapa_MinOcup>0)*(Mapa_RelIni<300)*(Mapa_RelFim>290))>0,2,IF(SUMPRODUCT((Mapa_Sala='Mapa do Dia'!$N15)*(Mapa_Data=Data_Mapa)*(Mapa_MinOcup>0)*(Mapa_RelFim<300)*(Mapa_RelFim+Limpeza_Min>290))>0,1,0))) | AZ17: =IF(OR('Mapa do Dia'!$A15="",'Calc'!$B7<>"Sala cirúrgica"),"",IF(SUMPRODUCT((Mapa_Sala='Mapa do Dia'!$N15)*(Mapa_Data=Data_Mapa)*(Mapa_MinOcup>0)*(Mapa_RelIni<310)*(Mapa_RelFim>300))>0,2,IF(SUMPRODUCT((Mapa_Sala='Mapa do Dia'!$N15)*(Mapa_Data=Data_Mapa)*(Mapa_MinOcup>0)*(Mapa_RelFim<310)*(Mapa_RelFim+Limpeza_Min>300))>0,1,0))) | BA17: =IF(OR('Mapa do Dia'!$A15="",'Calc'!$B7<>"Sala cirúrgica"),"",IF(SUMPRODUCT((Mapa_Sala='Mapa do Dia'!$N15)*(Mapa_Data=Data_Mapa)*(Mapa_MinOcup>0)*(Mapa_RelIni<320)*(Mapa_RelFim>310))>0,2,IF(SUMPRODUCT((Mapa_Sala='Mapa do Dia'!$N15)*(Mapa_Data=Data_Mapa)*(Mapa_MinOcup>0)*(Mapa_RelFim<320)*(Mapa_RelFim+Limpeza_Min>310))>0,1,0))) | BB17: =IF(OR('Mapa do Dia'!$A15="",'Calc'!$B7<>"Sala cirúrgica"),"",IF(SUMPRODUCT((Mapa_Sala='Mapa do Dia'!$N15)*(Mapa_Data=Data_Mapa)*(Mapa_MinOcup>0)*(Mapa_RelIni<330)*(Mapa_RelFim>320))>0,2,IF(SUMPRODUCT((Mapa_Sala='Mapa do Dia'!$N15)*(Mapa_Data=Data_Mapa)*(Mapa_MinOcup>0)*(Mapa_RelFim<330)*(Mapa_RelFim+Limpeza_Min>320))>0,1,0))) | BC17: =IF(OR('Mapa do Dia'!$A15="",'Calc'!$B7<>"Sala cirúrgica"),"",IF(SUMPRODUCT((Mapa_Sala='Mapa do Dia'!$N15)*(Mapa_Data=Data_Mapa)*(Mapa_MinOcup>0)*(Mapa_RelIni<340)*(Mapa_RelFim>330))>0,2,IF(SUMPRODUCT((Mapa_Sala='Mapa do Dia'!$N15)*(Mapa_Data=Data_Mapa)*(Mapa_MinOcup>0)*(Mapa_RelFim<340)*(Mapa_RelFim+Limpeza_Min>330))>0,1,0))) | BD17: =IF(OR('Mapa do Dia'!$A15="",'Calc'!$B7<>"Sala cirúrgica"),"",IF(SUMPRODUCT((Mapa_Sala='Mapa do Dia'!$N15)*(Mapa_Data=Data_Mapa)*(Mapa_MinOcup>0)*(Mapa_RelIni<350)*(Mapa_RelFim>340))>0,2,IF(SUMPRODUCT((Mapa_Sala='Mapa do Dia'!$N15)*(Mapa_Data=Data_Mapa)*(Mapa_MinOcup>0)*(Mapa_RelFim<350)*(Mapa_RelFim+Limpeza_Min>340))>0,1,0))) | BE17: =IF(OR('Mapa do Dia'!$A15="",'Calc'!$B7<>"Sala cirúrgica"),"",IF(SUMPRODUCT((Mapa_Sala='Mapa do Dia'!$N15)*(Mapa_Data=Data_Mapa)*(Mapa_MinOcup>0)*(Mapa_RelIni<360)*(Mapa_RelFim>350))>0,2,IF(SUMPRODUCT((Mapa_Sala='Mapa do Dia'!$N15)*(Mapa_Data=Data_Mapa)*(Mapa_MinOcup>0)*(Mapa_RelFim<360)*(Mapa_RelFim+Limpeza_Min>350))>0,1,0))) | BF17: =IF('Mapa do Dia'!$A15="","",'Mapa do Dia'!$F15)
A18: =IF('Mapa do Dia'!$A16="","",'Mapa do Dia'!$A16) | L18: =IF('Mapa do Dia'!$A16="","",IF('Mapa do Dia'!$D16="","(falta escalar)",IFERROR(INDEX(Equipe_Curto,MATCH('Mapa do Dia'!$D16,Equipe_Nome,0)),'Mapa do Dia'!$D16))&IF('Mapa do Dia'!$B16<2,"",IF('Mapa do Dia'!$E16="", " · (falta escalar)"," · "&IFERROR(INDEX(Equipe_Curto,MATCH('Mapa do Dia'!$E16,Equipe_Nome,0)),'Mapa do Dia'!$E16)))) | V18: =IF(OR('Mapa do Dia'!$A16="",'Calc'!$B8<>"Sala cirúrgica"),"",IF(SUMPRODUCT((Mapa_Sala='Mapa do Dia'!$N16)*(Mapa_Data=Data_Mapa)*(Mapa_MinOcup>0)*(Mapa_RelIni<10)*(Mapa_RelFim>0))>0,2,IF(SUMPRODUCT((Mapa_Sala='Mapa do Dia'!$N16)*(Mapa_Data=Data_Mapa)*(Mapa_MinOcup>0)*(Mapa_RelFim<10)*(Mapa_RelFim+Limpeza_Min>0))>0,1,0))) | W18: =IF(OR('Mapa do Dia'!$A16="",'Calc'!$B8<>"Sala cirúrgica"),"",IF(SUMPRODUCT((Mapa_Sala='Mapa do Dia'!$N16)*(Mapa_Data=Data_Mapa)*(Mapa_MinOcup>0)*(Mapa_RelIni<20)*(Mapa_RelFim>10))>0,2,IF(SUMPRODUCT((Mapa_Sala='Mapa do Dia'!$N16)*(Mapa_Data=Data_Mapa)*(Mapa_MinOcup>0)*(Mapa_RelFim<20)*(Mapa_RelFim+Limpeza_Min>10))>0,1,0))) | X18: =IF(OR('Mapa do Dia'!$A16="",'Calc'!$B8<>"Sala cirúrgica"),"",IF(SUMPRODUCT((Mapa_Sala='Mapa do Dia'!$N16)*(Mapa_Data=Data_Mapa)*(Mapa_MinOcup>0)*(Mapa_RelIni<30)*(Mapa_RelFim>20))>0,2,IF(SUMPRODUCT((Mapa_Sala='Mapa do Dia'!$N16)*(Mapa_Data=Data_Mapa)*(Mapa_MinOcup>0)*(Mapa_RelFim<30)*(Mapa_RelFim+Limpeza_Min>20))>0,1,0))) | Y18: =IF(OR('Mapa do Dia'!$A16="",'Calc'!$B8<>"Sala cirúrgica"),"",IF(SUMPRODUCT((Mapa_Sala='Mapa do Dia'!$N16)*(Mapa_Data=Data_Mapa)*(Mapa_MinOcup>0)*(Mapa_RelIni<40)*(Mapa_RelFim>30))>0,2,IF(SUMPRODUCT((Mapa_Sala='Mapa do Dia'!$N16)*(Mapa_Data=Data_Mapa)*(Mapa_MinOcup>0)*(Mapa_RelFim<40)*(Mapa_RelFim+Limpeza_Min>30))>0,1,0))) | Z18: =IF(OR('Mapa do Dia'!$A16="",'Calc'!$B8<>"Sala cirúrgica"),"",IF(SUMPRODUCT((Mapa_Sala='Mapa do Dia'!$N16)*(Mapa_Data=Data_Mapa)*(Mapa_MinOcup>0)*(Mapa_RelIni<50)*(Mapa_RelFim>40))>0,2,IF(SUMPRODUCT((Mapa_Sala='Mapa do Dia'!$N16)*(Mapa_Data=Data_Mapa)*(Mapa_MinOcup>0)*(Mapa_RelFim<50)*(Mapa_RelFim+Limpeza_Min>40))>0,1,0))) | AA18: =IF(OR('Mapa do Dia'!$A16="",'Calc'!$B8<>"Sala cirúrgica"),"",IF(SUMPRODUCT((Mapa_Sala='Mapa do Dia'!$N16)*(Mapa_Data=Data_Mapa)*(Mapa_MinOcup>0)*(Mapa_RelIni<60)*(Mapa_RelFim>50))>0,2,IF(SUMPRODUCT((Mapa_Sala='Mapa do Dia'!$N16)*(Mapa_Data=Data_Mapa)*(Mapa_MinOcup>0)*(Mapa_RelFim<60)*(Mapa_RelFim+Limpeza_Min>50))>0,1,0))) | AB18: =IF(OR('Mapa do Dia'!$A16="",'Calc'!$B8<>"Sala cirúrgica"),"",IF(SUMPRODUCT((Mapa_Sala='Mapa do Dia'!$N16)*(Mapa_Data=Data_Mapa)*(Mapa_MinOcup>0)*(Mapa_RelIni<70)*(Mapa_RelFim>60))>0,2,IF(SUMPRODUCT((Mapa_Sala='Mapa do Dia'!$N16)*(Mapa_Data=Data_Mapa)*(Mapa_MinOcup>0)*(Mapa_RelFim<70)*(Mapa_RelFim+Limpeza_Min>60))>0,1,0))) | AC18: =IF(OR('Mapa do Dia'!$A16="",'Calc'!$B8<>"Sala cirúrgica"),"",IF(SUMPRODUCT((Mapa_Sala='Mapa do Dia'!$N16)*(Mapa_Data=Data_Mapa)*(Mapa_MinOcup>0)*(Mapa_RelIni<80)*(Mapa_RelFim>70))>0,2,IF(SUMPRODUCT((Mapa_Sala='Mapa do Dia'!$N16)*(Mapa_Data=Data_Mapa)*(Mapa_MinOcup>0)*(Mapa_RelFim<80)*(Mapa_RelFim+Limpeza_Min>70))>0,1,0))) | AD18: =IF(OR('Mapa do Dia'!$A16="",'Calc'!$B8<>"Sala cirúrgica"),"",IF(SUMPRODUCT((Mapa_Sala='Mapa do Dia'!$N16)*(Mapa_Data=Data_Mapa)*(Mapa_MinOcup>0)*(Mapa_RelIni<90)*(Mapa_RelFim>80))>0,2,IF(SUMPRODUCT((Mapa_Sala='Mapa do Dia'!$N16)*(Mapa_Data=Data_Mapa)*(Mapa_MinOcup>0)*(Mapa_RelFim<90)*(Mapa_RelFim+Limpeza_Min>80))>0,1,0))) | AE18: =IF(OR('Mapa do Dia'!$A16="",'Calc'!$B8<>"Sala cirúrgica"),"",IF(SUMPRODUCT((Mapa_Sala='Mapa do Dia'!$N16)*(Mapa_Data=Data_Mapa)*(Mapa_MinOcup>0)*(Mapa_RelIni<100)*(Mapa_RelFim>90))>0,2,IF(SUMPRODUCT((Mapa_Sala='Mapa do Dia'!$N16)*(Mapa_Data=Data_Mapa)*(Mapa_MinOcup>0)*(Mapa_RelFim<100)*(Mapa_RelFim+Limpeza_Min>90))>0,1,0))) | AF18: =IF(OR('Mapa do Dia'!$A16="",'Calc'!$B8<>"Sala cirúrgica"),"",IF(SUMPRODUCT((Mapa_Sala='Mapa do Dia'!$N16)*(Mapa_Data=Data_Mapa)*(Mapa_MinOcup>0)*(Mapa_RelIni<110)*(Mapa_RelFim>100))>0,2,IF(SUMPRODUCT((Mapa_Sala='Mapa do Dia'!$N16)*(Mapa_Data=Data_Mapa)*(Mapa_MinOcup>0)*(Mapa_RelFim<110)*(Mapa_RelFim+Limpeza_Min>100))>0,1,0))) | AG18: =IF(OR('Mapa do Dia'!$A16="",'Calc'!$B8<>"Sala cirúrgica"),"",IF(SUMPRODUCT((Mapa_Sala='Mapa do Dia'!$N16)*(Mapa_Data=Data_Mapa)*(Mapa_MinOcup>0)*(Mapa_RelIni<120)*(Mapa_RelFim>110))>0,2,IF(SUMPRODUCT((Mapa_Sala='Mapa do Dia'!$N16)*(Mapa_Data=Data_Mapa)*(Mapa_MinOcup>0)*(Mapa_RelFim<120)*(Mapa_RelFim+Limpeza_Min>110))>0,1,0))) | AH18: =IF(OR('Mapa do Dia'!$A16="",'Calc'!$B8<>"Sala cirúrgica"),"",IF(SUMPRODUCT((Mapa_Sala='Mapa do Dia'!$N16)*(Mapa_Data=Data_Mapa)*(Mapa_MinOcup>0)*(Mapa_RelIni<130)*(Mapa_RelFim>120))>0,2,IF(SUMPRODUCT((Mapa_Sala='Mapa do Dia'!$N16)*(Mapa_Data=Data_Mapa)*(Mapa_MinOcup>0)*(Mapa_RelFim<130)*(Mapa_RelFim+Limpeza_Min>120))>0,1,0))) | AI18: =IF(OR('Mapa do Dia'!$A16="",'Calc'!$B8<>"Sala cirúrgica"),"",IF(SUMPRODUCT((Mapa_Sala='Mapa do Dia'!$N16)*(Mapa_Data=Data_Mapa)*(Mapa_MinOcup>0)*(Mapa_RelIni<140)*(Mapa_RelFim>130))>0,2,IF(SUMPRODUCT((Mapa_Sala='Mapa do Dia'!$N16)*(Mapa_Data=Data_Mapa)*(Mapa_MinOcup>0)*(Mapa_RelFim<140)*(Mapa_RelFim+Limpeza_Min>130))>0,1,0))) | AJ18: =IF(OR('Mapa do Dia'!$A16="",'Calc'!$B8<>"Sala cirúrgica"),"",IF(SUMPRODUCT((Mapa_Sala='Mapa do Dia'!$N16)*(Mapa_Data=Data_Mapa)*(Mapa_MinOcup>0)*(Mapa_RelIni<150)*(Mapa_RelFim>140))>0,2,IF(SUMPRODUCT((Mapa_Sala='Mapa do Dia'!$N16)*(Mapa_Data=Data_Mapa)*(Mapa_MinOcup>0)*(Mapa_RelFim<150)*(Mapa_RelFim+Limpeza_Min>140))>0,1,0))) | AK18: =IF(OR('Mapa do Dia'!$A16="",'Calc'!$B8<>"Sala cirúrgica"),"",IF(SUMPRODUCT((Mapa_Sala='Mapa do Dia'!$N16)*(Mapa_Data=Data_Mapa)*(Mapa_MinOcup>0)*(Mapa_RelIni<160)*(Mapa_RelFim>150))>0,2,IF(SUMPRODUCT((Mapa_Sala='Mapa do Dia'!$N16)*(Mapa_Data=Data_Mapa)*(Mapa_MinOcup>0)*(Mapa_RelFim<160)*(Mapa_RelFim+Limpeza_Min>150))>0,1,0))) | AL18: =IF(OR('Mapa do Dia'!$A16="",'Calc'!$B8<>"Sala cirúrgica"),"",IF(SUMPRODUCT((Mapa_Sala='Mapa do Dia'!$N16)*(Mapa_Data=Data_Mapa)*(Mapa_MinOcup>0)*(Mapa_RelIni<170)*(Mapa_RelFim>160))>0,2,IF(SUMPRODUCT((Mapa_Sala='Mapa do Dia'!$N16)*(Mapa_Data=Data_Mapa)*(Mapa_MinOcup>0)*(Mapa_RelFim<170)*(Mapa_RelFim+Limpeza_Min>160))>0,1,0))) | AM18: =IF(OR('Mapa do Dia'!$A16="",'Calc'!$B8<>"Sala cirúrgica"),"",IF(SUMPRODUCT((Mapa_Sala='Mapa do Dia'!$N16)*(Mapa_Data=Data_Mapa)*(Mapa_MinOcup>0)*(Mapa_RelIni<180)*(Mapa_RelFim>170))>0,2,IF(SUMPRODUCT((Mapa_Sala='Mapa do Dia'!$N16)*(Mapa_Data=Data_Mapa)*(Mapa_MinOcup>0)*(Mapa_RelFim<180)*(Mapa_RelFim+Limpeza_Min>170))>0,1,0))) | AN18: =IF(OR('Mapa do Dia'!$A16="",'Calc'!$B8<>"Sala cirúrgica"),"",IF(SUMPRODUCT((Mapa_Sala='Mapa do Dia'!$N16)*(Mapa_Data=Data_Mapa)*(Mapa_MinOcup>0)*(Mapa_RelIni<190)*(Mapa_RelFim>180))>0,2,IF(SUMPRODUCT((Mapa_Sala='Mapa do Dia'!$N16)*(Mapa_Data=Data_Mapa)*(Mapa_MinOcup>0)*(Mapa_RelFim<190)*(Mapa_RelFim+Limpeza_Min>180))>0,1,0))) | AO18: =IF(OR('Mapa do Dia'!$A16="",'Calc'!$B8<>"Sala cirúrgica"),"",IF(SUMPRODUCT((Mapa_Sala='Mapa do Dia'!$N16)*(Mapa_Data=Data_Mapa)*(Mapa_MinOcup>0)*(Mapa_RelIni<200)*(Mapa_RelFim>190))>0,2,IF(SUMPRODUCT((Mapa_Sala='Mapa do Dia'!$N16)*(Mapa_Data=Data_Mapa)*(Mapa_MinOcup>0)*(Mapa_RelFim<200)*(Mapa_RelFim+Limpeza_Min>190))>0,1,0))) | AP18: =IF(OR('Mapa do Dia'!$A16="",'Calc'!$B8<>"Sala cirúrgica"),"",IF(SUMPRODUCT((Mapa_Sala='Mapa do Dia'!$N16)*(Mapa_Data=Data_Mapa)*(Mapa_MinOcup>0)*(Mapa_RelIni<210)*(Mapa_RelFim>200))>0,2,IF(SUMPRODUCT((Mapa_Sala='Mapa do Dia'!$N16)*(Mapa_Data=Data_Mapa)*(Mapa_MinOcup>0)*(Mapa_RelFim<210)*(Mapa_RelFim+Limpeza_Min>200))>0,1,0))) | AQ18: =IF(OR('Mapa do Dia'!$A16="",'Calc'!$B8<>"Sala cirúrgica"),"",IF(SUMPRODUCT((Mapa_Sala='Mapa do Dia'!$N16)*(Mapa_Data=Data_Mapa)*(Mapa_MinOcup>0)*(Mapa_RelIni<220)*(Mapa_RelFim>210))>0,2,IF(SUMPRODUCT((Mapa_Sala='Mapa do Dia'!$N16)*(Mapa_Data=Data_Mapa)*(Mapa_MinOcup>0)*(Mapa_RelFim<220)*(Mapa_RelFim+Limpeza_Min>210))>0,1,0))) | AR18: =IF(OR('Mapa do Dia'!$A16="",'Calc'!$B8<>"Sala cirúrgica"),"",IF(SUMPRODUCT((Mapa_Sala='Mapa do Dia'!$N16)*(Mapa_Data=Data_Mapa)*(Mapa_MinOcup>0)*(Mapa_RelIni<230)*(Mapa_RelFim>220))>0,2,IF(SUMPRODUCT((Mapa_Sala='Mapa do Dia'!$N16)*(Mapa_Data=Data_Mapa)*(Mapa_MinOcup>0)*(Mapa_RelFim<230)*(Mapa_RelFim+Limpeza_Min>220))>0,1,0))) | AS18: =IF(OR('Mapa do Dia'!$A16="",'Calc'!$B8<>"Sala cirúrgica"),"",IF(SUMPRODUCT((Mapa_Sala='Mapa do Dia'!$N16)*(Mapa_Data=Data_Mapa)*(Mapa_MinOcup>0)*(Mapa_RelIni<240)*(Mapa_RelFim>230))>0,2,IF(SUMPRODUCT((Mapa_Sala='Mapa do Dia'!$N16)*(Mapa_Data=Data_Mapa)*(Mapa_MinOcup>0)*(Mapa_RelFim<240)*(Mapa_RelFim+Limpeza_Min>230))>0,1,0))) | AT18: =IF(OR('Mapa do Dia'!$A16="",'Calc'!$B8<>"Sala cirúrgica"),"",IF(SUMPRODUCT((Mapa_Sala='Mapa do Dia'!$N16)*(Mapa_Data=Data_Mapa)*(Mapa_MinOcup>0)*(Mapa_RelIni<250)*(Mapa_RelFim>240))>0,2,IF(SUMPRODUCT((Mapa_Sala='Mapa do Dia'!$N16)*(Mapa_Data=Data_Mapa)*(Mapa_MinOcup>0)*(Mapa_RelFim<250)*(Mapa_RelFim+Limpeza_Min>240))>0,1,0))) | AU18: =IF(OR('Mapa do Dia'!$A16="",'Calc'!$B8<>"Sala cirúrgica"),"",IF(SUMPRODUCT((Mapa_Sala='Mapa do Dia'!$N16)*(Mapa_Data=Data_Mapa)*(Mapa_MinOcup>0)*(Mapa_RelIni<260)*(Mapa_RelFim>250))>0,2,IF(SUMPRODUCT((Mapa_Sala='Mapa do Dia'!$N16)*(Mapa_Data=Data_Mapa)*(Mapa_MinOcup>0)*(Mapa_RelFim<260)*(Mapa_RelFim+Limpeza_Min>250))>0,1,0))) | AV18: =IF(OR('Mapa do Dia'!$A16="",'Calc'!$B8<>"Sala cirúrgica"),"",IF(SUMPRODUCT((Mapa_Sala='Mapa do Dia'!$N16)*(Mapa_Data=Data_Mapa)*(Mapa_MinOcup>0)*(Mapa_RelIni<270)*(Mapa_RelFim>260))>0,2,IF(SUMPRODUCT((Mapa_Sala='Mapa do Dia'!$N16)*(Mapa_Data=Data_Mapa)*(Mapa_MinOcup>0)*(Mapa_RelFim<270)*(Mapa_RelFim+Limpeza_Min>260))>0,1,0))) | AW18: =IF(OR('Mapa do Dia'!$A16="",'Calc'!$B8<>"Sala cirúrgica"),"",IF(SUMPRODUCT((Mapa_Sala='Mapa do Dia'!$N16)*(Mapa_Data=Data_Mapa)*(Mapa_MinOcup>0)*(Mapa_RelIni<280)*(Mapa_RelFim>270))>0,2,IF(SUMPRODUCT((Mapa_Sala='Mapa do Dia'!$N16)*(Mapa_Data=Data_Mapa)*(Mapa_MinOcup>0)*(Mapa_RelFim<280)*(Mapa_RelFim+Limpeza_Min>270))>0,1,0))) | AX18: =IF(OR('Mapa do Dia'!$A16="",'Calc'!$B8<>"Sala cirúrgica"),"",IF(SUMPRODUCT((Mapa_Sala='Mapa do Dia'!$N16)*(Mapa_Data=Data_Mapa)*(Mapa_MinOcup>0)*(Mapa_RelIni<290)*(Mapa_RelFim>280))>0,2,IF(SUMPRODUCT((Mapa_Sala='Mapa do Dia'!$N16)*(Mapa_Data=Data_Mapa)*(Mapa_MinOcup>0)*(Mapa_RelFim<290)*(Mapa_RelFim+Limpeza_Min>280))>0,1,0))) | AY18: =IF(OR('Mapa do Dia'!$A16="",'Calc'!$B8<>"Sala cirúrgica"),"",IF(SUMPRODUCT((Mapa_Sala='Mapa do Dia'!$N16)*(Mapa_Data=Data_Mapa)*(Mapa_MinOcup>0)*(Mapa_RelIni<300)*(Mapa_RelFim>290))>0,2,IF(SUMPRODUCT((Mapa_Sala='Mapa do Dia'!$N16)*(Mapa_Data=Data_Mapa)*(Mapa_MinOcup>0)*(Mapa_RelFim<300)*(Mapa_RelFim+Limpeza_Min>290))>0,1,0))) | AZ18: =IF(OR('Mapa do Dia'!$A16="",'Calc'!$B8<>"Sala cirúrgica"),"",IF(SUMPRODUCT((Mapa_Sala='Mapa do Dia'!$N16)*(Mapa_Data=Data_Mapa)*(Mapa_MinOcup>0)*(Mapa_RelIni<310)*(Mapa_RelFim>300))>0,2,IF(SUMPRODUCT((Mapa_Sala='Mapa do Dia'!$N16)*(Mapa_Data=Data_Mapa)*(Mapa_MinOcup>0)*(Mapa_RelFim<310)*(Mapa_RelFim+Limpeza_Min>300))>0,1,0))) | BA18: =IF(OR('Mapa do Dia'!$A16="",'Calc'!$B8<>"Sala cirúrgica"),"",IF(SUMPRODUCT((Mapa_Sala='Mapa do Dia'!$N16)*(Mapa_Data=Data_Mapa)*(Mapa_MinOcup>0)*(Mapa_RelIni<320)*(Mapa_RelFim>310))>0,2,IF(SUMPRODUCT((Mapa_Sala='Mapa do Dia'!$N16)*(Mapa_Data=Data_Mapa)*(Mapa_MinOcup>0)*(Mapa_RelFim<320)*(Mapa_RelFim+Limpeza_Min>310))>0,1,0))) | BB18: =IF(OR('Mapa do Dia'!$A16="",'Calc'!$B8<>"Sala cirúrgica"),"",IF(SUMPRODUCT((Mapa_Sala='Mapa do Dia'!$N16)*(Mapa_Data=Data_Mapa)*(Mapa_MinOcup>0)*(Mapa_RelIni<330)*(Mapa_RelFim>320))>0,2,IF(SUMPRODUCT((Mapa_Sala='Mapa do Dia'!$N16)*(Mapa_Data=Data_Mapa)*(Mapa_MinOcup>0)*(Mapa_RelFim<330)*(Mapa_RelFim+Limpeza_Min>320))>0,1,0))) | BC18: =IF(OR('Mapa do Dia'!$A16="",'Calc'!$B8<>"Sala cirúrgica"),"",IF(SUMPRODUCT((Mapa_Sala='Mapa do Dia'!$N16)*(Mapa_Data=Data_Mapa)*(Mapa_MinOcup>0)*(Mapa_RelIni<340)*(Mapa_RelFim>330))>0,2,IF(SUMPRODUCT((Mapa_Sala='Mapa do Dia'!$N16)*(Mapa_Data=Data_Mapa)*(Mapa_MinOcup>0)*(Mapa_RelFim<340)*(Mapa_RelFim+Limpeza_Min>330))>0,1,0))) | BD18: =IF(OR('Mapa do Dia'!$A16="",'Calc'!$B8<>"Sala cirúrgica"),"",IF(SUMPRODUCT((Mapa_Sala='Mapa do Dia'!$N16)*(Mapa_Data=Data_Mapa)*(Mapa_MinOcup>0)*(Mapa_RelIni<350)*(Mapa_RelFim>340))>0,2,IF(SUMPRODUCT((Mapa_Sala='Mapa do Dia'!$N16)*(Mapa_Data=Data_Mapa)*(Mapa_MinOcup>0)*(Mapa_RelFim<350)*(Mapa_RelFim+Limpeza_Min>340))>0,1,0))) | BE18: =IF(OR('Mapa do Dia'!$A16="",'Calc'!$B8<>"Sala cirúrgica"),"",IF(SUMPRODUCT((Mapa_Sala='Mapa do Dia'!$N16)*(Mapa_Data=Data_Mapa)*(Mapa_MinOcup>0)*(Mapa_RelIni<360)*(Mapa_RelFim>350))>0,2,IF(SUMPRODUCT((Mapa_Sala='Mapa do Dia'!$N16)*(Mapa_Data=Data_Mapa)*(Mapa_MinOcup>0)*(Mapa_RelFim<360)*(Mapa_RelFim+Limpeza_Min>350))>0,1,0))) | BF18: =IF('Mapa do Dia'!$A16="","",'Mapa do Dia'!$F16)
A19: =IF('Mapa do Dia'!$A17="","",'Mapa do Dia'!$A17) | L19: =IF('Mapa do Dia'!$A17="","",IF('Mapa do Dia'!$D17="","(falta escalar)",IFERROR(INDEX(Equipe_Curto,MATCH('Mapa do Dia'!$D17,Equipe_Nome,0)),'Mapa do Dia'!$D17))&IF('Mapa do Dia'!$B17<2,"",IF('Mapa do Dia'!$E17="", " · (falta escalar)"," · "&IFERROR(INDEX(Equipe_Curto,MATCH('Mapa do Dia'!$E17,Equipe_Nome,0)),'Mapa do Dia'!$E17)))) | V19: =IF(OR('Mapa do Dia'!$A17="",'Calc'!$B9<>"Sala cirúrgica"),"",IF(SUMPRODUCT((Mapa_Sala='Mapa do Dia'!$N17)*(Mapa_Data=Data_Mapa)*(Mapa_MinOcup>0)*(Mapa_RelIni<10)*(Mapa_RelFim>0))>0,2,IF(SUMPRODUCT((Mapa_Sala='Mapa do Dia'!$N17)*(Mapa_Data=Data_Mapa)*(Mapa_MinOcup>0)*(Mapa_RelFim<10)*(Mapa_RelFim+Limpeza_Min>0))>0,1,0))) | W19: =IF(OR('Mapa do Dia'!$A17="",'Calc'!$B9<>"Sala cirúrgica"),"",IF(SUMPRODUCT((Mapa_Sala='Mapa do Dia'!$N17)*(Mapa_Data=Data_Mapa)*(Mapa_MinOcup>0)*(Mapa_RelIni<20)*(Mapa_RelFim>10))>0,2,IF(SUMPRODUCT((Mapa_Sala='Mapa do Dia'!$N17)*(Mapa_Data=Data_Mapa)*(Mapa_MinOcup>0)*(Mapa_RelFim<20)*(Mapa_RelFim+Limpeza_Min>10))>0,1,0))) | X19: =IF(OR('Mapa do Dia'!$A17="",'Calc'!$B9<>"Sala cirúrgica"),"",IF(SUMPRODUCT((Mapa_Sala='Mapa do Dia'!$N17)*(Mapa_Data=Data_Mapa)*(Mapa_MinOcup>0)*(Mapa_RelIni<30)*(Mapa_RelFim>20))>0,2,IF(SUMPRODUCT((Mapa_Sala='Mapa do Dia'!$N17)*(Mapa_Data=Data_Mapa)*(Mapa_MinOcup>0)*(Mapa_RelFim<30)*(Mapa_RelFim+Limpeza_Min>20))>0,1,0))) | Y19: =IF(OR('Mapa do Dia'!$A17="",'Calc'!$B9<>"Sala cirúrgica"),"",IF(SUMPRODUCT((Mapa_Sala='Mapa do Dia'!$N17)*(Mapa_Data=Data_Mapa)*(Mapa_MinOcup>0)*(Mapa_RelIni<40)*(Mapa_RelFim>30))>0,2,IF(SUMPRODUCT((Mapa_Sala='Mapa do Dia'!$N17)*(Mapa_Data=Data_Mapa)*(Mapa_MinOcup>0)*(Mapa_RelFim<40)*(Mapa_RelFim+Limpeza_Min>30))>0,1,0))) | Z19: =IF(OR('Mapa do Dia'!$A17="",'Calc'!$B9<>"Sala cirúrgica"),"",IF(SUMPRODUCT((Mapa_Sala='Mapa do Dia'!$N17)*(Mapa_Data=Data_Mapa)*(Mapa_MinOcup>0)*(Mapa_RelIni<50)*(Mapa_RelFim>40))>0,2,IF(SUMPRODUCT((Mapa_Sala='Mapa do Dia'!$N17)*(Mapa_Data=Data_Mapa)*(Mapa_MinOcup>0)*(Mapa_RelFim<50)*(Mapa_RelFim+Limpeza_Min>40))>0,1,0))) | AA19: =IF(OR('Mapa do Dia'!$A17="",'Calc'!$B9<>"Sala cirúrgica"),"",IF(SUMPRODUCT((Mapa_Sala='Mapa do Dia'!$N17)*(Mapa_Data=Data_Mapa)*(Mapa_MinOcup>0)*(Mapa_RelIni<60)*(Mapa_RelFim>50))>0,2,IF(SUMPRODUCT((Mapa_Sala='Mapa do Dia'!$N17)*(Mapa_Data=Data_Mapa)*(Mapa_MinOcup>0)*(Mapa_RelFim<60)*(Mapa_RelFim+Limpeza_Min>50))>0,1,0))) | AB19: =IF(OR('Mapa do Dia'!$A17="",'Calc'!$B9<>"Sala cirúrgica"),"",IF(SUMPRODUCT((Mapa_Sala='Mapa do Dia'!$N17)*(Mapa_Data=Data_Mapa)*(Mapa_MinOcup>0)*(Mapa_RelIni<70)*(Mapa_RelFim>60))>0,2,IF(SUMPRODUCT((Mapa_Sala='Mapa do Dia'!$N17)*(Mapa_Data=Data_Mapa)*(Mapa_MinOcup>0)*(Mapa_RelFim<70)*(Mapa_RelFim+Limpeza_Min>60))>0,1,0))) | AC19: =IF(OR('Mapa do Dia'!$A17="",'Calc'!$B9<>"Sala cirúrgica"),"",IF(SUMPRODUCT((Mapa_Sala='Mapa do Dia'!$N17)*(Mapa_Data=Data_Mapa)*(Mapa_MinOcup>0)*(Mapa_RelIni<80)*(Mapa_RelFim>70))>0,2,IF(SUMPRODUCT((Mapa_Sala='Mapa do Dia'!$N17)*(Mapa_Data=Data_Mapa)*(Mapa_MinOcup>0)*(Mapa_RelFim<80)*(Mapa_RelFim+Limpeza_Min>70))>0,1,0))) | AD19: =IF(OR('Mapa do Dia'!$A17="",'Calc'!$B9<>"Sala cirúrgica"),"",IF(SUMPRODUCT((Mapa_Sala='Mapa do Dia'!$N17)*(Mapa_Data=Data_Mapa)*(Mapa_MinOcup>0)*(Mapa_RelIni<90)*(Mapa_RelFim>80))>0,2,IF(SUMPRODUCT((Mapa_Sala='Mapa do Dia'!$N17)*(Mapa_Data=Data_Mapa)*(Mapa_MinOcup>0)*(Mapa_RelFim<90)*(Mapa_RelFim+Limpeza_Min>80))>0,1,0))) | AE19: =IF(OR('Mapa do Dia'!$A17="",'Calc'!$B9<>"Sala cirúrgica"),"",IF(SUMPRODUCT((Mapa_Sala='Mapa do Dia'!$N17)*(Mapa_Data=Data_Mapa)*(Mapa_MinOcup>0)*(Mapa_RelIni<100)*(Mapa_RelFim>90))>0,2,IF(SUMPRODUCT((Mapa_Sala='Mapa do Dia'!$N17)*(Mapa_Data=Data_Mapa)*(Mapa_MinOcup>0)*(Mapa_RelFim<100)*(Mapa_RelFim+Limpeza_Min>90))>0,1,0))) | AF19: =IF(OR('Mapa do Dia'!$A17="",'Calc'!$B9<>"Sala cirúrgica"),"",IF(SUMPRODUCT((Mapa_Sala='Mapa do Dia'!$N17)*(Mapa_Data=Data_Mapa)*(Mapa_MinOcup>0)*(Mapa_RelIni<110)*(Mapa_RelFim>100))>0,2,IF(SUMPRODUCT((Mapa_Sala='Mapa do Dia'!$N17)*(Mapa_Data=Data_Mapa)*(Mapa_MinOcup>0)*(Mapa_RelFim<110)*(Mapa_RelFim+Limpeza_Min>100))>0,1,0))) | AG19: =IF(OR('Mapa do Dia'!$A17="",'Calc'!$B9<>"Sala cirúrgica"),"",IF(SUMPRODUCT((Mapa_Sala='Mapa do Dia'!$N17)*(Mapa_Data=Data_Mapa)*(Mapa_MinOcup>0)*(Mapa_RelIni<120)*(Mapa_RelFim>110))>0,2,IF(SUMPRODUCT((Mapa_Sala='Mapa do Dia'!$N17)*(Mapa_Data=Data_Mapa)*(Mapa_MinOcup>0)*(Mapa_RelFim<120)*(Mapa_RelFim+Limpeza_Min>110))>0,1,0))) | AH19: =IF(OR('Mapa do Dia'!$A17="",'Calc'!$B9<>"Sala cirúrgica"),"",IF(SUMPRODUCT((Mapa_Sala='Mapa do Dia'!$N17)*(Mapa_Data=Data_Mapa)*(Mapa_MinOcup>0)*(Mapa_RelIni<130)*(Mapa_RelFim>120))>0,2,IF(SUMPRODUCT((Mapa_Sala='Mapa do Dia'!$N17)*(Mapa_Data=Data_Mapa)*(Mapa_MinOcup>0)*(Mapa_RelFim<130)*(Mapa_RelFim+Limpeza_Min>120))>0,1,0))) | AI19: =IF(OR('Mapa do Dia'!$A17="",'Calc'!$B9<>"Sala cirúrgica"),"",IF(SUMPRODUCT((Mapa_Sala='Mapa do Dia'!$N17)*(Mapa_Data=Data_Mapa)*(Mapa_MinOcup>0)*(Mapa_RelIni<140)*(Mapa_RelFim>130))>0,2,IF(SUMPRODUCT((Mapa_Sala='Mapa do Dia'!$N17)*(Mapa_Data=Data_Mapa)*(Mapa_MinOcup>0)*(Mapa_RelFim<140)*(Mapa_RelFim+Limpeza_Min>130))>0,1,0))) | AJ19: =IF(OR('Mapa do Dia'!$A17="",'Calc'!$B9<>"Sala cirúrgica"),"",IF(SUMPRODUCT((Mapa_Sala='Mapa do Dia'!$N17)*(Mapa_Data=Data_Mapa)*(Mapa_MinOcup>0)*(Mapa_RelIni<150)*(Mapa_RelFim>140))>0,2,IF(SUMPRODUCT((Mapa_Sala='Mapa do Dia'!$N17)*(Mapa_Data=Data_Mapa)*(Mapa_MinOcup>0)*(Mapa_RelFim<150)*(Mapa_RelFim+Limpeza_Min>140))>0,1,0))) | AK19: =IF(OR('Mapa do Dia'!$A17="",'Calc'!$B9<>"Sala cirúrgica"),"",IF(SUMPRODUCT((Mapa_Sala='Mapa do Dia'!$N17)*(Mapa_Data=Data_Mapa)*(Mapa_MinOcup>0)*(Mapa_RelIni<160)*(Mapa_RelFim>150))>0,2,IF(SUMPRODUCT((Mapa_Sala='Mapa do Dia'!$N17)*(Mapa_Data=Data_Mapa)*(Mapa_MinOcup>0)*(Mapa_RelFim<160)*(Mapa_RelFim+Limpeza_Min>150))>0,1,0))) | AL19: =IF(OR('Mapa do Dia'!$A17="",'Calc'!$B9<>"Sala cirúrgica"),"",IF(SUMPRODUCT((Mapa_Sala='Mapa do Dia'!$N17)*(Mapa_Data=Data_Mapa)*(Mapa_MinOcup>0)*(Mapa_RelIni<170)*(Mapa_RelFim>160))>0,2,IF(SUMPRODUCT((Mapa_Sala='Mapa do Dia'!$N17)*(Mapa_Data=Data_Mapa)*(Mapa_MinOcup>0)*(Mapa_RelFim<170)*(Mapa_RelFim+Limpeza_Min>160))>0,1,0))) | AM19: =IF(OR('Mapa do Dia'!$A17="",'Calc'!$B9<>"Sala cirúrgica"),"",IF(SUMPRODUCT((Mapa_Sala='Mapa do Dia'!$N17)*(Mapa_Data=Data_Mapa)*(Mapa_MinOcup>0)*(Mapa_RelIni<180)*(Mapa_RelFim>170))>0,2,IF(SUMPRODUCT((Mapa_Sala='Mapa do Dia'!$N17)*(Mapa_Data=Data_Mapa)*(Mapa_MinOcup>0)*(Mapa_RelFim<180)*(Mapa_RelFim+Limpeza_Min>170))>0,1,0))) | AN19: =IF(OR('Mapa do Dia'!$A17="",'Calc'!$B9<>"Sala cirúrgica"),"",IF(SUMPRODUCT((Mapa_Sala='Mapa do Dia'!$N17)*(Mapa_Data=Data_Mapa)*(Mapa_MinOcup>0)*(Mapa_RelIni<190)*(Mapa_RelFim>180))>0,2,IF(SUMPRODUCT((Mapa_Sala='Mapa do Dia'!$N17)*(Mapa_Data=Data_Mapa)*(Mapa_MinOcup>0)*(Mapa_RelFim<190)*(Mapa_RelFim+Limpeza_Min>180))>0,1,0))) | AO19: =IF(OR('Mapa do Dia'!$A17="",'Calc'!$B9<>"Sala cirúrgica"),"",IF(SUMPRODUCT((Mapa_Sala='Mapa do Dia'!$N17)*(Mapa_Data=Data_Mapa)*(Mapa_MinOcup>0)*(Mapa_RelIni<200)*(Mapa_RelFim>190))>0,2,IF(SUMPRODUCT((Mapa_Sala='Mapa do Dia'!$N17)*(Mapa_Data=Data_Mapa)*(Mapa_MinOcup>0)*(Mapa_RelFim<200)*(Mapa_RelFim+Limpeza_Min>190))>0,1,0))) | AP19: =IF(OR('Mapa do Dia'!$A17="",'Calc'!$B9<>"Sala cirúrgica"),"",IF(SUMPRODUCT((Mapa_Sala='Mapa do Dia'!$N17)*(Mapa_Data=Data_Mapa)*(Mapa_MinOcup>0)*(Mapa_RelIni<210)*(Mapa_RelFim>200))>0,2,IF(SUMPRODUCT((Mapa_Sala='Mapa do Dia'!$N17)*(Mapa_Data=Data_Mapa)*(Mapa_MinOcup>0)*(Mapa_RelFim<210)*(Mapa_RelFim+Limpeza_Min>200))>0,1,0))) | AQ19: =IF(OR('Mapa do Dia'!$A17="",'Calc'!$B9<>"Sala cirúrgica"),"",IF(SUMPRODUCT((Mapa_Sala='Mapa do Dia'!$N17)*(Mapa_Data=Data_Mapa)*(Mapa_MinOcup>0)*(Mapa_RelIni<220)*(Mapa_RelFim>210))>0,2,IF(SUMPRODUCT((Mapa_Sala='Mapa do Dia'!$N17)*(Mapa_Data=Data_Mapa)*(Mapa_MinOcup>0)*(Mapa_RelFim<220)*(Mapa_RelFim+Limpeza_Min>210))>0,1,0))) | AR19: =IF(OR('Mapa do Dia'!$A17="",'Calc'!$B9<>"Sala cirúrgica"),"",IF(SUMPRODUCT((Mapa_Sala='Mapa do Dia'!$N17)*(Mapa_Data=Data_Mapa)*(Mapa_MinOcup>0)*(Mapa_RelIni<230)*(Mapa_RelFim>220))>0,2,IF(SUMPRODUCT((Mapa_Sala='Mapa do Dia'!$N17)*(Mapa_Data=Data_Mapa)*(Mapa_MinOcup>0)*(Mapa_RelFim<230)*(Mapa_RelFim+Limpeza_Min>220))>0,1,0))) | AS19: =IF(OR('Mapa do Dia'!$A17="",'Calc'!$B9<>"Sala cirúrgica"),"",IF(SUMPRODUCT((Mapa_Sala='Mapa do Dia'!$N17)*(Mapa_Data=Data_Mapa)*(Mapa_MinOcup>0)*(Mapa_RelIni<240)*(Mapa_RelFim>230))>0,2,IF(SUMPRODUCT((Mapa_Sala='Mapa do Dia'!$N17)*(Mapa_Data=Data_Mapa)*(Mapa_MinOcup>0)*(Mapa_RelFim<240)*(Mapa_RelFim+Limpeza_Min>230))>0,1,0))) | AT19: =IF(OR('Mapa do Dia'!$A17="",'Calc'!$B9<>"Sala cirúrgica"),"",IF(SUMPRODUCT((Mapa_Sala='Mapa do Dia'!$N17)*(Mapa_Data=Data_Mapa)*(Mapa_MinOcup>0)*(Mapa_RelIni<250)*(Mapa_RelFim>240))>0,2,IF(SUMPRODUCT((Mapa_Sala='Mapa do Dia'!$N17)*(Mapa_Data=Data_Mapa)*(Mapa_MinOcup>0)*(Mapa_RelFim<250)*(Mapa_RelFim+Limpeza_Min>240))>0,1,0))) | AU19: =IF(OR('Mapa do Dia'!$A17="",'Calc'!$B9<>"Sala cirúrgica"),"",IF(SUMPRODUCT((Mapa_Sala='Mapa do Dia'!$N17)*(Mapa_Data=Data_Mapa)*(Mapa_MinOcup>0)*(Mapa_RelIni<260)*(Mapa_RelFim>250))>0,2,IF(SUMPRODUCT((Mapa_Sala='Mapa do Dia'!$N17)*(Mapa_Data=Data_Mapa)*(Mapa_MinOcup>0)*(Mapa_RelFim<260)*(Mapa_RelFim+Limpeza_Min>250))>0,1,0))) | AV19: =IF(OR('Mapa do Dia'!$A17="",'Calc'!$B9<>"Sala cirúrgica"),"",IF(SUMPRODUCT((Mapa_Sala='Mapa do Dia'!$N17)*(Mapa_Data=Data_Mapa)*(Mapa_MinOcup>0)*(Mapa_RelIni<270)*(Mapa_RelFim>260))>0,2,IF(SUMPRODUCT((Mapa_Sala='Mapa do Dia'!$N17)*(Mapa_Data=Data_Mapa)*(Mapa_MinOcup>0)*(Mapa_RelFim<270)*(Mapa_RelFim+Limpeza_Min>260))>0,1,0))) | AW19: =IF(OR('Mapa do Dia'!$A17="",'Calc'!$B9<>"Sala cirúrgica"),"",IF(SUMPRODUCT((Mapa_Sala='Mapa do Dia'!$N17)*(Mapa_Data=Data_Mapa)*(Mapa_MinOcup>0)*(Mapa_RelIni<280)*(Mapa_RelFim>270))>0,2,IF(SUMPRODUCT((Mapa_Sala='Mapa do Dia'!$N17)*(Mapa_Data=Data_Mapa)*(Mapa_MinOcup>0)*(Mapa_RelFim<280)*(Mapa_RelFim+Limpeza_Min>270))>0,1,0))) | AX19: =IF(OR('Mapa do Dia'!$A17="",'Calc'!$B9<>"Sala cirúrgica"),"",IF(SUMPRODUCT((Mapa_Sala='Mapa do Dia'!$N17)*(Mapa_Data=Data_Mapa)*(Mapa_MinOcup>0)*(Mapa_RelIni<290)*(Mapa_RelFim>280))>0,2,IF(SUMPRODUCT((Mapa_Sala='Mapa do Dia'!$N17)*(Mapa_Data=Data_Mapa)*(Mapa_MinOcup>0)*(Mapa_RelFim<290)*(Mapa_RelFim+Limpeza_Min>280))>0,1,0))) | AY19: =IF(OR('Mapa do Dia'!$A17="",'Calc'!$B9<>"Sala cirúrgica"),"",IF(SUMPRODUCT((Mapa_Sala='Mapa do Dia'!$N17)*(Mapa_Data=Data_Mapa)*(Mapa_MinOcup>0)*(Mapa_RelIni<300)*(Mapa_RelFim>290))>0,2,IF(SUMPRODUCT((Mapa_Sala='Mapa do Dia'!$N17)*(Mapa_Data=Data_Mapa)*(Mapa_MinOcup>0)*(Mapa_RelFim<300)*(Mapa_RelFim+Limpeza_Min>290))>0,1,0))) | AZ19: =IF(OR('Mapa do Dia'!$A17="",'Calc'!$B9<>"Sala cirúrgica"),"",IF(SUMPRODUCT((Mapa_Sala='Mapa do Dia'!$N17)*(Mapa_Data=Data_Mapa)*(Mapa_MinOcup>0)*(Mapa_RelIni<310)*(Mapa_RelFim>300))>0,2,IF(SUMPRODUCT((Mapa_Sala='Mapa do Dia'!$N17)*(Mapa_Data=Data_Mapa)*(Mapa_MinOcup>0)*(Mapa_RelFim<310)*(Mapa_RelFim+Limpeza_Min>300))>0,1,0))) | BA19: =IF(OR('Mapa do Dia'!$A17="",'Calc'!$B9<>"Sala cirúrgica"),"",IF(SUMPRODUCT((Mapa_Sala='Mapa do Dia'!$N17)*(Mapa_Data=Data_Mapa)*(Mapa_MinOcup>0)*(Mapa_RelIni<320)*(Mapa_RelFim>310))>0,2,IF(SUMPRODUCT((Mapa_Sala='Mapa do Dia'!$N17)*(Mapa_Data=Data_Mapa)*(Mapa_MinOcup>0)*(Mapa_RelFim<320)*(Mapa_RelFim+Limpeza_Min>310))>0,1,0))) | BB19: =IF(OR('Mapa do Dia'!$A17="",'Calc'!$B9<>"Sala cirúrgica"),"",IF(SUMPRODUCT((Mapa_Sala='Mapa do Dia'!$N17)*(Mapa_Data=Data_Mapa)*(Mapa_MinOcup>0)*(Mapa_RelIni<330)*(Mapa_RelFim>320))>0,2,IF(SUMPRODUCT((Mapa_Sala='Mapa do Dia'!$N17)*(Mapa_Data=Data_Mapa)*(Mapa_MinOcup>0)*(Mapa_RelFim<330)*(Mapa_RelFim+Limpeza_Min>320))>0,1,0))) | BC19: =IF(OR('Mapa do Dia'!$A17="",'Calc'!$B9<>"Sala cirúrgica"),"",IF(SUMPRODUCT((Mapa_Sala='Mapa do Dia'!$N17)*(Mapa_Data=Data_Mapa)*(Mapa_MinOcup>0)*(Mapa_RelIni<340)*(Mapa_RelFim>330))>0,2,IF(SUMPRODUCT((Mapa_Sala='Mapa do Dia'!$N17)*(Mapa_Data=Data_Mapa)*(Mapa_MinOcup>0)*(Mapa_RelFim<340)*(Mapa_RelFim+Limpeza_Min>330))>0,1,0))) | BD19: =IF(OR('Mapa do Dia'!$A17="",'Calc'!$B9<>"Sala cirúrgica"),"",IF(SUMPRODUCT((Mapa_Sala='Mapa do Dia'!$N17)*(Mapa_Data=Data_Mapa)*(Mapa_MinOcup>0)*(Mapa_RelIni<350)*(Mapa_RelFim>340))>0,2,IF(SUMPRODUCT((Mapa_Sala='Mapa do Dia'!$N17)*(Mapa_Data=Data_Mapa)*(Mapa_MinOcup>0)*(Mapa_RelFim<350)*(Mapa_RelFim+Limpeza_Min>340))>0,1,0))) | BE19: =IF(OR('Mapa do Dia'!$A17="",'Calc'!$B9<>"Sala cirúrgica"),"",IF(SUMPRODUCT((Mapa_Sala='Mapa do Dia'!$N17)*(Mapa_Data=Data_Mapa)*(Mapa_MinOcup>0)*(Mapa_RelIni<360)*(Mapa_RelFim>350))>0,2,IF(SUMPRODUCT((Mapa_Sala='Mapa do Dia'!$N17)*(Mapa_Data=Data_Mapa)*(Mapa_MinOcup>0)*(Mapa_RelFim<360)*(Mapa_RelFim+Limpeza_Min>350))>0,1,0))) | BF19: =IF('Mapa do Dia'!$A17="","",'Mapa do Dia'!$F17)
A20: =IF('Mapa do Dia'!$A18="","",'Mapa do Dia'!$A18) | L20: =IF('Mapa do Dia'!$A18="","",IF('Mapa do Dia'!$D18="","(falta escalar)",IFERROR(INDEX(Equipe_Curto,MATCH('Mapa do Dia'!$D18,Equipe_Nome,0)),'Mapa do Dia'!$D18))&IF('Mapa do Dia'!$B18<2,"",IF('Mapa do Dia'!$E18="", " · (falta escalar)"," · "&IFERROR(INDEX(Equipe_Curto,MATCH('Mapa do Dia'!$E18,Equipe_Nome,0)),'Mapa do Dia'!$E18)))) | V20: =IF(OR('Mapa do Dia'!$A18="",'Calc'!$B10<>"Sala cirúrgica"),"",IF(SUMPRODUCT((Mapa_Sala='Mapa do Dia'!$N18)*(Mapa_Data=Data_Mapa)*(Mapa_MinOcup>0)*(Mapa_RelIni<10)*(Mapa_RelFim>0))>0,2,IF(SUMPRODUCT((Mapa_Sala='Mapa do Dia'!$N18)*(Mapa_Data=Data_Mapa)*(Mapa_MinOcup>0)*(Mapa_RelFim<10)*(Mapa_RelFim+Limpeza_Min>0))>0,1,0))) | W20: =IF(OR('Mapa do Dia'!$A18="",'Calc'!$B10<>"Sala cirúrgica"),"",IF(SUMPRODUCT((Mapa_Sala='Mapa do Dia'!$N18)*(Mapa_Data=Data_Mapa)*(Mapa_MinOcup>0)*(Mapa_RelIni<20)*(Mapa_RelFim>10))>0,2,IF(SUMPRODUCT((Mapa_Sala='Mapa do Dia'!$N18)*(Mapa_Data=Data_Mapa)*(Mapa_MinOcup>0)*(Mapa_RelFim<20)*(Mapa_RelFim+Limpeza_Min>10))>0,1,0))) | X20: =IF(OR('Mapa do Dia'!$A18="",'Calc'!$B10<>"Sala cirúrgica"),"",IF(SUMPRODUCT((Mapa_Sala='Mapa do Dia'!$N18)*(Mapa_Data=Data_Mapa)*(Mapa_MinOcup>0)*(Mapa_RelIni<30)*(Mapa_RelFim>20))>0,2,IF(SUMPRODUCT((Mapa_Sala='Mapa do Dia'!$N18)*(Mapa_Data=Data_Mapa)*(Mapa_MinOcup>0)*(Mapa_RelFim<30)*(Mapa_RelFim+Limpeza_Min>20))>0,1,0))) | Y20: =IF(OR('Mapa do Dia'!$A18="",'Calc'!$B10<>"Sala cirúrgica"),"",IF(SUMPRODUCT((Mapa_Sala='Mapa do Dia'!$N18)*(Mapa_Data=Data_Mapa)*(Mapa_MinOcup>0)*(Mapa_RelIni<40)*(Mapa_RelFim>30))>0,2,IF(SUMPRODUCT((Mapa_Sala='Mapa do Dia'!$N18)*(Mapa_Data=Data_Mapa)*(Mapa_MinOcup>0)*(Mapa_RelFim<40)*(Mapa_RelFim+Limpeza_Min>30))>0,1,0))) | Z20: =IF(OR('Mapa do Dia'!$A18="",'Calc'!$B10<>"Sala cirúrgica"),"",IF(SUMPRODUCT((Mapa_Sala='Mapa do Dia'!$N18)*(Mapa_Data=Data_Mapa)*(Mapa_MinOcup>0)*(Mapa_RelIni<50)*(Mapa_RelFim>40))>0,2,IF(SUMPRODUCT((Mapa_Sala='Mapa do Dia'!$N18)*(Mapa_Data=Data_Mapa)*(Mapa_MinOcup>0)*(Mapa_RelFim<50)*(Mapa_RelFim+Limpeza_Min>40))>0,1,0))) | AA20: =IF(OR('Mapa do Dia'!$A18="",'Calc'!$B10<>"Sala cirúrgica"),"",IF(SUMPRODUCT((Mapa_Sala='Mapa do Dia'!$N18)*(Mapa_Data=Data_Mapa)*(Mapa_MinOcup>0)*(Mapa_RelIni<60)*(Mapa_RelFim>50))>0,2,IF(SUMPRODUCT((Mapa_Sala='Mapa do Dia'!$N18)*(Mapa_Data=Data_Mapa)*(Mapa_MinOcup>0)*(Mapa_RelFim<60)*(Mapa_RelFim+Limpeza_Min>50))>0,1,0))) | AB20: =IF(OR('Mapa do Dia'!$A18="",'Calc'!$B10<>"Sala cirúrgica"),"",IF(SUMPRODUCT((Mapa_Sala='Mapa do Dia'!$N18)*(Mapa_Data=Data_Mapa)*(Mapa_MinOcup>0)*(Mapa_RelIni<70)*(Mapa_RelFim>60))>0,2,IF(SUMPRODUCT((Mapa_Sala='Mapa do Dia'!$N18)*(Mapa_Data=Data_Mapa)*(Mapa_MinOcup>0)*(Mapa_RelFim<70)*(Mapa_RelFim+Limpeza_Min>60))>0,1,0))) | AC20: =IF(OR('Mapa do Dia'!$A18="",'Calc'!$B10<>"Sala cirúrgica"),"",IF(SUMPRODUCT((Mapa_Sala='Mapa do Dia'!$N18)*(Mapa_Data=Data_Mapa)*(Mapa_MinOcup>0)*(Mapa_RelIni<80)*(Mapa_RelFim>70))>0,2,IF(SUMPRODUCT((Mapa_Sala='Mapa do Dia'!$N18)*(Mapa_Data=Data_Mapa)*(Mapa_MinOcup>0)*(Mapa_RelFim<80)*(Mapa_RelFim+Limpeza_Min>70))>0,1,0))) | AD20: =IF(OR('Mapa do Dia'!$A18="",'Calc'!$B10<>"Sala cirúrgica"),"",IF(SUMPRODUCT((Mapa_Sala='Mapa do Dia'!$N18)*(Mapa_Data=Data_Mapa)*(Mapa_MinOcup>0)*(Mapa_RelIni<90)*(Mapa_RelFim>80))>0,2,IF(SUMPRODUCT((Mapa_Sala='Mapa do Dia'!$N18)*(Mapa_Data=Data_Mapa)*(Mapa_MinOcup>0)*(Mapa_RelFim<90)*(Mapa_RelFim+Limpeza_Min>80))>0,1,0))) | AE20: =IF(OR('Mapa do Dia'!$A18="",'Calc'!$B10<>"Sala cirúrgica"),"",IF(SUMPRODUCT((Mapa_Sala='Mapa do Dia'!$N18)*(Mapa_Data=Data_Mapa)*(Mapa_MinOcup>0)*(Mapa_RelIni<100)*(Mapa_RelFim>90))>0,2,IF(SUMPRODUCT((Mapa_Sala='Mapa do Dia'!$N18)*(Mapa_Data=Data_Mapa)*(Mapa_MinOcup>0)*(Mapa_RelFim<100)*(Mapa_RelFim+Limpeza_Min>90))>0,1,0))) | AF20: =IF(OR('Mapa do Dia'!$A18="",'Calc'!$B10<>"Sala cirúrgica"),"",IF(SUMPRODUCT((Mapa_Sala='Mapa do Dia'!$N18)*(Mapa_Data=Data_Mapa)*(Mapa_MinOcup>0)*(Mapa_RelIni<110)*(Mapa_RelFim>100))>0,2,IF(SUMPRODUCT((Mapa_Sala='Mapa do Dia'!$N18)*(Mapa_Data=Data_Mapa)*(Mapa_MinOcup>0)*(Mapa_RelFim<110)*(Mapa_RelFim+Limpeza_Min>100))>0,1,0))) | AG20: =IF(OR('Mapa do Dia'!$A18="",'Calc'!$B10<>"Sala cirúrgica"),"",IF(SUMPRODUCT((Mapa_Sala='Mapa do Dia'!$N18)*(Mapa_Data=Data_Mapa)*(Mapa_MinOcup>0)*(Mapa_RelIni<120)*(Mapa_RelFim>110))>0,2,IF(SUMPRODUCT((Mapa_Sala='Mapa do Dia'!$N18)*(Mapa_Data=Data_Mapa)*(Mapa_MinOcup>0)*(Mapa_RelFim<120)*(Mapa_RelFim+Limpeza_Min>110))>0,1,0))) | AH20: =IF(OR('Mapa do Dia'!$A18="",'Calc'!$B10<>"Sala cirúrgica"),"",IF(SUMPRODUCT((Mapa_Sala='Mapa do Dia'!$N18)*(Mapa_Data=Data_Mapa)*(Mapa_MinOcup>0)*(Mapa_RelIni<130)*(Mapa_RelFim>120))>0,2,IF(SUMPRODUCT((Mapa_Sala='Mapa do Dia'!$N18)*(Mapa_Data=Data_Mapa)*(Mapa_MinOcup>0)*(Mapa_RelFim<130)*(Mapa_RelFim+Limpeza_Min>120))>0,1,0))) | AI20: =IF(OR('Mapa do Dia'!$A18="",'Calc'!$B10<>"Sala cirúrgica"),"",IF(SUMPRODUCT((Mapa_Sala='Mapa do Dia'!$N18)*(Mapa_Data=Data_Mapa)*(Mapa_MinOcup>0)*(Mapa_RelIni<140)*(Mapa_RelFim>130))>0,2,IF(SUMPRODUCT((Mapa_Sala='Mapa do Dia'!$N18)*(Mapa_Data=Data_Mapa)*(Mapa_MinOcup>0)*(Mapa_RelFim<140)*(Mapa_RelFim+Limpeza_Min>130))>0,1,0))) | AJ20: =IF(OR('Mapa do Dia'!$A18="",'Calc'!$B10<>"Sala cirúrgica"),"",IF(SUMPRODUCT((Mapa_Sala='Mapa do Dia'!$N18)*(Mapa_Data=Data_Mapa)*(Mapa_MinOcup>0)*(Mapa_RelIni<150)*(Mapa_RelFim>140))>0,2,IF(SUMPRODUCT((Mapa_Sala='Mapa do Dia'!$N18)*(Mapa_Data=Data_Mapa)*(Mapa_MinOcup>0)*(Mapa_RelFim<150)*(Mapa_RelFim+Limpeza_Min>140))>0,1,0))) | AK20: =IF(OR('Mapa do Dia'!$A18="",'Calc'!$B10<>"Sala cirúrgica"),"",IF(SUMPRODUCT((Mapa_Sala='Mapa do Dia'!$N18)*(Mapa_Data=Data_Mapa)*(Mapa_MinOcup>0)*(Mapa_RelIni<160)*(Mapa_RelFim>150))>0,2,IF(SUMPRODUCT((Mapa_Sala='Mapa do Dia'!$N18)*(Mapa_Data=Data_Mapa)*(Mapa_MinOcup>0)*(Mapa_RelFim<160)*(Mapa_RelFim+Limpeza_Min>150))>0,1,0))) | AL20: =IF(OR('Mapa do Dia'!$A18="",'Calc'!$B10<>"Sala cirúrgica"),"",IF(SUMPRODUCT((Mapa_Sala='Mapa do Dia'!$N18)*(Mapa_Data=Data_Mapa)*(Mapa_MinOcup>0)*(Mapa_RelIni<170)*(Mapa_RelFim>160))>0,2,IF(SUMPRODUCT((Mapa_Sala='Mapa do Dia'!$N18)*(Mapa_Data=Data_Mapa)*(Mapa_MinOcup>0)*(Mapa_RelFim<170)*(Mapa_RelFim+Limpeza_Min>160))>0,1,0))) | AM20: =IF(OR('Mapa do Dia'!$A18="",'Calc'!$B10<>"Sala cirúrgica"),"",IF(SUMPRODUCT((Mapa_Sala='Mapa do Dia'!$N18)*(Mapa_Data=Data_Mapa)*(Mapa_MinOcup>0)*(Mapa_RelIni<180)*(Mapa_RelFim>170))>0,2,IF(SUMPRODUCT((Mapa_Sala='Mapa do Dia'!$N18)*(Mapa_Data=Data_Mapa)*(Mapa_MinOcup>0)*(Mapa_RelFim<180)*(Mapa_RelFim+Limpeza_Min>170))>0,1,0))) | AN20: =IF(OR('Mapa do Dia'!$A18="",'Calc'!$B10<>"Sala cirúrgica"),"",IF(SUMPRODUCT((Mapa_Sala='Mapa do Dia'!$N18)*(Mapa_Data=Data_Mapa)*(Mapa_MinOcup>0)*(Mapa_RelIni<190)*(Mapa_RelFim>180))>0,2,IF(SUMPRODUCT((Mapa_Sala='Mapa do Dia'!$N18)*(Mapa_Data=Data_Mapa)*(Mapa_MinOcup>0)*(Mapa_RelFim<190)*(Mapa_RelFim+Limpeza_Min>180))>0,1,0))) | AO20: =IF(OR('Mapa do Dia'!$A18="",'Calc'!$B10<>"Sala cirúrgica"),"",IF(SUMPRODUCT((Mapa_Sala='Mapa do Dia'!$N18)*(Mapa_Data=Data_Mapa)*(Mapa_MinOcup>0)*(Mapa_RelIni<200)*(Mapa_RelFim>190))>0,2,IF(SUMPRODUCT((Mapa_Sala='Mapa do Dia'!$N18)*(Mapa_Data=Data_Mapa)*(Mapa_MinOcup>0)*(Mapa_RelFim<200)*(Mapa_RelFim+Limpeza_Min>190))>0,1,0))) | AP20: =IF(OR('Mapa do Dia'!$A18="",'Calc'!$B10<>"Sala cirúrgica"),"",IF(SUMPRODUCT((Mapa_Sala='Mapa do Dia'!$N18)*(Mapa_Data=Data_Mapa)*(Mapa_MinOcup>0)*(Mapa_RelIni<210)*(Mapa_RelFim>200))>0,2,IF(SUMPRODUCT((Mapa_Sala='Mapa do Dia'!$N18)*(Mapa_Data=Data_Mapa)*(Mapa_MinOcup>0)*(Mapa_RelFim<210)*(Mapa_RelFim+Limpeza_Min>200))>0,1,0))) | AQ20: =IF(OR('Mapa do Dia'!$A18="",'Calc'!$B10<>"Sala cirúrgica"),"",IF(SUMPRODUCT((Mapa_Sala='Mapa do Dia'!$N18)*(Mapa_Data=Data_Mapa)*(Mapa_MinOcup>0)*(Mapa_RelIni<220)*(Mapa_RelFim>210))>0,2,IF(SUMPRODUCT((Mapa_Sala='Mapa do Dia'!$N18)*(Mapa_Data=Data_Mapa)*(Mapa_MinOcup>0)*(Mapa_RelFim<220)*(Mapa_RelFim+Limpeza_Min>210))>0,1,0))) | AR20: =IF(OR('Mapa do Dia'!$A18="",'Calc'!$B10<>"Sala cirúrgica"),"",IF(SUMPRODUCT((Mapa_Sala='Mapa do Dia'!$N18)*(Mapa_Data=Data_Mapa)*(Mapa_MinOcup>0)*(Mapa_RelIni<230)*(Mapa_RelFim>220))>0,2,IF(SUMPRODUCT((Mapa_Sala='Mapa do Dia'!$N18)*(Mapa_Data=Data_Mapa)*(Mapa_MinOcup>0)*(Mapa_RelFim<230)*(Mapa_RelFim+Limpeza_Min>220))>0,1,0))) | AS20: =IF(OR('Mapa do Dia'!$A18="",'Calc'!$B10<>"Sala cirúrgica"),"",IF(SUMPRODUCT((Mapa_Sala='Mapa do Dia'!$N18)*(Mapa_Data=Data_Mapa)*(Mapa_MinOcup>0)*(Mapa_RelIni<240)*(Mapa_RelFim>230))>0,2,IF(SUMPRODUCT((Mapa_Sala='Mapa do Dia'!$N18)*(Mapa_Data=Data_Mapa)*(Mapa_MinOcup>0)*(Mapa_RelFim<240)*(Mapa_RelFim+Limpeza_Min>230))>0,1,0))) | AT20: =IF(OR('Mapa do Dia'!$A18="",'Calc'!$B10<>"Sala cirúrgica"),"",IF(SUMPRODUCT((Mapa_Sala='Mapa do Dia'!$N18)*(Mapa_Data=Data_Mapa)*(Mapa_MinOcup>0)*(Mapa_RelIni<250)*(Mapa_RelFim>240))>0,2,IF(SUMPRODUCT((Mapa_Sala='Mapa do Dia'!$N18)*(Mapa_Data=Data_Mapa)*(Mapa_MinOcup>0)*(Mapa_RelFim<250)*(Mapa_RelFim+Limpeza_Min>240))>0,1,0))) | AU20: =IF(OR('Mapa do Dia'!$A18="",'Calc'!$B10<>"Sala cirúrgica"),"",IF(SUMPRODUCT((Mapa_Sala='Mapa do Dia'!$N18)*(Mapa_Data=Data_Mapa)*(Mapa_MinOcup>0)*(Mapa_RelIni<260)*(Mapa_RelFim>250))>0,2,IF(SUMPRODUCT((Mapa_Sala='Mapa do Dia'!$N18)*(Mapa_Data=Data_Mapa)*(Mapa_MinOcup>0)*(Mapa_RelFim<260)*(Mapa_RelFim+Limpeza_Min>250))>0,1,0))) | AV20: =IF(OR('Mapa do Dia'!$A18="",'Calc'!$B10<>"Sala cirúrgica"),"",IF(SUMPRODUCT((Mapa_Sala='Mapa do Dia'!$N18)*(Mapa_Data=Data_Mapa)*(Mapa_MinOcup>0)*(Mapa_RelIni<270)*(Mapa_RelFim>260))>0,2,IF(SUMPRODUCT((Mapa_Sala='Mapa do Dia'!$N18)*(Mapa_Data=Data_Mapa)*(Mapa_MinOcup>0)*(Mapa_RelFim<270)*(Mapa_RelFim+Limpeza_Min>260))>0,1,0))) | AW20: =IF(OR('Mapa do Dia'!$A18="",'Calc'!$B10<>"Sala cirúrgica"),"",IF(SUMPRODUCT((Mapa_Sala='Mapa do Dia'!$N18)*(Mapa_Data=Data_Mapa)*(Mapa_MinOcup>0)*(Mapa_RelIni<280)*(Mapa_RelFim>270))>0,2,IF(SUMPRODUCT((Mapa_Sala='Mapa do Dia'!$N18)*(Mapa_Data=Data_Mapa)*(Mapa_MinOcup>0)*(Mapa_RelFim<280)*(Mapa_RelFim+Limpeza_Min>270))>0,1,0))) | AX20: =IF(OR('Mapa do Dia'!$A18="",'Calc'!$B10<>"Sala cirúrgica"),"",IF(SUMPRODUCT((Mapa_Sala='Mapa do Dia'!$N18)*(Mapa_Data=Data_Mapa)*(Mapa_MinOcup>0)*(Mapa_RelIni<290)*(Mapa_RelFim>280))>0,2,IF(SUMPRODUCT((Mapa_Sala='Mapa do Dia'!$N18)*(Mapa_Data=Data_Mapa)*(Mapa_MinOcup>0)*(Mapa_RelFim<290)*(Mapa_RelFim+Limpeza_Min>280))>0,1,0))) | AY20: =IF(OR('Mapa do Dia'!$A18="",'Calc'!$B10<>"Sala cirúrgica"),"",IF(SUMPRODUCT((Mapa_Sala='Mapa do Dia'!$N18)*(Mapa_Data=Data_Mapa)*(Mapa_MinOcup>0)*(Mapa_RelIni<300)*(Mapa_RelFim>290))>0,2,IF(SUMPRODUCT((Mapa_Sala='Mapa do Dia'!$N18)*(Mapa_Data=Data_Mapa)*(Mapa_MinOcup>0)*(Mapa_RelFim<300)*(Mapa_RelFim+Limpeza_Min>290))>0,1,0))) | AZ20: =IF(OR('Mapa do Dia'!$A18="",'Calc'!$B10<>"Sala cirúrgica"),"",IF(SUMPRODUCT((Mapa_Sala='Mapa do Dia'!$N18)*(Mapa_Data=Data_Mapa)*(Mapa_MinOcup>0)*(Mapa_RelIni<310)*(Mapa_RelFim>300))>0,2,IF(SUMPRODUCT((Mapa_Sala='Mapa do Dia'!$N18)*(Mapa_Data=Data_Mapa)*(Mapa_MinOcup>0)*(Mapa_RelFim<310)*(Mapa_RelFim+Limpeza_Min>300))>0,1,0))) | BA20: =IF(OR('Mapa do Dia'!$A18="",'Calc'!$B10<>"Sala cirúrgica"),"",IF(SUMPRODUCT((Mapa_Sala='Mapa do Dia'!$N18)*(Mapa_Data=Data_Mapa)*(Mapa_MinOcup>0)*(Mapa_RelIni<320)*(Mapa_RelFim>310))>0,2,IF(SUMPRODUCT((Mapa_Sala='Mapa do Dia'!$N18)*(Mapa_Data=Data_Mapa)*(Mapa_MinOcup>0)*(Mapa_RelFim<320)*(Mapa_RelFim+Limpeza_Min>310))>0,1,0))) | BB20: =IF(OR('Mapa do Dia'!$A18="",'Calc'!$B10<>"Sala cirúrgica"),"",IF(SUMPRODUCT((Mapa_Sala='Mapa do Dia'!$N18)*(Mapa_Data=Data_Mapa)*(Mapa_MinOcup>0)*(Mapa_RelIni<330)*(Mapa_RelFim>320))>0,2,IF(SUMPRODUCT((Mapa_Sala='Mapa do Dia'!$N18)*(Mapa_Data=Data_Mapa)*(Mapa_MinOcup>0)*(Mapa_RelFim<330)*(Mapa_RelFim+Limpeza_Min>320))>0,1,0))) | BC20: =IF(OR('Mapa do Dia'!$A18="",'Calc'!$B10<>"Sala cirúrgica"),"",IF(SUMPRODUCT((Mapa_Sala='Mapa do Dia'!$N18)*(Mapa_Data=Data_Mapa)*(Mapa_MinOcup>0)*(Mapa_RelIni<340)*(Mapa_RelFim>330))>0,2,IF(SUMPRODUCT((Mapa_Sala='Mapa do Dia'!$N18)*(Mapa_Data=Data_Mapa)*(Mapa_MinOcup>0)*(Mapa_RelFim<340)*(Mapa_RelFim+Limpeza_Min>330))>0,1,0))) | BD20: =IF(OR('Mapa do Dia'!$A18="",'Calc'!$B10<>"Sala cirúrgica"),"",IF(SUMPRODUCT((Mapa_Sala='Mapa do Dia'!$N18)*(Mapa_Data=Data_Mapa)*(Mapa_MinOcup>0)*(Mapa_RelIni<350)*(Mapa_RelFim>340))>0,2,IF(SUMPRODUCT((Mapa_Sala='Mapa do Dia'!$N18)*(Mapa_Data=Data_Mapa)*(Mapa_MinOcup>0)*(Mapa_RelFim<350)*(Mapa_RelFim+Limpeza_Min>340))>0,1,0))) | BE20: =IF(OR('Mapa do Dia'!$A18="",'Calc'!$B10<>"Sala cirúrgica"),"",IF(SUMPRODUCT((Mapa_Sala='Mapa do Dia'!$N18)*(Mapa_Data=Data_Mapa)*(Mapa_MinOcup>0)*(Mapa_RelIni<360)*(Mapa_RelFim>350))>0,2,IF(SUMPRODUCT((Mapa_Sala='Mapa do Dia'!$N18)*(Mapa_Data=Data_Mapa)*(Mapa_MinOcup>0)*(Mapa_RelFim<360)*(Mapa_RelFim+Limpeza_Min>350))>0,1,0))) | BF20: =IF('Mapa do Dia'!$A18="","",'Mapa do Dia'!$F18)
A21: =IF('Mapa do Dia'!$A19="","",'Mapa do Dia'!$A19) | L21: =IF('Mapa do Dia'!$A19="","",IF('Mapa do Dia'!$D19="","(falta escalar)",IFERROR(INDEX(Equipe_Curto,MATCH('Mapa do Dia'!$D19,Equipe_Nome,0)),'Mapa do Dia'!$D19))&IF('Mapa do Dia'!$B19<2,"",IF('Mapa do Dia'!$E19="", " · (falta escalar)"," · "&IFERROR(INDEX(Equipe_Curto,MATCH('Mapa do Dia'!$E19,Equipe_Nome,0)),'Mapa do Dia'!$E19)))) | V21: =IF(OR('Mapa do Dia'!$A19="",'Calc'!$B11<>"Sala cirúrgica"),"",IF(SUMPRODUCT((Mapa_Sala='Mapa do Dia'!$N19)*(Mapa_Data=Data_Mapa)*(Mapa_MinOcup>0)*(Mapa_RelIni<10)*(Mapa_RelFim>0))>0,2,IF(SUMPRODUCT((Mapa_Sala='Mapa do Dia'!$N19)*(Mapa_Data=Data_Mapa)*(Mapa_MinOcup>0)*(Mapa_RelFim<10)*(Mapa_RelFim+Limpeza_Min>0))>0,1,0))) | W21: =IF(OR('Mapa do Dia'!$A19="",'Calc'!$B11<>"Sala cirúrgica"),"",IF(SUMPRODUCT((Mapa_Sala='Mapa do Dia'!$N19)*(Mapa_Data=Data_Mapa)*(Mapa_MinOcup>0)*(Mapa_RelIni<20)*(Mapa_RelFim>10))>0,2,IF(SUMPRODUCT((Mapa_Sala='Mapa do Dia'!$N19)*(Mapa_Data=Data_Mapa)*(Mapa_MinOcup>0)*(Mapa_RelFim<20)*(Mapa_RelFim+Limpeza_Min>10))>0,1,0))) | X21: =IF(OR('Mapa do Dia'!$A19="",'Calc'!$B11<>"Sala cirúrgica"),"",IF(SUMPRODUCT((Mapa_Sala='Mapa do Dia'!$N19)*(Mapa_Data=Data_Mapa)*(Mapa_MinOcup>0)*(Mapa_RelIni<30)*(Mapa_RelFim>20))>0,2,IF(SUMPRODUCT((Mapa_Sala='Mapa do Dia'!$N19)*(Mapa_Data=Data_Mapa)*(Mapa_MinOcup>0)*(Mapa_RelFim<30)*(Mapa_RelFim+Limpeza_Min>20))>0,1,0))) | Y21: =IF(OR('Mapa do Dia'!$A19="",'Calc'!$B11<>"Sala cirúrgica"),"",IF(SUMPRODUCT((Mapa_Sala='Mapa do Dia'!$N19)*(Mapa_Data=Data_Mapa)*(Mapa_MinOcup>0)*(Mapa_RelIni<40)*(Mapa_RelFim>30))>0,2,IF(SUMPRODUCT((Mapa_Sala='Mapa do Dia'!$N19)*(Mapa_Data=Data_Mapa)*(Mapa_MinOcup>0)*(Mapa_RelFim<40)*(Mapa_RelFim+Limpeza_Min>30))>0,1,0))) | Z21: =IF(OR('Mapa do Dia'!$A19="",'Calc'!$B11<>"Sala cirúrgica"),"",IF(SUMPRODUCT((Mapa_Sala='Mapa do Dia'!$N19)*(Mapa_Data=Data_Mapa)*(Mapa_MinOcup>0)*(Mapa_RelIni<50)*(Mapa_RelFim>40))>0,2,IF(SUMPRODUCT((Mapa_Sala='Mapa do Dia'!$N19)*(Mapa_Data=Data_Mapa)*(Mapa_MinOcup>0)*(Mapa_RelFim<50)*(Mapa_RelFim+Limpeza_Min>40))>0,1,0))) | AA21: =IF(OR('Mapa do Dia'!$A19="",'Calc'!$B11<>"Sala cirúrgica"),"",IF(SUMPRODUCT((Mapa_Sala='Mapa do Dia'!$N19)*(Mapa_Data=Data_Mapa)*(Mapa_MinOcup>0)*(Mapa_RelIni<60)*(Mapa_RelFim>50))>0,2,IF(SUMPRODUCT((Mapa_Sala='Mapa do Dia'!$N19)*(Mapa_Data=Data_Mapa)*(Mapa_MinOcup>0)*(Mapa_RelFim<60)*(Mapa_RelFim+Limpeza_Min>50))>0,1,0))) | AB21: =IF(OR('Mapa do Dia'!$A19="",'Calc'!$B11<>"Sala cirúrgica"),"",IF(SUMPRODUCT((Mapa_Sala='Mapa do Dia'!$N19)*(Mapa_Data=Data_Mapa)*(Mapa_MinOcup>0)*(Mapa_RelIni<70)*(Mapa_RelFim>60))>0,2,IF(SUMPRODUCT((Mapa_Sala='Mapa do Dia'!$N19)*(Mapa_Data=Data_Mapa)*(Mapa_MinOcup>0)*(Mapa_RelFim<70)*(Mapa_RelFim+Limpeza_Min>60))>0,1,0))) | AC21: =IF(OR('Mapa do Dia'!$A19="",'Calc'!$B11<>"Sala cirúrgica"),"",IF(SUMPRODUCT((Mapa_Sala='Mapa do Dia'!$N19)*(Mapa_Data=Data_Mapa)*(Mapa_MinOcup>0)*(Mapa_RelIni<80)*(Mapa_RelFim>70))>0,2,IF(SUMPRODUCT((Mapa_Sala='Mapa do Dia'!$N19)*(Mapa_Data=Data_Mapa)*(Mapa_MinOcup>0)*(Mapa_RelFim<80)*(Mapa_RelFim+Limpeza_Min>70))>0,1,0))) | AD21: =IF(OR('Mapa do Dia'!$A19="",'Calc'!$B11<>"Sala cirúrgica"),"",IF(SUMPRODUCT((Mapa_Sala='Mapa do Dia'!$N19)*(Mapa_Data=Data_Mapa)*(Mapa_MinOcup>0)*(Mapa_RelIni<90)*(Mapa_RelFim>80))>0,2,IF(SUMPRODUCT((Mapa_Sala='Mapa do Dia'!$N19)*(Mapa_Data=Data_Mapa)*(Mapa_MinOcup>0)*(Mapa_RelFim<90)*(Mapa_RelFim+Limpeza_Min>80))>0,1,0))) | AE21: =IF(OR('Mapa do Dia'!$A19="",'Calc'!$B11<>"Sala cirúrgica"),"",IF(SUMPRODUCT((Mapa_Sala='Mapa do Dia'!$N19)*(Mapa_Data=Data_Mapa)*(Mapa_MinOcup>0)*(Mapa_RelIni<100)*(Mapa_RelFim>90))>0,2,IF(SUMPRODUCT((Mapa_Sala='Mapa do Dia'!$N19)*(Mapa_Data=Data_Mapa)*(Mapa_MinOcup>0)*(Mapa_RelFim<100)*(Mapa_RelFim+Limpeza_Min>90))>0,1,0))) | AF21: =IF(OR('Mapa do Dia'!$A19="",'Calc'!$B11<>"Sala cirúrgica"),"",IF(SUMPRODUCT((Mapa_Sala='Mapa do Dia'!$N19)*(Mapa_Data=Data_Mapa)*(Mapa_MinOcup>0)*(Mapa_RelIni<110)*(Mapa_RelFim>100))>0,2,IF(SUMPRODUCT((Mapa_Sala='Mapa do Dia'!$N19)*(Mapa_Data=Data_Mapa)*(Mapa_MinOcup>0)*(Mapa_RelFim<110)*(Mapa_RelFim+Limpeza_Min>100))>0,1,0))) | AG21: =IF(OR('Mapa do Dia'!$A19="",'Calc'!$B11<>"Sala cirúrgica"),"",IF(SUMPRODUCT((Mapa_Sala='Mapa do Dia'!$N19)*(Mapa_Data=Data_Mapa)*(Mapa_MinOcup>0)*(Mapa_RelIni<120)*(Mapa_RelFim>110))>0,2,IF(SUMPRODUCT((Mapa_Sala='Mapa do Dia'!$N19)*(Mapa_Data=Data_Mapa)*(Mapa_MinOcup>0)*(Mapa_RelFim<120)*(Mapa_RelFim+Limpeza_Min>110))>0,1,0))) | AH21: =IF(OR('Mapa do Dia'!$A19="",'Calc'!$B11<>"Sala cirúrgica"),"",IF(SUMPRODUCT((Mapa_Sala='Mapa do Dia'!$N19)*(Mapa_Data=Data_Mapa)*(Mapa_MinOcup>0)*(Mapa_RelIni<130)*(Mapa_RelFim>120))>0,2,IF(SUMPRODUCT((Mapa_Sala='Mapa do Dia'!$N19)*(Mapa_Data=Data_Mapa)*(Mapa_MinOcup>0)*(Mapa_RelFim<130)*(Mapa_RelFim+Limpeza_Min>120))>0,1,0))) | AI21: =IF(OR('Mapa do Dia'!$A19="",'Calc'!$B11<>"Sala cirúrgica"),"",IF(SUMPRODUCT((Mapa_Sala='Mapa do Dia'!$N19)*(Mapa_Data=Data_Mapa)*(Mapa_MinOcup>0)*(Mapa_RelIni<140)*(Mapa_RelFim>130))>0,2,IF(SUMPRODUCT((Mapa_Sala='Mapa do Dia'!$N19)*(Mapa_Data=Data_Mapa)*(Mapa_MinOcup>0)*(Mapa_RelFim<140)*(Mapa_RelFim+Limpeza_Min>130))>0,1,0))) | AJ21: =IF(OR('Mapa do Dia'!$A19="",'Calc'!$B11<>"Sala cirúrgica"),"",IF(SUMPRODUCT((Mapa_Sala='Mapa do Dia'!$N19)*(Mapa_Data=Data_Mapa)*(Mapa_MinOcup>0)*(Mapa_RelIni<150)*(Mapa_RelFim>140))>0,2,IF(SUMPRODUCT((Mapa_Sala='Mapa do Dia'!$N19)*(Mapa_Data=Data_Mapa)*(Mapa_MinOcup>0)*(Mapa_RelFim<150)*(Mapa_RelFim+Limpeza_Min>140))>0,1,0))) | AK21: =IF(OR('Mapa do Dia'!$A19="",'Calc'!$B11<>"Sala cirúrgica"),"",IF(SUMPRODUCT((Mapa_Sala='Mapa do Dia'!$N19)*(Mapa_Data=Data_Mapa)*(Mapa_MinOcup>0)*(Mapa_RelIni<160)*(Mapa_RelFim>150))>0,2,IF(SUMPRODUCT((Mapa_Sala='Mapa do Dia'!$N19)*(Mapa_Data=Data_Mapa)*(Mapa_MinOcup>0)*(Mapa_RelFim<160)*(Mapa_RelFim+Limpeza_Min>150))>0,1,0))) | AL21: =IF(OR('Mapa do Dia'!$A19="",'Calc'!$B11<>"Sala cirúrgica"),"",IF(SUMPRODUCT((Mapa_Sala='Mapa do Dia'!$N19)*(Mapa_Data=Data_Mapa)*(Mapa_MinOcup>0)*(Mapa_RelIni<170)*(Mapa_RelFim>160))>0,2,IF(SUMPRODUCT((Mapa_Sala='Mapa do Dia'!$N19)*(Mapa_Data=Data_Mapa)*(Mapa_MinOcup>0)*(Mapa_RelFim<170)*(Mapa_RelFim+Limpeza_Min>160))>0,1,0))) | AM21: =IF(OR('Mapa do Dia'!$A19="",'Calc'!$B11<>"Sala cirúrgica"),"",IF(SUMPRODUCT((Mapa_Sala='Mapa do Dia'!$N19)*(Mapa_Data=Data_Mapa)*(Mapa_MinOcup>0)*(Mapa_RelIni<180)*(Mapa_RelFim>170))>0,2,IF(SUMPRODUCT((Mapa_Sala='Mapa do Dia'!$N19)*(Mapa_Data=Data_Mapa)*(Mapa_MinOcup>0)*(Mapa_RelFim<180)*(Mapa_RelFim+Limpeza_Min>170))>0,1,0))) | AN21: =IF(OR('Mapa do Dia'!$A19="",'Calc'!$B11<>"Sala cirúrgica"),"",IF(SUMPRODUCT((Mapa_Sala='Mapa do Dia'!$N19)*(Mapa_Data=Data_Mapa)*(Mapa_MinOcup>0)*(Mapa_RelIni<190)*(Mapa_RelFim>180))>0,2,IF(SUMPRODUCT((Mapa_Sala='Mapa do Dia'!$N19)*(Mapa_Data=Data_Mapa)*(Mapa_MinOcup>0)*(Mapa_RelFim<190)*(Mapa_RelFim+Limpeza_Min>180))>0,1,0))) | AO21: =IF(OR('Mapa do Dia'!$A19="",'Calc'!$B11<>"Sala cirúrgica"),"",IF(SUMPRODUCT((Mapa_Sala='Mapa do Dia'!$N19)*(Mapa_Data=Data_Mapa)*(Mapa_MinOcup>0)*(Mapa_RelIni<200)*(Mapa_RelFim>190))>0,2,IF(SUMPRODUCT((Mapa_Sala='Mapa do Dia'!$N19)*(Mapa_Data=Data_Mapa)*(Mapa_MinOcup>0)*(Mapa_RelFim<200)*(Mapa_RelFim+Limpeza_Min>190))>0,1,0))) | AP21: =IF(OR('Mapa do Dia'!$A19="",'Calc'!$B11<>"Sala cirúrgica"),"",IF(SUMPRODUCT((Mapa_Sala='Mapa do Dia'!$N19)*(Mapa_Data=Data_Mapa)*(Mapa_MinOcup>0)*(Mapa_RelIni<210)*(Mapa_RelFim>200))>0,2,IF(SUMPRODUCT((Mapa_Sala='Mapa do Dia'!$N19)*(Mapa_Data=Data_Mapa)*(Mapa_MinOcup>0)*(Mapa_RelFim<210)*(Mapa_RelFim+Limpeza_Min>200))>0,1,0))) | AQ21: =IF(OR('Mapa do Dia'!$A19="",'Calc'!$B11<>"Sala cirúrgica"),"",IF(SUMPRODUCT((Mapa_Sala='Mapa do Dia'!$N19)*(Mapa_Data=Data_Mapa)*(Mapa_MinOcup>0)*(Mapa_RelIni<220)*(Mapa_RelFim>210))>0,2,IF(SUMPRODUCT((Mapa_Sala='Mapa do Dia'!$N19)*(Mapa_Data=Data_Mapa)*(Mapa_MinOcup>0)*(Mapa_RelFim<220)*(Mapa_RelFim+Limpeza_Min>210))>0,1,0))) | AR21: =IF(OR('Mapa do Dia'!$A19="",'Calc'!$B11<>"Sala cirúrgica"),"",IF(SUMPRODUCT((Mapa_Sala='Mapa do Dia'!$N19)*(Mapa_Data=Data_Mapa)*(Mapa_MinOcup>0)*(Mapa_RelIni<230)*(Mapa_RelFim>220))>0,2,IF(SUMPRODUCT((Mapa_Sala='Mapa do Dia'!$N19)*(Mapa_Data=Data_Mapa)*(Mapa_MinOcup>0)*(Mapa_RelFim<230)*(Mapa_RelFim+Limpeza_Min>220))>0,1,0))) | AS21: =IF(OR('Mapa do Dia'!$A19="",'Calc'!$B11<>"Sala cirúrgica"),"",IF(SUMPRODUCT((Mapa_Sala='Mapa do Dia'!$N19)*(Mapa_Data=Data_Mapa)*(Mapa_MinOcup>0)*(Mapa_RelIni<240)*(Mapa_RelFim>230))>0,2,IF(SUMPRODUCT((Mapa_Sala='Mapa do Dia'!$N19)*(Mapa_Data=Data_Mapa)*(Mapa_MinOcup>0)*(Mapa_RelFim<240)*(Mapa_RelFim+Limpeza_Min>230))>0,1,0))) | AT21: =IF(OR('Mapa do Dia'!$A19="",'Calc'!$B11<>"Sala cirúrgica"),"",IF(SUMPRODUCT((Mapa_Sala='Mapa do Dia'!$N19)*(Mapa_Data=Data_Mapa)*(Mapa_MinOcup>0)*(Mapa_RelIni<250)*(Mapa_RelFim>240))>0,2,IF(SUMPRODUCT((Mapa_Sala='Mapa do Dia'!$N19)*(Mapa_Data=Data_Mapa)*(Mapa_MinOcup>0)*(Mapa_RelFim<250)*(Mapa_RelFim+Limpeza_Min>240))>0,1,0))) | AU21: =IF(OR('Mapa do Dia'!$A19="",'Calc'!$B11<>"Sala cirúrgica"),"",IF(SUMPRODUCT((Mapa_Sala='Mapa do Dia'!$N19)*(Mapa_Data=Data_Mapa)*(Mapa_MinOcup>0)*(Mapa_RelIni<260)*(Mapa_RelFim>250))>0,2,IF(SUMPRODUCT((Mapa_Sala='Mapa do Dia'!$N19)*(Mapa_Data=Data_Mapa)*(Mapa_MinOcup>0)*(Mapa_RelFim<260)*(Mapa_RelFim+Limpeza_Min>250))>0,1,0))) | AV21: =IF(OR('Mapa do Dia'!$A19="",'Calc'!$B11<>"Sala cirúrgica"),"",IF(SUMPRODUCT((Mapa_Sala='Mapa do Dia'!$N19)*(Mapa_Data=Data_Mapa)*(Mapa_MinOcup>0)*(Mapa_RelIni<270)*(Mapa_RelFim>260))>0,2,IF(SUMPRODUCT((Mapa_Sala='Mapa do Dia'!$N19)*(Mapa_Data=Data_Mapa)*(Mapa_MinOcup>0)*(Mapa_RelFim<270)*(Mapa_RelFim+Limpeza_Min>260))>0,1,0))) | AW21: =IF(OR('Mapa do Dia'!$A19="",'Calc'!$B11<>"Sala cirúrgica"),"",IF(SUMPRODUCT((Mapa_Sala='Mapa do Dia'!$N19)*(Mapa_Data=Data_Mapa)*(Mapa_MinOcup>0)*(Mapa_RelIni<280)*(Mapa_RelFim>270))>0,2,IF(SUMPRODUCT((Mapa_Sala='Mapa do Dia'!$N19)*(Mapa_Data=Data_Mapa)*(Mapa_MinOcup>0)*(Mapa_RelFim<280)*(Mapa_RelFim+Limpeza_Min>270))>0,1,0))) | AX21: =IF(OR('Mapa do Dia'!$A19="",'Calc'!$B11<>"Sala cirúrgica"),"",IF(SUMPRODUCT((Mapa_Sala='Mapa do Dia'!$N19)*(Mapa_Data=Data_Mapa)*(Mapa_MinOcup>0)*(Mapa_RelIni<290)*(Mapa_RelFim>280))>0,2,IF(SUMPRODUCT((Mapa_Sala='Mapa do Dia'!$N19)*(Mapa_Data=Data_Mapa)*(Mapa_MinOcup>0)*(Mapa_RelFim<290)*(Mapa_RelFim+Limpeza_Min>280))>0,1,0))) | AY21: =IF(OR('Mapa do Dia'!$A19="",'Calc'!$B11<>"Sala cirúrgica"),"",IF(SUMPRODUCT((Mapa_Sala='Mapa do Dia'!$N19)*(Mapa_Data=Data_Mapa)*(Mapa_MinOcup>0)*(Mapa_RelIni<300)*(Mapa_RelFim>290))>0,2,IF(SUMPRODUCT((Mapa_Sala='Mapa do Dia'!$N19)*(Mapa_Data=Data_Mapa)*(Mapa_MinOcup>0)*(Mapa_RelFim<300)*(Mapa_RelFim+Limpeza_Min>290))>0,1,0))) | AZ21: =IF(OR('Mapa do Dia'!$A19="",'Calc'!$B11<>"Sala cirúrgica"),"",IF(SUMPRODUCT((Mapa_Sala='Mapa do Dia'!$N19)*(Mapa_Data=Data_Mapa)*(Mapa_MinOcup>0)*(Mapa_RelIni<310)*(Mapa_RelFim>300))>0,2,IF(SUMPRODUCT((Mapa_Sala='Mapa do Dia'!$N19)*(Mapa_Data=Data_Mapa)*(Mapa_MinOcup>0)*(Mapa_RelFim<310)*(Mapa_RelFim+Limpeza_Min>300))>0,1,0))) | BA21: =IF(OR('Mapa do Dia'!$A19="",'Calc'!$B11<>"Sala cirúrgica"),"",IF(SUMPRODUCT((Mapa_Sala='Mapa do Dia'!$N19)*(Mapa_Data=Data_Mapa)*(Mapa_MinOcup>0)*(Mapa_RelIni<320)*(Mapa_RelFim>310))>0,2,IF(SUMPRODUCT((Mapa_Sala='Mapa do Dia'!$N19)*(Mapa_Data=Data_Mapa)*(Mapa_MinOcup>0)*(Mapa_RelFim<320)*(Mapa_RelFim+Limpeza_Min>310))>0,1,0))) | BB21: =IF(OR('Mapa do Dia'!$A19="",'Calc'!$B11<>"Sala cirúrgica"),"",IF(SUMPRODUCT((Mapa_Sala='Mapa do Dia'!$N19)*(Mapa_Data=Data_Mapa)*(Mapa_MinOcup>0)*(Mapa_RelIni<330)*(Mapa_RelFim>320))>0,2,IF(SUMPRODUCT((Mapa_Sala='Mapa do Dia'!$N19)*(Mapa_Data=Data_Mapa)*(Mapa_MinOcup>0)*(Mapa_RelFim<330)*(Mapa_RelFim+Limpeza_Min>320))>0,1,0))) | BC21: =IF(OR('Mapa do Dia'!$A19="",'Calc'!$B11<>"Sala cirúrgica"),"",IF(SUMPRODUCT((Mapa_Sala='Mapa do Dia'!$N19)*(Mapa_Data=Data_Mapa)*(Mapa_MinOcup>0)*(Mapa_RelIni<340)*(Mapa_RelFim>330))>0,2,IF(SUMPRODUCT((Mapa_Sala='Mapa do Dia'!$N19)*(Mapa_Data=Data_Mapa)*(Mapa_MinOcup>0)*(Mapa_RelFim<340)*(Mapa_RelFim+Limpeza_Min>330))>0,1,0))) | BD21: =IF(OR('Mapa do Dia'!$A19="",'Calc'!$B11<>"Sala cirúrgica"),"",IF(SUMPRODUCT((Mapa_Sala='Mapa do Dia'!$N19)*(Mapa_Data=Data_Mapa)*(Mapa_MinOcup>0)*(Mapa_RelIni<350)*(Mapa_RelFim>340))>0,2,IF(SUMPRODUCT((Mapa_Sala='Mapa do Dia'!$N19)*(Mapa_Data=Data_Mapa)*(Mapa_MinOcup>0)*(Mapa_RelFim<350)*(Mapa_RelFim+Limpeza_Min>340))>0,1,0))) | BE21: =IF(OR('Mapa do Dia'!$A19="",'Calc'!$B11<>"Sala cirúrgica"),"",IF(SUMPRODUCT((Mapa_Sala='Mapa do Dia'!$N19)*(Mapa_Data=Data_Mapa)*(Mapa_MinOcup>0)*(Mapa_RelIni<360)*(Mapa_RelFim>350))>0,2,IF(SUMPRODUCT((Mapa_Sala='Mapa do Dia'!$N19)*(Mapa_Data=Data_Mapa)*(Mapa_MinOcup>0)*(Mapa_RelFim<360)*(Mapa_RelFim+Limpeza_Min>350))>0,1,0))) | BF21: =IF('Mapa do Dia'!$A19="","",'Mapa do Dia'!$F19)
A22: =IF('Mapa do Dia'!$A20="","",'Mapa do Dia'!$A20) | L22: =IF('Mapa do Dia'!$A20="","",IF('Mapa do Dia'!$D20="","(falta escalar)",IFERROR(INDEX(Equipe_Curto,MATCH('Mapa do Dia'!$D20,Equipe_Nome,0)),'Mapa do Dia'!$D20))&IF('Mapa do Dia'!$B20<2,"",IF('Mapa do Dia'!$E20="", " · (falta escalar)"," · "&IFERROR(INDEX(Equipe_Curto,MATCH('Mapa do Dia'!$E20,Equipe_Nome,0)),'Mapa do Dia'!$E20)))) | V22: =IF(OR('Mapa do Dia'!$A20="",'Calc'!$B12<>"Sala cirúrgica"),"",IF(SUMPRODUCT((Mapa_Sala='Mapa do Dia'!$N20)*(Mapa_Data=Data_Mapa)*(Mapa_MinOcup>0)*(Mapa_RelIni<10)*(Mapa_RelFim>0))>0,2,IF(SUMPRODUCT((Mapa_Sala='Mapa do Dia'!$N20)*(Mapa_Data=Data_Mapa)*(Mapa_MinOcup>0)*(Mapa_RelFim<10)*(Mapa_RelFim+Limpeza_Min>0))>0,1,0))) | W22: =IF(OR('Mapa do Dia'!$A20="",'Calc'!$B12<>"Sala cirúrgica"),"",IF(SUMPRODUCT((Mapa_Sala='Mapa do Dia'!$N20)*(Mapa_Data=Data_Mapa)*(Mapa_MinOcup>0)*(Mapa_RelIni<20)*(Mapa_RelFim>10))>0,2,IF(SUMPRODUCT((Mapa_Sala='Mapa do Dia'!$N20)*(Mapa_Data=Data_Mapa)*(Mapa_MinOcup>0)*(Mapa_RelFim<20)*(Mapa_RelFim+Limpeza_Min>10))>0,1,0))) | X22: =IF(OR('Mapa do Dia'!$A20="",'Calc'!$B12<>"Sala cirúrgica"),"",IF(SUMPRODUCT((Mapa_Sala='Mapa do Dia'!$N20)*(Mapa_Data=Data_Mapa)*(Mapa_MinOcup>0)*(Mapa_RelIni<30)*(Mapa_RelFim>20))>0,2,IF(SUMPRODUCT((Mapa_Sala='Mapa do Dia'!$N20)*(Mapa_Data=Data_Mapa)*(Mapa_MinOcup>0)*(Mapa_RelFim<30)*(Mapa_RelFim+Limpeza_Min>20))>0,1,0))) | Y22: =IF(OR('Mapa do Dia'!$A20="",'Calc'!$B12<>"Sala cirúrgica"),"",IF(SUMPRODUCT((Mapa_Sala='Mapa do Dia'!$N20)*(Mapa_Data=Data_Mapa)*(Mapa_MinOcup>0)*(Mapa_RelIni<40)*(Mapa_RelFim>30))>0,2,IF(SUMPRODUCT((Mapa_Sala='Mapa do Dia'!$N20)*(Mapa_Data=Data_Mapa)*(Mapa_MinOcup>0)*(Mapa_RelFim<40)*(Mapa_RelFim+Limpeza_Min>30))>0,1,0))) | Z22: =IF(OR('Mapa do Dia'!$A20="",'Calc'!$B12<>"Sala cirúrgica"),"",IF(SUMPRODUCT((Mapa_Sala='Mapa do Dia'!$N20)*(Mapa_Data=Data_Mapa)*(Mapa_MinOcup>0)*(Mapa_RelIni<50)*(Mapa_RelFim>40))>0,2,IF(SUMPRODUCT((Mapa_Sala='Mapa do Dia'!$N20)*(Mapa_Data=Data_Mapa)*(Mapa_MinOcup>0)*(Mapa_RelFim<50)*(Mapa_RelFim+Limpeza_Min>40))>0,1,0))) | AA22: =IF(OR('Mapa do Dia'!$A20="",'Calc'!$B12<>"Sala cirúrgica"),"",IF(SUMPRODUCT((Mapa_Sala='Mapa do Dia'!$N20)*(Mapa_Data=Data_Mapa)*(Mapa_MinOcup>0)*(Mapa_RelIni<60)*(Mapa_RelFim>50))>0,2,IF(SUMPRODUCT((Mapa_Sala='Mapa do Dia'!$N20)*(Mapa_Data=Data_Mapa)*(Mapa_MinOcup>0)*(Mapa_RelFim<60)*(Mapa_RelFim+Limpeza_Min>50))>0,1,0))) | AB22: =IF(OR('Mapa do Dia'!$A20="",'Calc'!$B12<>"Sala cirúrgica"),"",IF(SUMPRODUCT((Mapa_Sala='Mapa do Dia'!$N20)*(Mapa_Data=Data_Mapa)*(Mapa_MinOcup>0)*(Mapa_RelIni<70)*(Mapa_RelFim>60))>0,2,IF(SUMPRODUCT((Mapa_Sala='Mapa do Dia'!$N20)*(Mapa_Data=Data_Mapa)*(Mapa_MinOcup>0)*(Mapa_RelFim<70)*(Mapa_RelFim+Limpeza_Min>60))>0,1,0))) | AC22: =IF(OR('Mapa do Dia'!$A20="",'Calc'!$B12<>"Sala cirúrgica"),"",IF(SUMPRODUCT((Mapa_Sala='Mapa do Dia'!$N20)*(Mapa_Data=Data_Mapa)*(Mapa_MinOcup>0)*(Mapa_RelIni<80)*(Mapa_RelFim>70))>0,2,IF(SUMPRODUCT((Mapa_Sala='Mapa do Dia'!$N20)*(Mapa_Data=Data_Mapa)*(Mapa_MinOcup>0)*(Mapa_RelFim<80)*(Mapa_RelFim+Limpeza_Min>70))>0,1,0))) | AD22: =IF(OR('Mapa do Dia'!$A20="",'Calc'!$B12<>"Sala cirúrgica"),"",IF(SUMPRODUCT((Mapa_Sala='Mapa do Dia'!$N20)*(Mapa_Data=Data_Mapa)*(Mapa_MinOcup>0)*(Mapa_RelIni<90)*(Mapa_RelFim>80))>0,2,IF(SUMPRODUCT((Mapa_Sala='Mapa do Dia'!$N20)*(Mapa_Data=Data_Mapa)*(Mapa_MinOcup>0)*(Mapa_RelFim<90)*(Mapa_RelFim+Limpeza_Min>80))>0,1,0))) | AE22: =IF(OR('Mapa do Dia'!$A20="",'Calc'!$B12<>"Sala cirúrgica"),"",IF(SUMPRODUCT((Mapa_Sala='Mapa do Dia'!$N20)*(Mapa_Data=Data_Mapa)*(Mapa_MinOcup>0)*(Mapa_RelIni<100)*(Mapa_RelFim>90))>0,2,IF(SUMPRODUCT((Mapa_Sala='Mapa do Dia'!$N20)*(Mapa_Data=Data_Mapa)*(Mapa_MinOcup>0)*(Mapa_RelFim<100)*(Mapa_RelFim+Limpeza_Min>90))>0,1,0))) | AF22: =IF(OR('Mapa do Dia'!$A20="",'Calc'!$B12<>"Sala cirúrgica"),"",IF(SUMPRODUCT((Mapa_Sala='Mapa do Dia'!$N20)*(Mapa_Data=Data_Mapa)*(Mapa_MinOcup>0)*(Mapa_RelIni<110)*(Mapa_RelFim>100))>0,2,IF(SUMPRODUCT((Mapa_Sala='Mapa do Dia'!$N20)*(Mapa_Data=Data_Mapa)*(Mapa_MinOcup>0)*(Mapa_RelFim<110)*(Mapa_RelFim+Limpeza_Min>100))>0,1,0))) | AG22: =IF(OR('Mapa do Dia'!$A20="",'Calc'!$B12<>"Sala cirúrgica"),"",IF(SUMPRODUCT((Mapa_Sala='Mapa do Dia'!$N20)*(Mapa_Data=Data_Mapa)*(Mapa_MinOcup>0)*(Mapa_RelIni<120)*(Mapa_RelFim>110))>0,2,IF(SUMPRODUCT((Mapa_Sala='Mapa do Dia'!$N20)*(Mapa_Data=Data_Mapa)*(Mapa_MinOcup>0)*(Mapa_RelFim<120)*(Mapa_RelFim+Limpeza_Min>110))>0,1,0))) | AH22: =IF(OR('Mapa do Dia'!$A20="",'Calc'!$B12<>"Sala cirúrgica"),"",IF(SUMPRODUCT((Mapa_Sala='Mapa do Dia'!$N20)*(Mapa_Data=Data_Mapa)*(Mapa_MinOcup>0)*(Mapa_RelIni<130)*(Mapa_RelFim>120))>0,2,IF(SUMPRODUCT((Mapa_Sala='Mapa do Dia'!$N20)*(Mapa_Data=Data_Mapa)*(Mapa_MinOcup>0)*(Mapa_RelFim<130)*(Mapa_RelFim+Limpeza_Min>120))>0,1,0))) | AI22: =IF(OR('Mapa do Dia'!$A20="",'Calc'!$B12<>"Sala cirúrgica"),"",IF(SUMPRODUCT((Mapa_Sala='Mapa do Dia'!$N20)*(Mapa_Data=Data_Mapa)*(Mapa_MinOcup>0)*(Mapa_RelIni<140)*(Mapa_RelFim>130))>0,2,IF(SUMPRODUCT((Mapa_Sala='Mapa do Dia'!$N20)*(Mapa_Data=Data_Mapa)*(Mapa_MinOcup>0)*(Mapa_RelFim<140)*(Mapa_RelFim+Limpeza_Min>130))>0,1,0))) | AJ22: =IF(OR('Mapa do Dia'!$A20="",'Calc'!$B12<>"Sala cirúrgica"),"",IF(SUMPRODUCT((Mapa_Sala='Mapa do Dia'!$N20)*(Mapa_Data=Data_Mapa)*(Mapa_MinOcup>0)*(Mapa_RelIni<150)*(Mapa_RelFim>140))>0,2,IF(SUMPRODUCT((Mapa_Sala='Mapa do Dia'!$N20)*(Mapa_Data=Data_Mapa)*(Mapa_MinOcup>0)*(Mapa_RelFim<150)*(Mapa_RelFim+Limpeza_Min>140))>0,1,0))) | AK22: =IF(OR('Mapa do Dia'!$A20="",'Calc'!$B12<>"Sala cirúrgica"),"",IF(SUMPRODUCT((Mapa_Sala='Mapa do Dia'!$N20)*(Mapa_Data=Data_Mapa)*(Mapa_MinOcup>0)*(Mapa_RelIni<160)*(Mapa_RelFim>150))>0,2,IF(SUMPRODUCT((Mapa_Sala='Mapa do Dia'!$N20)*(Mapa_Data=Data_Mapa)*(Mapa_MinOcup>0)*(Mapa_RelFim<160)*(Mapa_RelFim+Limpeza_Min>150))>0,1,0))) | AL22: =IF(OR('Mapa do Dia'!$A20="",'Calc'!$B12<>"Sala cirúrgica"),"",IF(SUMPRODUCT((Mapa_Sala='Mapa do Dia'!$N20)*(Mapa_Data=Data_Mapa)*(Mapa_MinOcup>0)*(Mapa_RelIni<170)*(Mapa_RelFim>160))>0,2,IF(SUMPRODUCT((Mapa_Sala='Mapa do Dia'!$N20)*(Mapa_Data=Data_Mapa)*(Mapa_MinOcup>0)*(Mapa_RelFim<170)*(Mapa_RelFim+Limpeza_Min>160))>0,1,0))) | AM22: =IF(OR('Mapa do Dia'!$A20="",'Calc'!$B12<>"Sala cirúrgica"),"",IF(SUMPRODUCT((Mapa_Sala='Mapa do Dia'!$N20)*(Mapa_Data=Data_Mapa)*(Mapa_MinOcup>0)*(Mapa_RelIni<180)*(Mapa_RelFim>170))>0,2,IF(SUMPRODUCT((Mapa_Sala='Mapa do Dia'!$N20)*(Mapa_Data=Data_Mapa)*(Mapa_MinOcup>0)*(Mapa_RelFim<180)*(Mapa_RelFim+Limpeza_Min>170))>0,1,0))) | AN22: =IF(OR('Mapa do Dia'!$A20="",'Calc'!$B12<>"Sala cirúrgica"),"",IF(SUMPRODUCT((Mapa_Sala='Mapa do Dia'!$N20)*(Mapa_Data=Data_Mapa)*(Mapa_MinOcup>0)*(Mapa_RelIni<190)*(Mapa_RelFim>180))>0,2,IF(SUMPRODUCT((Mapa_Sala='Mapa do Dia'!$N20)*(Mapa_Data=Data_Mapa)*(Mapa_MinOcup>0)*(Mapa_RelFim<190)*(Mapa_RelFim+Limpeza_Min>180))>0,1,0))) | AO22: =IF(OR('Mapa do Dia'!$A20="",'Calc'!$B12<>"Sala cirúrgica"),"",IF(SUMPRODUCT((Mapa_Sala='Mapa do Dia'!$N20)*(Mapa_Data=Data_Mapa)*(Mapa_MinOcup>0)*(Mapa_RelIni<200)*(Mapa_RelFim>190))>0,2,IF(SUMPRODUCT((Mapa_Sala='Mapa do Dia'!$N20)*(Mapa_Data=Data_Mapa)*(Mapa_MinOcup>0)*(Mapa_RelFim<200)*(Mapa_RelFim+Limpeza_Min>190))>0,1,0))) | AP22: =IF(OR('Mapa do Dia'!$A20="",'Calc'!$B12<>"Sala cirúrgica"),"",IF(SUMPRODUCT((Mapa_Sala='Mapa do Dia'!$N20)*(Mapa_Data=Data_Mapa)*(Mapa_MinOcup>0)*(Mapa_RelIni<210)*(Mapa_RelFim>200))>0,2,IF(SUMPRODUCT((Mapa_Sala='Mapa do Dia'!$N20)*(Mapa_Data=Data_Mapa)*(Mapa_MinOcup>0)*(Mapa_RelFim<210)*(Mapa_RelFim+Limpeza_Min>200))>0,1,0))) | AQ22: =IF(OR('Mapa do Dia'!$A20="",'Calc'!$B12<>"Sala cirúrgica"),"",IF(SUMPRODUCT((Mapa_Sala='Mapa do Dia'!$N20)*(Mapa_Data=Data_Mapa)*(Mapa_MinOcup>0)*(Mapa_RelIni<220)*(Mapa_RelFim>210))>0,2,IF(SUMPRODUCT((Mapa_Sala='Mapa do Dia'!$N20)*(Mapa_Data=Data_Mapa)*(Mapa_MinOcup>0)*(Mapa_RelFim<220)*(Mapa_RelFim+Limpeza_Min>210))>0,1,0))) | AR22: =IF(OR('Mapa do Dia'!$A20="",'Calc'!$B12<>"Sala cirúrgica"),"",IF(SUMPRODUCT((Mapa_Sala='Mapa do Dia'!$N20)*(Mapa_Data=Data_Mapa)*(Mapa_MinOcup>0)*(Mapa_RelIni<230)*(Mapa_RelFim>220))>0,2,IF(SUMPRODUCT((Mapa_Sala='Mapa do Dia'!$N20)*(Mapa_Data=Data_Mapa)*(Mapa_MinOcup>0)*(Mapa_RelFim<230)*(Mapa_RelFim+Limpeza_Min>220))>0,1,0))) | AS22: =IF(OR('Mapa do Dia'!$A20="",'Calc'!$B12<>"Sala cirúrgica"),"",IF(SUMPRODUCT((Mapa_Sala='Mapa do Dia'!$N20)*(Mapa_Data=Data_Mapa)*(Mapa_MinOcup>0)*(Mapa_RelIni<240)*(Mapa_RelFim>230))>0,2,IF(SUMPRODUCT((Mapa_Sala='Mapa do Dia'!$N20)*(Mapa_Data=Data_Mapa)*(Mapa_MinOcup>0)*(Mapa_RelFim<240)*(Mapa_RelFim+Limpeza_Min>230))>0,1,0))) | AT22: =IF(OR('Mapa do Dia'!$A20="",'Calc'!$B12<>"Sala cirúrgica"),"",IF(SUMPRODUCT((Mapa_Sala='Mapa do Dia'!$N20)*(Mapa_Data=Data_Mapa)*(Mapa_MinOcup>0)*(Mapa_RelIni<250)*(Mapa_RelFim>240))>0,2,IF(SUMPRODUCT((Mapa_Sala='Mapa do Dia'!$N20)*(Mapa_Data=Data_Mapa)*(Mapa_MinOcup>0)*(Mapa_RelFim<250)*(Mapa_RelFim+Limpeza_Min>240))>0,1,0))) | AU22: =IF(OR('Mapa do Dia'!$A20="",'Calc'!$B12<>"Sala cirúrgica"),"",IF(SUMPRODUCT((Mapa_Sala='Mapa do Dia'!$N20)*(Mapa_Data=Data_Mapa)*(Mapa_MinOcup>0)*(Mapa_RelIni<260)*(Mapa_RelFim>250))>0,2,IF(SUMPRODUCT((Mapa_Sala='Mapa do Dia'!$N20)*(Mapa_Data=Data_Mapa)*(Mapa_MinOcup>0)*(Mapa_RelFim<260)*(Mapa_RelFim+Limpeza_Min>250))>0,1,0))) | AV22: =IF(OR('Mapa do Dia'!$A20="",'Calc'!$B12<>"Sala cirúrgica"),"",IF(SUMPRODUCT((Mapa_Sala='Mapa do Dia'!$N20)*(Mapa_Data=Data_Mapa)*(Mapa_MinOcup>0)*(Mapa_RelIni<270)*(Mapa_RelFim>260))>0,2,IF(SUMPRODUCT((Mapa_Sala='Mapa do Dia'!$N20)*(Mapa_Data=Data_Mapa)*(Mapa_MinOcup>0)*(Mapa_RelFim<270)*(Mapa_RelFim+Limpeza_Min>260))>0,1,0))) | AW22: =IF(OR('Mapa do Dia'!$A20="",'Calc'!$B12<>"Sala cirúrgica"),"",IF(SUMPRODUCT((Mapa_Sala='Mapa do Dia'!$N20)*(Mapa_Data=Data_Mapa)*(Mapa_MinOcup>0)*(Mapa_RelIni<280)*(Mapa_RelFim>270))>0,2,IF(SUMPRODUCT((Mapa_Sala='Mapa do Dia'!$N20)*(Mapa_Data=Data_Mapa)*(Mapa_MinOcup>0)*(Mapa_RelFim<280)*(Mapa_RelFim+Limpeza_Min>270))>0,1,0))) | AX22: =IF(OR('Mapa do Dia'!$A20="",'Calc'!$B12<>"Sala cirúrgica"),"",IF(SUMPRODUCT((Mapa_Sala='Mapa do Dia'!$N20)*(Mapa_Data=Data_Mapa)*(Mapa_MinOcup>0)*(Mapa_RelIni<290)*(Mapa_RelFim>280))>0,2,IF(SUMPRODUCT((Mapa_Sala='Mapa do Dia'!$N20)*(Mapa_Data=Data_Mapa)*(Mapa_MinOcup>0)*(Mapa_RelFim<290)*(Mapa_RelFim+Limpeza_Min>280))>0,1,0))) | AY22: =IF(OR('Mapa do Dia'!$A20="",'Calc'!$B12<>"Sala cirúrgica"),"",IF(SUMPRODUCT((Mapa_Sala='Mapa do Dia'!$N20)*(Mapa_Data=Data_Mapa)*(Mapa_MinOcup>0)*(Mapa_RelIni<300)*(Mapa_RelFim>290))>0,2,IF(SUMPRODUCT((Mapa_Sala='Mapa do Dia'!$N20)*(Mapa_Data=Data_Mapa)*(Mapa_MinOcup>0)*(Mapa_RelFim<300)*(Mapa_RelFim+Limpeza_Min>290))>0,1,0))) | AZ22: =IF(OR('Mapa do Dia'!$A20="",'Calc'!$B12<>"Sala cirúrgica"),"",IF(SUMPRODUCT((Mapa_Sala='Mapa do Dia'!$N20)*(Mapa_Data=Data_Mapa)*(Mapa_MinOcup>0)*(Mapa_RelIni<310)*(Mapa_RelFim>300))>0,2,IF(SUMPRODUCT((Mapa_Sala='Mapa do Dia'!$N20)*(Mapa_Data=Data_Mapa)*(Mapa_MinOcup>0)*(Mapa_RelFim<310)*(Mapa_RelFim+Limpeza_Min>300))>0,1,0))) | BA22: =IF(OR('Mapa do Dia'!$A20="",'Calc'!$B12<>"Sala cirúrgica"),"",IF(SUMPRODUCT((Mapa_Sala='Mapa do Dia'!$N20)*(Mapa_Data=Data_Mapa)*(Mapa_MinOcup>0)*(Mapa_RelIni<320)*(Mapa_RelFim>310))>0,2,IF(SUMPRODUCT((Mapa_Sala='Mapa do Dia'!$N20)*(Mapa_Data=Data_Mapa)*(Mapa_MinOcup>0)*(Mapa_RelFim<320)*(Mapa_RelFim+Limpeza_Min>310))>0,1,0))) | BB22: =IF(OR('Mapa do Dia'!$A20="",'Calc'!$B12<>"Sala cirúrgica"),"",IF(SUMPRODUCT((Mapa_Sala='Mapa do Dia'!$N20)*(Mapa_Data=Data_Mapa)*(Mapa_MinOcup>0)*(Mapa_RelIni<330)*(Mapa_RelFim>320))>0,2,IF(SUMPRODUCT((Mapa_Sala='Mapa do Dia'!$N20)*(Mapa_Data=Data_Mapa)*(Mapa_MinOcup>0)*(Mapa_RelFim<330)*(Mapa_RelFim+Limpeza_Min>320))>0,1,0))) | BC22: =IF(OR('Mapa do Dia'!$A20="",'Calc'!$B12<>"Sala cirúrgica"),"",IF(SUMPRODUCT((Mapa_Sala='Mapa do Dia'!$N20)*(Mapa_Data=Data_Mapa)*(Mapa_MinOcup>0)*(Mapa_RelIni<340)*(Mapa_RelFim>330))>0,2,IF(SUMPRODUCT((Mapa_Sala='Mapa do Dia'!$N20)*(Mapa_Data=Data_Mapa)*(Mapa_MinOcup>0)*(Mapa_RelFim<340)*(Mapa_RelFim+Limpeza_Min>330))>0,1,0))) | BD22: =IF(OR('Mapa do Dia'!$A20="",'Calc'!$B12<>"Sala cirúrgica"),"",IF(SUMPRODUCT((Mapa_Sala='Mapa do Dia'!$N20)*(Mapa_Data=Data_Mapa)*(Mapa_MinOcup>0)*(Mapa_RelIni<350)*(Mapa_RelFim>340))>0,2,IF(SUMPRODUCT((Mapa_Sala='Mapa do Dia'!$N20)*(Mapa_Data=Data_Mapa)*(Mapa_MinOcup>0)*(Mapa_RelFim<350)*(Mapa_RelFim+Limpeza_Min>340))>0,1,0))) | BE22: =IF(OR('Mapa do Dia'!$A20="",'Calc'!$B12<>"Sala cirúrgica"),"",IF(SUMPRODUCT((Mapa_Sala='Mapa do Dia'!$N20)*(Mapa_Data=Data_Mapa)*(Mapa_MinOcup>0)*(Mapa_RelIni<360)*(Mapa_RelFim>350))>0,2,IF(SUMPRODUCT((Mapa_Sala='Mapa do Dia'!$N20)*(Mapa_Data=Data_Mapa)*(Mapa_MinOcup>0)*(Mapa_RelFim<360)*(Mapa_RelFim+Limpeza_Min>350))>0,1,0))) | BF22: =IF('Mapa do Dia'!$A20="","",'Mapa do Dia'!$F20)
A23: =IF('Mapa do Dia'!$A21="","",'Mapa do Dia'!$A21) | L23: =IF('Mapa do Dia'!$A21="","",IF('Mapa do Dia'!$D21="","(falta escalar)",IFERROR(INDEX(Equipe_Curto,MATCH('Mapa do Dia'!$D21,Equipe_Nome,0)),'Mapa do Dia'!$D21))&IF('Mapa do Dia'!$B21<2,"",IF('Mapa do Dia'!$E21="", " · (falta escalar)"," · "&IFERROR(INDEX(Equipe_Curto,MATCH('Mapa do Dia'!$E21,Equipe_Nome,0)),'Mapa do Dia'!$E21)))) | V23: =IF(OR('Mapa do Dia'!$A21="",'Calc'!$B13<>"Sala cirúrgica"),"",IF(SUMPRODUCT((Mapa_Sala='Mapa do Dia'!$N21)*(Mapa_Data=Data_Mapa)*(Mapa_MinOcup>0)*(Mapa_RelIni<10)*(Mapa_RelFim>0))>0,2,IF(SUMPRODUCT((Mapa_Sala='Mapa do Dia'!$N21)*(Mapa_Data=Data_Mapa)*(Mapa_MinOcup>0)*(Mapa_RelFim<10)*(Mapa_RelFim+Limpeza_Min>0))>0,1,0))) | W23: =IF(OR('Mapa do Dia'!$A21="",'Calc'!$B13<>"Sala cirúrgica"),"",IF(SUMPRODUCT((Mapa_Sala='Mapa do Dia'!$N21)*(Mapa_Data=Data_Mapa)*(Mapa_MinOcup>0)*(Mapa_RelIni<20)*(Mapa_RelFim>10))>0,2,IF(SUMPRODUCT((Mapa_Sala='Mapa do Dia'!$N21)*(Mapa_Data=Data_Mapa)*(Mapa_MinOcup>0)*(Mapa_RelFim<20)*(Mapa_RelFim+Limpeza_Min>10))>0,1,0))) | X23: =IF(OR('Mapa do Dia'!$A21="",'Calc'!$B13<>"Sala cirúrgica"),"",IF(SUMPRODUCT((Mapa_Sala='Mapa do Dia'!$N21)*(Mapa_Data=Data_Mapa)*(Mapa_MinOcup>0)*(Mapa_RelIni<30)*(Mapa_RelFim>20))>0,2,IF(SUMPRODUCT((Mapa_Sala='Mapa do Dia'!$N21)*(Mapa_Data=Data_Mapa)*(Mapa_MinOcup>0)*(Mapa_RelFim<30)*(Mapa_RelFim+Limpeza_Min>20))>0,1,0))) | Y23: =IF(OR('Mapa do Dia'!$A21="",'Calc'!$B13<>"Sala cirúrgica"),"",IF(SUMPRODUCT((Mapa_Sala='Mapa do Dia'!$N21)*(Mapa_Data=Data_Mapa)*(Mapa_MinOcup>0)*(Mapa_RelIni<40)*(Mapa_RelFim>30))>0,2,IF(SUMPRODUCT((Mapa_Sala='Mapa do Dia'!$N21)*(Mapa_Data=Data_Mapa)*(Mapa_MinOcup>0)*(Mapa_RelFim<40)*(Mapa_RelFim+Limpeza_Min>30))>0,1,0))) | Z23: =IF(OR('Mapa do Dia'!$A21="",'Calc'!$B13<>"Sala cirúrgica"),"",IF(SUMPRODUCT((Mapa_Sala='Mapa do Dia'!$N21)*(Mapa_Data=Data_Mapa)*(Mapa_MinOcup>0)*(Mapa_RelIni<50)*(Mapa_RelFim>40))>0,2,IF(SUMPRODUCT((Mapa_Sala='Mapa do Dia'!$N21)*(Mapa_Data=Data_Mapa)*(Mapa_MinOcup>0)*(Mapa_RelFim<50)*(Mapa_RelFim+Limpeza_Min>40))>0,1,0))) | AA23: =IF(OR('Mapa do Dia'!$A21="",'Calc'!$B13<>"Sala cirúrgica"),"",IF(SUMPRODUCT((Mapa_Sala='Mapa do Dia'!$N21)*(Mapa_Data=Data_Mapa)*(Mapa_MinOcup>0)*(Mapa_RelIni<60)*(Mapa_RelFim>50))>0,2,IF(SUMPRODUCT((Mapa_Sala='Mapa do Dia'!$N21)*(Mapa_Data=Data_Mapa)*(Mapa_MinOcup>0)*(Mapa_RelFim<60)*(Mapa_RelFim+Limpeza_Min>50))>0,1,0))) | AB23: =IF(OR('Mapa do Dia'!$A21="",'Calc'!$B13<>"Sala cirúrgica"),"",IF(SUMPRODUCT((Mapa_Sala='Mapa do Dia'!$N21)*(Mapa_Data=Data_Mapa)*(Mapa_MinOcup>0)*(Mapa_RelIni<70)*(Mapa_RelFim>60))>0,2,IF(SUMPRODUCT((Mapa_Sala='Mapa do Dia'!$N21)*(Mapa_Data=Data_Mapa)*(Mapa_MinOcup>0)*(Mapa_RelFim<70)*(Mapa_RelFim+Limpeza_Min>60))>0,1,0))) | AC23: =IF(OR('Mapa do Dia'!$A21="",'Calc'!$B13<>"Sala cirúrgica"),"",IF(SUMPRODUCT((Mapa_Sala='Mapa do Dia'!$N21)*(Mapa_Data=Data_Mapa)*(Mapa_MinOcup>0)*(Mapa_RelIni<80)*(Mapa_RelFim>70))>0,2,IF(SUMPRODUCT((Mapa_Sala='Mapa do Dia'!$N21)*(Mapa_Data=Data_Mapa)*(Mapa_MinOcup>0)*(Mapa_RelFim<80)*(Mapa_RelFim+Limpeza_Min>70))>0,1,0))) | AD23: =IF(OR('Mapa do Dia'!$A21="",'Calc'!$B13<>"Sala cirúrgica"),"",IF(SUMPRODUCT((Mapa_Sala='Mapa do Dia'!$N21)*(Mapa_Data=Data_Mapa)*(Mapa_MinOcup>0)*(Mapa_RelIni<90)*(Mapa_RelFim>80))>0,2,IF(SUMPRODUCT((Mapa_Sala='Mapa do Dia'!$N21)*(Mapa_Data=Data_Mapa)*(Mapa_MinOcup>0)*(Mapa_RelFim<90)*(Mapa_RelFim+Limpeza_Min>80))>0,1,0))) | AE23: =IF(OR('Mapa do Dia'!$A21="",'Calc'!$B13<>"Sala cirúrgica"),"",IF(SUMPRODUCT((Mapa_Sala='Mapa do Dia'!$N21)*(Mapa_Data=Data_Mapa)*(Mapa_MinOcup>0)*(Mapa_RelIni<100)*(Mapa_RelFim>90))>0,2,IF(SUMPRODUCT((Mapa_Sala='Mapa do Dia'!$N21)*(Mapa_Data=Data_Mapa)*(Mapa_MinOcup>0)*(Mapa_RelFim<100)*(Mapa_RelFim+Limpeza_Min>90))>0,1,0))) | AF23: =IF(OR('Mapa do Dia'!$A21="",'Calc'!$B13<>"Sala cirúrgica"),"",IF(SUMPRODUCT((Mapa_Sala='Mapa do Dia'!$N21)*(Mapa_Data=Data_Mapa)*(Mapa_MinOcup>0)*(Mapa_RelIni<110)*(Mapa_RelFim>100))>0,2,IF(SUMPRODUCT((Mapa_Sala='Mapa do Dia'!$N21)*(Mapa_Data=Data_Mapa)*(Mapa_MinOcup>0)*(Mapa_RelFim<110)*(Mapa_RelFim+Limpeza_Min>100))>0,1,0))) | AG23: =IF(OR('Mapa do Dia'!$A21="",'Calc'!$B13<>"Sala cirúrgica"),"",IF(SUMPRODUCT((Mapa_Sala='Mapa do Dia'!$N21)*(Mapa_Data=Data_Mapa)*(Mapa_MinOcup>0)*(Mapa_RelIni<120)*(Mapa_RelFim>110))>0,2,IF(SUMPRODUCT((Mapa_Sala='Mapa do Dia'!$N21)*(Mapa_Data=Data_Mapa)*(Mapa_MinOcup>0)*(Mapa_RelFim<120)*(Mapa_RelFim+Limpeza_Min>110))>0,1,0))) | AH23: =IF(OR('Mapa do Dia'!$A21="",'Calc'!$B13<>"Sala cirúrgica"),"",IF(SUMPRODUCT((Mapa_Sala='Mapa do Dia'!$N21)*(Mapa_Data=Data_Mapa)*(Mapa_MinOcup>0)*(Mapa_RelIni<130)*(Mapa_RelFim>120))>0,2,IF(SUMPRODUCT((Mapa_Sala='Mapa do Dia'!$N21)*(Mapa_Data=Data_Mapa)*(Mapa_MinOcup>0)*(Mapa_RelFim<130)*(Mapa_RelFim+Limpeza_Min>120))>0,1,0))) | AI23: =IF(OR('Mapa do Dia'!$A21="",'Calc'!$B13<>"Sala cirúrgica"),"",IF(SUMPRODUCT((Mapa_Sala='Mapa do Dia'!$N21)*(Mapa_Data=Data_Mapa)*(Mapa_MinOcup>0)*(Mapa_RelIni<140)*(Mapa_RelFim>130))>0,2,IF(SUMPRODUCT((Mapa_Sala='Mapa do Dia'!$N21)*(Mapa_Data=Data_Mapa)*(Mapa_MinOcup>0)*(Mapa_RelFim<140)*(Mapa_RelFim+Limpeza_Min>130))>0,1,0))) | AJ23: =IF(OR('Mapa do Dia'!$A21="",'Calc'!$B13<>"Sala cirúrgica"),"",IF(SUMPRODUCT((Mapa_Sala='Mapa do Dia'!$N21)*(Mapa_Data=Data_Mapa)*(Mapa_MinOcup>0)*(Mapa_RelIni<150)*(Mapa_RelFim>140))>0,2,IF(SUMPRODUCT((Mapa_Sala='Mapa do Dia'!$N21)*(Mapa_Data=Data_Mapa)*(Mapa_MinOcup>0)*(Mapa_RelFim<150)*(Mapa_RelFim+Limpeza_Min>140))>0,1,0))) | AK23: =IF(OR('Mapa do Dia'!$A21="",'Calc'!$B13<>"Sala cirúrgica"),"",IF(SUMPRODUCT((Mapa_Sala='Mapa do Dia'!$N21)*(Mapa_Data=Data_Mapa)*(Mapa_MinOcup>0)*(Mapa_RelIni<160)*(Mapa_RelFim>150))>0,2,IF(SUMPRODUCT((Mapa_Sala='Mapa do Dia'!$N21)*(Mapa_Data=Data_Mapa)*(Mapa_MinOcup>0)*(Mapa_RelFim<160)*(Mapa_RelFim+Limpeza_Min>150))>0,1,0))) | AL23: =IF(OR('Mapa do Dia'!$A21="",'Calc'!$B13<>"Sala cirúrgica"),"",IF(SUMPRODUCT((Mapa_Sala='Mapa do Dia'!$N21)*(Mapa_Data=Data_Mapa)*(Mapa_MinOcup>0)*(Mapa_RelIni<170)*(Mapa_RelFim>160))>0,2,IF(SUMPRODUCT((Mapa_Sala='Mapa do Dia'!$N21)*(Mapa_Data=Data_Mapa)*(Mapa_MinOcup>0)*(Mapa_RelFim<170)*(Mapa_RelFim+Limpeza_Min>160))>0,1,0))) | AM23: =IF(OR('Mapa do Dia'!$A21="",'Calc'!$B13<>"Sala cirúrgica"),"",IF(SUMPRODUCT((Mapa_Sala='Mapa do Dia'!$N21)*(Mapa_Data=Data_Mapa)*(Mapa_MinOcup>0)*(Mapa_RelIni<180)*(Mapa_RelFim>170))>0,2,IF(SUMPRODUCT((Mapa_Sala='Mapa do Dia'!$N21)*(Mapa_Data=Data_Mapa)*(Mapa_MinOcup>0)*(Mapa_RelFim<180)*(Mapa_RelFim+Limpeza_Min>170))>0,1,0))) | AN23: =IF(OR('Mapa do Dia'!$A21="",'Calc'!$B13<>"Sala cirúrgica"),"",IF(SUMPRODUCT((Mapa_Sala='Mapa do Dia'!$N21)*(Mapa_Data=Data_Mapa)*(Mapa_MinOcup>0)*(Mapa_RelIni<190)*(Mapa_RelFim>180))>0,2,IF(SUMPRODUCT((Mapa_Sala='Mapa do Dia'!$N21)*(Mapa_Data=Data_Mapa)*(Mapa_MinOcup>0)*(Mapa_RelFim<190)*(Mapa_RelFim+Limpeza_Min>180))>0,1,0))) | AO23: =IF(OR('Mapa do Dia'!$A21="",'Calc'!$B13<>"Sala cirúrgica"),"",IF(SUMPRODUCT((Mapa_Sala='Mapa do Dia'!$N21)*(Mapa_Data=Data_Mapa)*(Mapa_MinOcup>0)*(Mapa_RelIni<200)*(Mapa_RelFim>190))>0,2,IF(SUMPRODUCT((Mapa_Sala='Mapa do Dia'!$N21)*(Mapa_Data=Data_Mapa)*(Mapa_MinOcup>0)*(Mapa_RelFim<200)*(Mapa_RelFim+Limpeza_Min>190))>0,1,0))) | AP23: =IF(OR('Mapa do Dia'!$A21="",'Calc'!$B13<>"Sala cirúrgica"),"",IF(SUMPRODUCT((Mapa_Sala='Mapa do Dia'!$N21)*(Mapa_Data=Data_Mapa)*(Mapa_MinOcup>0)*(Mapa_RelIni<210)*(Mapa_RelFim>200))>0,2,IF(SUMPRODUCT((Mapa_Sala='Mapa do Dia'!$N21)*(Mapa_Data=Data_Mapa)*(Mapa_MinOcup>0)*(Mapa_RelFim<210)*(Mapa_RelFim+Limpeza_Min>200))>0,1,0))) | AQ23: =IF(OR('Mapa do Dia'!$A21="",'Calc'!$B13<>"Sala cirúrgica"),"",IF(SUMPRODUCT((Mapa_Sala='Mapa do Dia'!$N21)*(Mapa_Data=Data_Mapa)*(Mapa_MinOcup>0)*(Mapa_RelIni<220)*(Mapa_RelFim>210))>0,2,IF(SUMPRODUCT((Mapa_Sala='Mapa do Dia'!$N21)*(Mapa_Data=Data_Mapa)*(Mapa_MinOcup>0)*(Mapa_RelFim<220)*(Mapa_RelFim+Limpeza_Min>210))>0,1,0))) | AR23: =IF(OR('Mapa do Dia'!$A21="",'Calc'!$B13<>"Sala cirúrgica"),"",IF(SUMPRODUCT((Mapa_Sala='Mapa do Dia'!$N21)*(Mapa_Data=Data_Mapa)*(Mapa_MinOcup>0)*(Mapa_RelIni<230)*(Mapa_RelFim>220))>0,2,IF(SUMPRODUCT((Mapa_Sala='Mapa do Dia'!$N21)*(Mapa_Data=Data_Mapa)*(Mapa_MinOcup>0)*(Mapa_RelFim<230)*(Mapa_RelFim+Limpeza_Min>220))>0,1,0))) | AS23: =IF(OR('Mapa do Dia'!$A21="",'Calc'!$B13<>"Sala cirúrgica"),"",IF(SUMPRODUCT((Mapa_Sala='Mapa do Dia'!$N21)*(Mapa_Data=Data_Mapa)*(Mapa_MinOcup>0)*(Mapa_RelIni<240)*(Mapa_RelFim>230))>0,2,IF(SUMPRODUCT((Mapa_Sala='Mapa do Dia'!$N21)*(Mapa_Data=Data_Mapa)*(Mapa_MinOcup>0)*(Mapa_RelFim<240)*(Mapa_RelFim+Limpeza_Min>230))>0,1,0))) | AT23: =IF(OR('Mapa do Dia'!$A21="",'Calc'!$B13<>"Sala cirúrgica"),"",IF(SUMPRODUCT((Mapa_Sala='Mapa do Dia'!$N21)*(Mapa_Data=Data_Mapa)*(Mapa_MinOcup>0)*(Mapa_RelIni<250)*(Mapa_RelFim>240))>0,2,IF(SUMPRODUCT((Mapa_Sala='Mapa do Dia'!$N21)*(Mapa_Data=Data_Mapa)*(Mapa_MinOcup>0)*(Mapa_RelFim<250)*(Mapa_RelFim+Limpeza_Min>240))>0,1,0))) | AU23: =IF(OR('Mapa do Dia'!$A21="",'Calc'!$B13<>"Sala cirúrgica"),"",IF(SUMPRODUCT((Mapa_Sala='Mapa do Dia'!$N21)*(Mapa_Data=Data_Mapa)*(Mapa_MinOcup>0)*(Mapa_RelIni<260)*(Mapa_RelFim>250))>0,2,IF(SUMPRODUCT((Mapa_Sala='Mapa do Dia'!$N21)*(Mapa_Data=Data_Mapa)*(Mapa_MinOcup>0)*(Mapa_RelFim<260)*(Mapa_RelFim+Limpeza_Min>250))>0,1,0))) | AV23: =IF(OR('Mapa do Dia'!$A21="",'Calc'!$B13<>"Sala cirúrgica"),"",IF(SUMPRODUCT((Mapa_Sala='Mapa do Dia'!$N21)*(Mapa_Data=Data_Mapa)*(Mapa_MinOcup>0)*(Mapa_RelIni<270)*(Mapa_RelFim>260))>0,2,IF(SUMPRODUCT((Mapa_Sala='Mapa do Dia'!$N21)*(Mapa_Data=Data_Mapa)*(Mapa_MinOcup>0)*(Mapa_RelFim<270)*(Mapa_RelFim+Limpeza_Min>260))>0,1,0))) | AW23: =IF(OR('Mapa do Dia'!$A21="",'Calc'!$B13<>"Sala cirúrgica"),"",IF(SUMPRODUCT((Mapa_Sala='Mapa do Dia'!$N21)*(Mapa_Data=Data_Mapa)*(Mapa_MinOcup>0)*(Mapa_RelIni<280)*(Mapa_RelFim>270))>0,2,IF(SUMPRODUCT((Mapa_Sala='Mapa do Dia'!$N21)*(Mapa_Data=Data_Mapa)*(Mapa_MinOcup>0)*(Mapa_RelFim<280)*(Mapa_RelFim+Limpeza_Min>270))>0,1,0))) | AX23: =IF(OR('Mapa do Dia'!$A21="",'Calc'!$B13<>"Sala cirúrgica"),"",IF(SUMPRODUCT((Mapa_Sala='Mapa do Dia'!$N21)*(Mapa_Data=Data_Mapa)*(Mapa_MinOcup>0)*(Mapa_RelIni<290)*(Mapa_RelFim>280))>0,2,IF(SUMPRODUCT((Mapa_Sala='Mapa do Dia'!$N21)*(Mapa_Data=Data_Mapa)*(Mapa_MinOcup>0)*(Mapa_RelFim<290)*(Mapa_RelFim+Limpeza_Min>280))>0,1,0))) | AY23: =IF(OR('Mapa do Dia'!$A21="",'Calc'!$B13<>"Sala cirúrgica"),"",IF(SUMPRODUCT((Mapa_Sala='Mapa do Dia'!$N21)*(Mapa_Data=Data_Mapa)*(Mapa_MinOcup>0)*(Mapa_RelIni<300)*(Mapa_RelFim>290))>0,2,IF(SUMPRODUCT((Mapa_Sala='Mapa do Dia'!$N21)*(Mapa_Data=Data_Mapa)*(Mapa_MinOcup>0)*(Mapa_RelFim<300)*(Mapa_RelFim+Limpeza_Min>290))>0,1,0))) | AZ23: =IF(OR('Mapa do Dia'!$A21="",'Calc'!$B13<>"Sala cirúrgica"),"",IF(SUMPRODUCT((Mapa_Sala='Mapa do Dia'!$N21)*(Mapa_Data=Data_Mapa)*(Mapa_MinOcup>0)*(Mapa_RelIni<310)*(Mapa_RelFim>300))>0,2,IF(SUMPRODUCT((Mapa_Sala='Mapa do Dia'!$N21)*(Mapa_Data=Data_Mapa)*(Mapa_MinOcup>0)*(Mapa_RelFim<310)*(Mapa_RelFim+Limpeza_Min>300))>0,1,0))) | BA23: =IF(OR('Mapa do Dia'!$A21="",'Calc'!$B13<>"Sala cirúrgica"),"",IF(SUMPRODUCT((Mapa_Sala='Mapa do Dia'!$N21)*(Mapa_Data=Data_Mapa)*(Mapa_MinOcup>0)*(Mapa_RelIni<320)*(Mapa_RelFim>310))>0,2,IF(SUMPRODUCT((Mapa_Sala='Mapa do Dia'!$N21)*(Mapa_Data=Data_Mapa)*(Mapa_MinOcup>0)*(Mapa_RelFim<320)*(Mapa_RelFim+Limpeza_Min>310))>0,1,0))) | BB23: =IF(OR('Mapa do Dia'!$A21="",'Calc'!$B13<>"Sala cirúrgica"),"",IF(SUMPRODUCT((Mapa_Sala='Mapa do Dia'!$N21)*(Mapa_Data=Data_Mapa)*(Mapa_MinOcup>0)*(Mapa_RelIni<330)*(Mapa_RelFim>320))>0,2,IF(SUMPRODUCT((Mapa_Sala='Mapa do Dia'!$N21)*(Mapa_Data=Data_Mapa)*(Mapa_MinOcup>0)*(Mapa_RelFim<330)*(Mapa_RelFim+Limpeza_Min>320))>0,1,0))) | BC23: =IF(OR('Mapa do Dia'!$A21="",'Calc'!$B13<>"Sala cirúrgica"),"",IF(SUMPRODUCT((Mapa_Sala='Mapa do Dia'!$N21)*(Mapa_Data=Data_Mapa)*(Mapa_MinOcup>0)*(Mapa_RelIni<340)*(Mapa_RelFim>330))>0,2,IF(SUMPRODUCT((Mapa_Sala='Mapa do Dia'!$N21)*(Mapa_Data=Data_Mapa)*(Mapa_MinOcup>0)*(Mapa_RelFim<340)*(Mapa_RelFim+Limpeza_Min>330))>0,1,0))) | BD23: =IF(OR('Mapa do Dia'!$A21="",'Calc'!$B13<>"Sala cirúrgica"),"",IF(SUMPRODUCT((Mapa_Sala='Mapa do Dia'!$N21)*(Mapa_Data=Data_Mapa)*(Mapa_MinOcup>0)*(Mapa_RelIni<350)*(Mapa_RelFim>340))>0,2,IF(SUMPRODUCT((Mapa_Sala='Mapa do Dia'!$N21)*(Mapa_Data=Data_Mapa)*(Mapa_MinOcup>0)*(Mapa_RelFim<350)*(Mapa_RelFim+Limpeza_Min>340))>0,1,0))) | BE23: =IF(OR('Mapa do Dia'!$A21="",'Calc'!$B13<>"Sala cirúrgica"),"",IF(SUMPRODUCT((Mapa_Sala='Mapa do Dia'!$N21)*(Mapa_Data=Data_Mapa)*(Mapa_MinOcup>0)*(Mapa_RelIni<360)*(Mapa_RelFim>350))>0,2,IF(SUMPRODUCT((Mapa_Sala='Mapa do Dia'!$N21)*(Mapa_Data=Data_Mapa)*(Mapa_MinOcup>0)*(Mapa_RelFim<360)*(Mapa_RelFim+Limpeza_Min>350))>0,1,0))) | BF23: =IF('Mapa do Dia'!$A21="","",'Mapa do Dia'!$F21)
... A27: =IF('Mapa do Dia'!$A25="","",'Mapa do Dia'!$A25) | L27: =IF('Mapa do Dia'!$A25="","",IF('Mapa do Dia'!$D25="","(falta escalar)",IFERROR(INDEX(Equipe_Curto,MATCH('Mapa do Dia'!$D25,Equipe_Nome,0)),'Mapa do Dia'!$D25))&IF('Mapa do Dia'!$B25<2,"",IF('Mapa do Dia'!$E25="", " · (falta escalar)"," · "&IFERROR(INDEX(Equipe_Curto,MATCH('Mapa do Dia'!$E25,Equipe_Nome,0)),'Mapa do Dia'!$E25)))) | V27: =IF(OR('Mapa do Dia'!$A25="",'Calc'!$B17<>"Sala cirúrgica"),"",IF(SUMPRODUCT((Mapa_Sala='Mapa do Dia'!$N25)*(Mapa_Data=Data_Mapa)*(Mapa_MinOcup>0)*(Mapa_RelIni<10)*(Mapa_RelFim>0))>0,2,IF(SUMPRODUCT((Mapa_Sala='Mapa do Dia'!$N25)*(Mapa_Data=Data_Mapa)*(Mapa_MinOcup>0)*(Mapa_RelFim<10)*(Mapa_RelFim+Limpeza_Min>0))>0,1,0))) | W27: =IF(OR('Mapa do Dia'!$A25="",'Calc'!$B17<>"Sala cirúrgica"),"",IF(SUMPRODUCT((Mapa_Sala='Mapa do Dia'!$N25)*(Mapa_Data=Data_Mapa)*(Mapa_MinOcup>0)*(Mapa_RelIni<20)*(Mapa_RelFim>10))>0,2,IF(SUMPRODUCT((Mapa_Sala='Mapa do Dia'!$N25)*(Mapa_Data=Data_Mapa)*(Mapa_MinOcup>0)*(Mapa_RelFim<20)*(Mapa_RelFim+Limpeza_Min>10))>0,1,0))) | X27: =IF(OR('Mapa do Dia'!$A25="",'Calc'!$B17<>"Sala cirúrgica"),"",IF(SUMPRODUCT((Mapa_Sala='Mapa do Dia'!$N25)*(Mapa_Data=Data_Mapa)*(Mapa_MinOcup>0)*(Mapa_RelIni<30)*(Mapa_RelFim>20))>0,2,IF(SUMPRODUCT((Mapa_Sala='Mapa do Dia'!$N25)*(Mapa_Data=Data_Mapa)*(Mapa_MinOcup>0)*(Mapa_RelFim<30)*(Mapa_RelFim+Limpeza_Min>20))>0,1,0))) | Y27: =IF(OR('Mapa do Dia'!$A25="",'Calc'!$B17<>"Sala cirúrgica"),"",IF(SUMPRODUCT((Mapa_Sala='Mapa do Dia'!$N25)*(Mapa_Data=Data_Mapa)*(Mapa_MinOcup>0)*(Mapa_RelIni<40)*(Mapa_RelFim>30))>0,2,IF(SUMPRODUCT((Mapa_Sala='Mapa do Dia'!$N25)*(Mapa_Data=Data_Mapa)*(Mapa_MinOcup>0)*(Mapa_RelFim<40)*(Mapa_RelFim+Limpeza_Min>30))>0,1,0))) | Z27: =IF(OR('Mapa do Dia'!$A25="",'Calc'!$B17<>"Sala cirúrgica"),"",IF(SUMPRODUCT((Mapa_Sala='Mapa do Dia'!$N25)*(Mapa_Data=Data_Mapa)*(Mapa_MinOcup>0)*(Mapa_RelIni<50)*(Mapa_RelFim>40))>0,2,IF(SUMPRODUCT((Mapa_Sala='Mapa do Dia'!$N25)*(Mapa_Data=Data_Mapa)*(Mapa_MinOcup>0)*(Mapa_RelFim<50)*(Mapa_RelFim+Limpeza_Min>40))>0,1,0))) | AA27: =IF(OR('Mapa do Dia'!$A25="",'Calc'!$B17<>"Sala cirúrgica"),"",IF(SUMPRODUCT((Mapa_Sala='Mapa do Dia'!$N25)*(Mapa_Data=Data_Mapa)*(Mapa_MinOcup>0)*(Mapa_RelIni<60)*(Mapa_RelFim>50))>0,2,IF(SUMPRODUCT((Mapa_Sala='Mapa do Dia'!$N25)*(Mapa_Data=Data_Mapa)*(Mapa_MinOcup>0)*(Mapa_RelFim<60)*(Mapa_RelFim+Limpeza_Min>50))>0,1,0))) | AB27: =IF(OR('Mapa do Dia'!$A25="",'Calc'!$B17<>"Sala cirúrgica"),"",IF(SUMPRODUCT((Mapa_Sala='Mapa do Dia'!$N25)*(Mapa_Data=Data_Mapa)*(Mapa_MinOcup>0)*(Mapa_RelIni<70)*(Mapa_RelFim>60))>0,2,IF(SUMPRODUCT((Mapa_Sala='Mapa do Dia'!$N25)*(Mapa_Data=Data_Mapa)*(Mapa_MinOcup>0)*(Mapa_RelFim<70)*(Mapa_RelFim+Limpeza_Min>60))>0,1,0))) | AC27: =IF(OR('Mapa do Dia'!$A25="",'Calc'!$B17<>"Sala cirúrgica"),"",IF(SUMPRODUCT((Mapa_Sala='Mapa do Dia'!$N25)*(Mapa_Data=Data_Mapa)*(Mapa_MinOcup>0)*(Mapa_RelIni<80)*(Mapa_RelFim>70))>0,2,IF(SUMPRODUCT((Mapa_Sala='Mapa do Dia'!$N25)*(Mapa_Data=Data_Mapa)*(Mapa_MinOcup>0)*(Mapa_RelFim<80)*(Mapa_RelFim+Limpeza_Min>70))>0,1,0))) | AD27: =IF(OR('Mapa do Dia'!$A25="",'Calc'!$B17<>"Sala cirúrgica"),"",IF(SUMPRODUCT((Mapa_Sala='Mapa do Dia'!$N25)*(Mapa_Data=Data_Mapa)*(Mapa_MinOcup>0)*(Mapa_RelIni<90)*(Mapa_RelFim>80))>0,2,IF(SUMPRODUCT((Mapa_Sala='Mapa do Dia'!$N25)*(Mapa_Data=Data_Mapa)*(Mapa_MinOcup>0)*(Mapa_RelFim<90)*(Mapa_RelFim+Limpeza_Min>80))>0,1,0))) | AE27: =IF(OR('Mapa do Dia'!$A25="",'Calc'!$B17<>"Sala cirúrgica"),"",IF(SUMPRODUCT((Mapa_Sala='Mapa do Dia'!$N25)*(Mapa_Data=Data_Mapa)*(Mapa_MinOcup>0)*(Mapa_RelIni<100)*(Mapa_RelFim>90))>0,2,IF(SUMPRODUCT((Mapa_Sala='Mapa do Dia'!$N25)*(Mapa_Data=Data_Mapa)*(Mapa_MinOcup>0)*(Mapa_RelFim<100)*(Mapa_RelFim+Limpeza_Min>90))>0,1,0))) | AF27: =IF(OR('Mapa do Dia'!$A25="",'Calc'!$B17<>"Sala cirúrgica"),"",IF(SUMPRODUCT((Mapa_Sala='Mapa do Dia'!$N25)*(Mapa_Data=Data_Mapa)*(Mapa_MinOcup>0)*(Mapa_RelIni<110)*(Mapa_RelFim>100))>0,2,IF(SUMPRODUCT((Mapa_Sala='Mapa do Dia'!$N25)*(Mapa_Data=Data_Mapa)*(Mapa_MinOcup>0)*(Mapa_RelFim<110)*(Mapa_RelFim+Limpeza_Min>100))>0,1,0))) | AG27: =IF(OR('Mapa do Dia'!$A25="",'Calc'!$B17<>"Sala cirúrgica"),"",IF(SUMPRODUCT((Mapa_Sala='Mapa do Dia'!$N25)*(Mapa_Data=Data_Mapa)*(Mapa_MinOcup>0)*(Mapa_RelIni<120)*(Mapa_RelFim>110))>0,2,IF(SUMPRODUCT((Mapa_Sala='Mapa do Dia'!$N25)*(Mapa_Data=Data_Mapa)*(Mapa_MinOcup>0)*(Mapa_RelFim<120)*(Mapa_RelFim+Limpeza_Min>110))>0,1,0))) | AH27: =IF(OR('Mapa do Dia'!$A25="",'Calc'!$B17<>"Sala cirúrgica"),"",IF(SUMPRODUCT((Mapa_Sala='Mapa do Dia'!$N25)*(Mapa_Data=Data_Mapa)*(Mapa_MinOcup>0)*(Mapa_RelIni<130)*(Mapa_RelFim>120))>0,2,IF(SUMPRODUCT((Mapa_Sala='Mapa do Dia'!$N25)*(Mapa_Data=Data_Mapa)*(Mapa_MinOcup>0)*(Mapa_RelFim<130)*(Mapa_RelFim+Limpeza_Min>120))>0,1,0))) | AI27: =IF(OR('Mapa do Dia'!$A25="",'Calc'!$B17<>"Sala cirúrgica"),"",IF(SUMPRODUCT((Mapa_Sala='Mapa do Dia'!$N25)*(Mapa_Data=Data_Mapa)*(Mapa_MinOcup>0)*(Mapa_RelIni<140)*(Mapa_RelFim>130))>0,2,IF(SUMPRODUCT((Mapa_Sala='Mapa do Dia'!$N25)*(Mapa_Data=Data_Mapa)*(Mapa_MinOcup>0)*(Mapa_RelFim<140)*(Mapa_RelFim+Limpeza_Min>130))>0,1,0))) | AJ27: =IF(OR('Mapa do Dia'!$A25="",'Calc'!$B17<>"Sala cirúrgica"),"",IF(SUMPRODUCT((Mapa_Sala='Mapa do Dia'!$N25)*(Mapa_Data=Data_Mapa)*(Mapa_MinOcup>0)*(Mapa_RelIni<150)*(Mapa_RelFim>140))>0,2,IF(SUMPRODUCT((Mapa_Sala='Mapa do Dia'!$N25)*(Mapa_Data=Data_Mapa)*(Mapa_MinOcup>0)*(Mapa_RelFim<150)*(Mapa_RelFim+Limpeza_Min>140))>0,1,0))) | AK27: =IF(OR('Mapa do Dia'!$A25="",'Calc'!$B17<>"Sala cirúrgica"),"",IF(SUMPRODUCT((Mapa_Sala='Mapa do Dia'!$N25)*(Mapa_Data=Data_Mapa)*(Mapa_MinOcup>0)*(Mapa_RelIni<160)*(Mapa_RelFim>150))>0,2,IF(SUMPRODUCT((Mapa_Sala='Mapa do Dia'!$N25)*(Mapa_Data=Data_Mapa)*(Mapa_MinOcup>0)*(Mapa_RelFim<160)*(Mapa_RelFim+Limpeza_Min>150))>0,1,0))) | AL27: =IF(OR('Mapa do Dia'!$A25="",'Calc'!$B17<>"Sala cirúrgica"),"",IF(SUMPRODUCT((Mapa_Sala='Mapa do Dia'!$N25)*(Mapa_Data=Data_Mapa)*(Mapa_MinOcup>0)*(Mapa_RelIni<170)*(Mapa_RelFim>160))>0,2,IF(SUMPRODUCT((Mapa_Sala='Mapa do Dia'!$N25)*(Mapa_Data=Data_Mapa)*(Mapa_MinOcup>0)*(Mapa_RelFim<170)*(Mapa_RelFim+Limpeza_Min>160))>0,1,0))) | AM27: =IF(OR('Mapa do Dia'!$A25="",'Calc'!$B17<>"Sala cirúrgica"),"",IF(SUMPRODUCT((Mapa_Sala='Mapa do Dia'!$N25)*(Mapa_Data=Data_Mapa)*(Mapa_MinOcup>0)*(Mapa_RelIni<180)*(Mapa_RelFim>170))>0,2,IF(SUMPRODUCT((Mapa_Sala='Mapa do Dia'!$N25)*(Mapa_Data=Data_Mapa)*(Mapa_MinOcup>0)*(Mapa_RelFim<180)*(Mapa_RelFim+Limpeza_Min>170))>0,1,0))) | AN27: =IF(OR('Mapa do Dia'!$A25="",'Calc'!$B17<>"Sala cirúrgica"),"",IF(SUMPRODUCT((Mapa_Sala='Mapa do Dia'!$N25)*(Mapa_Data=Data_Mapa)*(Mapa_MinOcup>0)*(Mapa_RelIni<190)*(Mapa_RelFim>180))>0,2,IF(SUMPRODUCT((Mapa_Sala='Mapa do Dia'!$N25)*(Mapa_Data=Data_Mapa)*(Mapa_MinOcup>0)*(Mapa_RelFim<190)*(Mapa_RelFim+Limpeza_Min>180))>0,1,0))) | AO27: =IF(OR('Mapa do Dia'!$A25="",'Calc'!$B17<>"Sala cirúrgica"),"",IF(SUMPRODUCT((Mapa_Sala='Mapa do Dia'!$N25)*(Mapa_Data=Data_Mapa)*(Mapa_MinOcup>0)*(Mapa_RelIni<200)*(Mapa_RelFim>190))>0,2,IF(SUMPRODUCT((Mapa_Sala='Mapa do Dia'!$N25)*(Mapa_Data=Data_Mapa)*(Mapa_MinOcup>0)*(Mapa_RelFim<200)*(Mapa_RelFim+Limpeza_Min>190))>0,1,0))) | AP27: =IF(OR('Mapa do Dia'!$A25="",'Calc'!$B17<>"Sala cirúrgica"),"",IF(SUMPRODUCT((Mapa_Sala='Mapa do Dia'!$N25)*(Mapa_Data=Data_Mapa)*(Mapa_MinOcup>0)*(Mapa_RelIni<210)*(Mapa_RelFim>200))>0,2,IF(SUMPRODUCT((Mapa_Sala='Mapa do Dia'!$N25)*(Mapa_Data=Data_Mapa)*(Mapa_MinOcup>0)*(Mapa_RelFim<210)*(Mapa_RelFim+Limpeza_Min>200))>0,1,0))) | AQ27: =IF(OR('Mapa do Dia'!$A25="",'Calc'!$B17<>"Sala cirúrgica"),"",IF(SUMPRODUCT((Mapa_Sala='Mapa do Dia'!$N25)*(Mapa_Data=Data_Mapa)*(Mapa_MinOcup>0)*(Mapa_RelIni<220)*(Mapa_RelFim>210))>0,2,IF(SUMPRODUCT((Mapa_Sala='Mapa do Dia'!$N25)*(Mapa_Data=Data_Mapa)*(Mapa_MinOcup>0)*(Mapa_RelFim<220)*(Mapa_RelFim+Limpeza_Min>210))>0,1,0))) | AR27: =IF(OR('Mapa do Dia'!$A25="",'Calc'!$B17<>"Sala cirúrgica"),"",IF(SUMPRODUCT((Mapa_Sala='Mapa do Dia'!$N25)*(Mapa_Data=Data_Mapa)*(Mapa_MinOcup>0)*(Mapa_RelIni<230)*(Mapa_RelFim>220))>0,2,IF(SUMPRODUCT((Mapa_Sala='Mapa do Dia'!$N25)*(Mapa_Data=Data_Mapa)*(Mapa_MinOcup>0)*(Mapa_RelFim<230)*(Mapa_RelFim+Limpeza_Min>220))>0,1,0))) | AS27: =IF(OR('Mapa do Dia'!$A25="",'Calc'!$B17<>"Sala cirúrgica"),"",IF(SUMPRODUCT((Mapa_Sala='Mapa do Dia'!$N25)*(Mapa_Data=Data_Mapa)*(Mapa_MinOcup>0)*(Mapa_RelIni<240)*(Mapa_RelFim>230))>0,2,IF(SUMPRODUCT((Mapa_Sala='Mapa do Dia'!$N25)*(Mapa_Data=Data_Mapa)*(Mapa_MinOcup>0)*(Mapa_RelFim<240)*(Mapa_RelFim+Limpeza_Min>230))>0,1,0))) | AT27: =IF(OR('Mapa do Dia'!$A25="",'Calc'!$B17<>"Sala cirúrgica"),"",IF(SUMPRODUCT((Mapa_Sala='Mapa do Dia'!$N25)*(Mapa_Data=Data_Mapa)*(Mapa_MinOcup>0)*(Mapa_RelIni<250)*(Mapa_RelFim>240))>0,2,IF(SUMPRODUCT((Mapa_Sala='Mapa do Dia'!$N25)*(Mapa_Data=Data_Mapa)*(Mapa_MinOcup>0)*(Mapa_RelFim<250)*(Mapa_RelFim+Limpeza_Min>240))>0,1,0))) | AU27: =IF(OR('Mapa do Dia'!$A25="",'Calc'!$B17<>"Sala cirúrgica"),"",IF(SUMPRODUCT((Mapa_Sala='Mapa do Dia'!$N25)*(Mapa_Data=Data_Mapa)*(Mapa_MinOcup>0)*(Mapa_RelIni<260)*(Mapa_RelFim>250))>0,2,IF(SUMPRODUCT((Mapa_Sala='Mapa do Dia'!$N25)*(Mapa_Data=Data_Mapa)*(Mapa_MinOcup>0)*(Mapa_RelFim<260)*(Mapa_RelFim+Limpeza_Min>250))>0,1,0))) | AV27: =IF(OR('Mapa do Dia'!$A25="",'Calc'!$B17<>"Sala cirúrgica"),"",IF(SUMPRODUCT((Mapa_Sala='Mapa do Dia'!$N25)*(Mapa_Data=Data_Mapa)*(Mapa_MinOcup>0)*(Mapa_RelIni<270)*(Mapa_RelFim>260))>0,2,IF(SUMPRODUCT((Mapa_Sala='Mapa do Dia'!$N25)*(Mapa_Data=Data_Mapa)*(Mapa_MinOcup>0)*(Mapa_RelFim<270)*(Mapa_RelFim+Limpeza_Min>260))>0,1,0))) | AW27: =IF(OR('Mapa do Dia'!$A25="",'Calc'!$B17<>"Sala cirúrgica"),"",IF(SUMPRODUCT((Mapa_Sala='Mapa do Dia'!$N25)*(Mapa_Data=Data_Mapa)*(Mapa_MinOcup>0)*(Mapa_RelIni<280)*(Mapa_RelFim>270))>0,2,IF(SUMPRODUCT((Mapa_Sala='Mapa do Dia'!$N25)*(Mapa_Data=Data_Mapa)*(Mapa_MinOcup>0)*(Mapa_RelFim<280)*(Mapa_RelFim+Limpeza_Min>270))>0,1,0))) | AX27: =IF(OR('Mapa do Dia'!$A25="",'Calc'!$B17<>"Sala cirúrgica"),"",IF(SUMPRODUCT((Mapa_Sala='Mapa do Dia'!$N25)*(Mapa_Data=Data_Mapa)*(Mapa_MinOcup>0)*(Mapa_RelIni<290)*(Mapa_RelFim>280))>0,2,IF(SUMPRODUCT((Mapa_Sala='Mapa do Dia'!$N25)*(Mapa_Data=Data_Mapa)*(Mapa_MinOcup>0)*(Mapa_RelFim<290)*(Mapa_RelFim+Limpeza_Min>280))>0,1,0))) | AY27: =IF(OR('Mapa do Dia'!$A25="",'Calc'!$B17<>"Sala cirúrgica"),"",IF(SUMPRODUCT((Mapa_Sala='Mapa do Dia'!$N25)*(Mapa_Data=Data_Mapa)*(Mapa_MinOcup>0)*(Mapa_RelIni<300)*(Mapa_RelFim>290))>0,2,IF(SUMPRODUCT((Mapa_Sala='Mapa do Dia'!$N25)*(Mapa_Data=Data_Mapa)*(Mapa_MinOcup>0)*(Mapa_RelFim<300)*(Mapa_RelFim+Limpeza_Min>290))>0,1,0))) | AZ27: =IF(OR('Mapa do Dia'!$A25="",'Calc'!$B17<>"Sala cirúrgica"),"",IF(SUMPRODUCT((Mapa_Sala='Mapa do Dia'!$N25)*(Mapa_Data=Data_Mapa)*(Mapa_MinOcup>0)*(Mapa_RelIni<310)*(Mapa_RelFim>300))>0,2,IF(SUMPRODUCT((Mapa_Sala='Mapa do Dia'!$N25)*(Mapa_Data=Data_Mapa)*(Mapa_MinOcup>0)*(Mapa_RelFim<310)*(Mapa_RelFim+Limpeza_Min>300))>0,1,0))) | BA27: =IF(OR('Mapa do Dia'!$A25="",'Calc'!$B17<>"Sala cirúrgica"),"",IF(SUMPRODUCT((Mapa_Sala='Mapa do Dia'!$N25)*(Mapa_Data=Data_Mapa)*(Mapa_MinOcup>0)*(Mapa_RelIni<320)*(Mapa_RelFim>310))>0,2,IF(SUMPRODUCT((Mapa_Sala='Mapa do Dia'!$N25)*(Mapa_Data=Data_Mapa)*(Mapa_MinOcup>0)*(Mapa_RelFim<320)*(Mapa_RelFim+Limpeza_Min>310))>0,1,0))) | BB27: =IF(OR('Mapa do Dia'!$A25="",'Calc'!$B17<>"Sala cirúrgica"),"",IF(SUMPRODUCT((Mapa_Sala='Mapa do Dia'!$N25)*(Mapa_Data=Data_Mapa)*(Mapa_MinOcup>0)*(Mapa_RelIni<330)*(Mapa_RelFim>320))>0,2,IF(SUMPRODUCT((Mapa_Sala='Mapa do Dia'!$N25)*(Mapa_Data=Data_Mapa)*(Mapa_MinOcup>0)*(Mapa_RelFim<330)*(Mapa_RelFim+Limpeza_Min>320))>0,1,0))) | BC27: =IF(OR('Mapa do Dia'!$A25="",'Calc'!$B17<>"Sala cirúrgica"),"",IF(SUMPRODUCT((Mapa_Sala='Mapa do Dia'!$N25)*(Mapa_Data=Data_Mapa)*(Mapa_MinOcup>0)*(Mapa_RelIni<340)*(Mapa_RelFim>330))>0,2,IF(SUMPRODUCT((Mapa_Sala='Mapa do Dia'!$N25)*(Mapa_Data=Data_Mapa)*(Mapa_MinOcup>0)*(Mapa_RelFim<340)*(Mapa_RelFim+Limpeza_Min>330))>0,1,0))) | BD27: =IF(OR('Mapa do Dia'!$A25="",'Calc'!$B17<>"Sala cirúrgica"),"",IF(SUMPRODUCT((Mapa_Sala='Mapa do Dia'!$N25)*(Mapa_Data=Data_Mapa)*(Mapa_MinOcup>0)*(Mapa_RelIni<350)*(Mapa_RelFim>340))>0,2,IF(SUMPRODUCT((Mapa_Sala='Mapa do Dia'!$N25)*(Mapa_Data=Data_Mapa)*(Mapa_MinOcup>0)*(Mapa_RelFim<350)*(Mapa_RelFim+Limpeza_Min>340))>0,1,0))) | BE27: =IF(OR('Mapa do Dia'!$A25="",'Calc'!$B17<>"Sala cirúrgica"),"",IF(SUMPRODUCT((Mapa_Sala='Mapa do Dia'!$N25)*(Mapa_Data=Data_Mapa)*(Mapa_MinOcup>0)*(Mapa_RelIni<360)*(Mapa_RelFim>350))>0,2,IF(SUMPRODUCT((Mapa_Sala='Mapa do Dia'!$N25)*(Mapa_Data=Data_Mapa)*(Mapa_MinOcup>0)*(Mapa_RelFim<360)*(Mapa_RelFim+Limpeza_Min>350))>0,1,0))) | BF27: =IF('Mapa do Dia'!$A25="","",'Mapa do Dia'!$F25)
A28: Cada quadradinho são 10 minutos. Barra cheia = sala ocupada · barra clara = a limpeza, que dura 20 min e por isso ocupa dois · vazio = sala livre.
A29: O QUE FAZER AGORA — em ordem de urgência
A31: =IF('Painel'!$C31="","",1) | C31: =IF(MAX(Aco_Nota)<1,"Nada pendente — o dia está fechado.",IFERROR(IF(LARGE(Aco_Nota,1)<1,"",INDEX(Aco_Texto,MATCH(LARGE(Aco_Nota,1),Aco_Nota,0))),"")) | BF31: =IFERROR(IF(LARGE(Aco_Nota,1)<1,0,LARGE(Aco_Nota,1)),0)
A32: =IF('Painel'!$C32="","",2) | C32: =IF(MAX(Aco_Nota)<1,"",IFERROR(IF(LARGE(Aco_Nota,2)<1,"",INDEX(Aco_Texto,MATCH(LARGE(Aco_Nota,2),Aco_Nota,0))),"")) | BF32: =IFERROR(IF(LARGE(Aco_Nota,2)<1,0,LARGE(Aco_Nota,2)),0)
A33: =IF('Painel'!$C33="","",3) | C33: =IF(MAX(Aco_Nota)<1,"",IFERROR(IF(LARGE(Aco_Nota,3)<1,"",INDEX(Aco_Texto,MATCH(LARGE(Aco_Nota,3),Aco_Nota,0))),"")) | BF33: =IFERROR(IF(LARGE(Aco_Nota,3)<1,0,LARGE(Aco_Nota,3)),0)
A34: =IF('Painel'!$C34="","",4) | C34: =IF(MAX(Aco_Nota)<1,"",IFERROR(IF(LARGE(Aco_Nota,4)<1,"",INDEX(Aco_Texto,MATCH(LARGE(Aco_Nota,4),Aco_Nota,0))),"")) | BF34: =IFERROR(IF(LARGE(Aco_Nota,4)<1,0,LARGE(Aco_Nota,4)),0)
A35: =IF('Painel'!$C35="","",5) | C35: =IF(MAX(Aco_Nota)<1,"",IFERROR(IF(LARGE(Aco_Nota,5)<1,"",INDEX(Aco_Texto,MATCH(LARGE(Aco_Nota,5),Aco_Nota,0))),"")) | BF35: =IFERROR(IF(LARGE(Aco_Nota,5)<1,0,LARGE(Aco_Nota,5)),0)
A36: =IF('Painel'!$C36="","",6) | C36: =IF(MAX(Aco_Nota)<1,"",IFERROR(IF(LARGE(Aco_Nota,6)<1,"",INDEX(Aco_Texto,MATCH(LARGE(Aco_Nota,6),Aco_Nota,0))),"")) | BF36: =IFERROR(IF(LARGE(Aco_Nota,6)<1,0,LARGE(Aco_Nota,6)),0)
A37: =IF('Painel'!$C37="","",7) | C37: =IF(MAX(Aco_Nota)<1,"",IFERROR(IF(LARGE(Aco_Nota,7)<1,"",INDEX(Aco_Texto,MATCH(LARGE(Aco_Nota,7),Aco_Nota,0))),"")) | BF37: =IFERROR(IF(LARGE(Aco_Nota,7)<1,0,LARGE(Aco_Nota,7)),0)
A38: =IF('Painel'!$C38="","",8) | C38: =IF(MAX(Aco_Nota)<1,"",IFERROR(IF(LARGE(Aco_Nota,8)<1,"",INDEX(Aco_Texto,MATCH(LARGE(Aco_Nota,8),Aco_Nota,0))),"")) | BF38: =IFERROR(IF(LARGE(Aco_Nota,8)<1,0,LARGE(Aco_Nota,8)),0)
A40: ONDE ENCAIXAR HOJE — maiores janelas nas salas que aceitam encaixe
C41: Ambiente | O41: Sala vaga | AG41: Cabe até (min)
A42: =IF(IFERROR(LARGE(Rnk_Cabe,1),0)<Janela_Min,"",1) | C42: =IF(IFERROR(LARGE(Rnk_Cabe,1),0)<Janela_Min,"",INDEX(Rnk_Nome,MATCH(LARGE(Rnk_Cabe,1),Rnk_Cabe,0))) | O42: =IF(IFERROR(LARGE(Rnk_Cabe,1),0)<Janela_Min,"",INDEX('Mapa do Dia'!$J$10:$J$25,MATCH(LARGE(Rnk_Cabe,1),Rnk_Cabe,0))) | AG42: =IF(IFERROR(LARGE(Rnk_Cabe,1),0)<Janela_Min,"",INDEX('Mapa do Dia'!$K$10:$K$25,MATCH(LARGE(Rnk_Cabe,1),Rnk_Cabe,0)))
A43: =IF(IFERROR(LARGE(Rnk_Cabe,2),0)<Janela_Min,"",2) | C43: =IF(IFERROR(LARGE(Rnk_Cabe,2),0)<Janela_Min,"",INDEX(Rnk_Nome,MATCH(LARGE(Rnk_Cabe,2),Rnk_Cabe,0))) | O43: =IF(IFERROR(LARGE(Rnk_Cabe,2),0)<Janela_Min,"",INDEX('Mapa do Dia'!$J$10:$J$25,MATCH(LARGE(Rnk_Cabe,2),Rnk_Cabe,0))) | AG43: =IF(IFERROR(LARGE(Rnk_Cabe,2),0)<Janela_Min,"",INDEX('Mapa do Dia'!$K$10:$K$25,MATCH(LARGE(Rnk_Cabe,2),Rnk_Cabe,0)))
A44: =IF(IFERROR(LARGE(Rnk_Cabe,3),0)<Janela_Min,"",3) | C44: =IF(IFERROR(LARGE(Rnk_Cabe,3),0)<Janela_Min,"",INDEX(Rnk_Nome,MATCH(LARGE(Rnk_Cabe,3),Rnk_Cabe,0))) | O44: =IF(IFERROR(LARGE(Rnk_Cabe,3),0)<Janela_Min,"",INDEX('Mapa do Dia'!$J$10:$J$25,MATCH(LARGE(Rnk_Cabe,3),Rnk_Cabe,0))) | AG44: =IF(IFERROR(LARGE(Rnk_Cabe,3),0)<Janela_Min,"",INDEX('Mapa do Dia'!$K$10:$K$25,MATCH(LARGE(Rnk_Cabe,3),Rnk_Cabe,0)))
A46: RISCO DE ATRASO — salas onde a limpeza não cabe entre as cirurgias
C47: Ambiente | O47: Atraso previsto (min) | AG47: Cirurgias
A48: =IF(IFERROR(LARGE(Rnk_Atraso,1),0)<=0,"",1) | C48: =IF(IFERROR(LARGE(Rnk_Atraso,1),0)<=0,"",INDEX(Rnk_Nome,MATCH(LARGE(Rnk_Atraso,1),Rnk_Atraso,0))) | O48: =IF(IFERROR(LARGE(Rnk_Atraso,1),0)<=0,"",INDEX('Mapa do Dia'!$L$10:$L$25,MATCH(LARGE(Rnk_Atraso,1),Rnk_Atraso,0))) | AG48: =IF(IFERROR(LARGE(Rnk_Atraso,1),0)<=0,"",INDEX('Mapa do Dia'!$H$10:$H$25,MATCH(LARGE(Rnk_Atraso,1),Rnk_Atraso,0)))
A49: =IF(IFERROR(LARGE(Rnk_Atraso,2),0)<=0,"",2) | C49: =IF(IFERROR(LARGE(Rnk_Atraso,2),0)<=0,"",INDEX(Rnk_Nome,MATCH(LARGE(Rnk_Atraso,2),Rnk_Atraso,0))) | O49: =IF(IFERROR(LARGE(Rnk_Atraso,2),0)<=0,"",INDEX('Mapa do Dia'!$L$10:$L$25,MATCH(LARGE(Rnk_Atraso,2),Rnk_Atraso,0))) | AG49: =IF(IFERROR(LARGE(Rnk_Atraso,2),0)<=0,"",INDEX('Mapa do Dia'!$H$10:$H$25,MATCH(LARGE(Rnk_Atraso,2),Rnk_Atraso,0)))
A50: =IF(IFERROR(LARGE(Rnk_Atraso,3),0)<=0,"",3) | C50: =IF(IFERROR(LARGE(Rnk_Atraso,3),0)<=0,"",INDEX(Rnk_Nome,MATCH(LARGE(Rnk_Atraso,3),Rnk_Atraso,0))) | O50: =IF(IFERROR(LARGE(Rnk_Atraso,3),0)<=0,"",INDEX('Mapa do Dia'!$L$10:$L$25,MATCH(LARGE(Rnk_Atraso,3),Rnk_Atraso,0))) | AG50: =IF(IFERROR(LARGE(Rnk_Atraso,3),0)<=0,"",INDEX('Mapa do Dia'!$H$10:$H$25,MATCH(LARGE(Rnk_Atraso,3),Rnk_Atraso,0)))
A51: Sem atraso previsto quer dizer que a agenda deixou os 20 min de limpeza entre as cirurgias.

Sheet Mapa do Dia
A1: CENTRO CIRÚRGICO — MAPA DO DIA
A2: Esta aba já vem preenchida: cada ambiente com a sua dupla, as especialidades que passam ali e o tempo em que a sala fica vaga. Para trocar alguém, escolha outro nome nas células azuis.
A4: 1. O DIA
A5: DATA | B5: Dia | C5: No quadro | D5: Ausentes | E5: DISPONÍVEIS | F5: Vagas do dia | G5: DÉFICIT | H5: Postos sem equipe | I5: Maior atraso previsto (min)
A6: 46254 | B6: =IF($A$6="","",CHOOSE(WEEKDAY($A$6),"domingo","segunda","terça","quarta","quinta","sexta","sábado")&IF(COUNTIF(Feriados,$A$6)>0," · feriado","")) | C6: =SUMPRODUCT((Equipe_Nome<>"")*(Equipe_Status="Ativo")) | D6: =SUMPRODUCT((Equipe_Nome<>"")*(Equipe_Status="Ativo")*(Equipe_Situacao<>"Disponível")) | E6: =SUMPRODUCT((Equipe_Nome<>"")*(Equipe_Situacao="Disponível")) | F6: =SUM('Calc'!$AD$2:$AD$17) | G6: =MAX(0,$F$6-$E$6) | H6: =COUNTIF($F$10:$F$25,"SEM EQUIPE") | I6: =MAX(0,$L$10:$L$25)
A8: 2. O MAPA — quem fica em cada lugar hoje
A9: Ambiente | B9: Técnicos | C9: Especialidades do dia | D9: TÉCNICO 1 | E9: TÉCNICO 2 | F9: Situação | G9: Alertas | H9: Cirurgias | I9: Ocupação | J9: Sala vaga (maior janela) | K9: Cabe até (min) | L9: Atraso previsto (min) | M9: Quem está livre e cobre mais
A10: =IF($N10="","",IFERROR(INDEX(Postos_Nome,MATCH($N10,Postos_Cod,0)),$N10)) | B10: =IF($N10="","",'Calc'!$AD2) | C10: =IF(OR($N10="",'Calc'!$AB20=""),"",LEFT('Calc'!$AB20,LEN('Calc'!$AB20)-3)) | D10: Adriana Salvi | E10: Tatiane Bolzan | F10: =IF($N10="","",IF($B10=0,IF(AND($D10="",$E10=""),"NÃO OPERA","EXTRA"),IF(AND($D10="",$E10=""),"SEM EQUIPE",IF((--($D10<>"")+--($E10<>""))<$B10,"INCOMPLETO",IF((--($D10<>"")+--($E10<>""))>$B10,"GENTE DEMAIS",IF(AND($D10<>"",$E10<>"",OR(IFERROR(INDEX(Equipe_Afin,MATCH($D10,Equipe_Nome,0),MATCH($E10,Equipe_Nome,0)),"X")<>"X",IFERROR(INDEX(Equipe_Afin,MATCH($E10,Equipe_Nome,0),MATCH($D10,Equipe_Nome,0)),"X")<>"X")),"DUPLA VETADA",IF(OR(AND($D10<>"",IFERROR(INDEX(Equipe_Situacao,MATCH($D10,Equipe_Nome,0)),"Disponível")<>"Disponível"),AND($E10<>"",IFERROR(INDEX(Equipe_Situacao,MATCH($E10,Equipe_Nome,0)),"Disponível")<>"Disponível")),"INDISPONÍVEL",IF(OR(AND($D10<>"",IFERROR(INDEX(Equipe_NEsp,MATCH($D10,Equipe_Nome,0)),0)=0),AND($E10<>"",IFERROR(INDEX(Equipe_NEsp,MATCH($E10,Equipe_Nome,0)),0)=0)),"SEM AVALIAÇÃO",IF('Calc'!$Z20>0,"FALTA HABILIDADE",IF(AND($B10>=2,'Calc'!$AA20>0),"ATENÇÃO","OK"))))))))) | G10: =IF($N10="","",IF($O10="","OK",LEFT($O10,LEN($O10)-3))) | H10: =IF(OR($N10="",'Calc'!$B2<>"Sala cirúrgica"),"",COUNTIFS(Mapa_Sala,$N10,Mapa_Data,Data_Mapa,Mapa_MinOcup,">0")) | I10: =IF(OR($N10="",'Calc'!$B2<>"Sala cirúrgica"),"",'Calc'!$AA2) | J10: =IF($N10="","",IF(MAX('Calc_Salas'!$E$2:$E$14)=0,"—",IFERROR(TEXT(MOD(Turno_Ini+INDEX('Calc_Salas'!$C$2:$C$14,MATCH(LARGE('Calc_Salas'!$E$2:$E$14,1),'Calc_Salas'!$E$2:$E$14,0))/1440,1),"HH:MM")&" → "&TEXT(MOD(Turno_Ini+INDEX('Calc_Salas'!$D$2:$D$14,MATCH(LARGE('Calc_Salas'!$E$2:$E$14,1),'Calc_Salas'!$E$2:$E$14,0))/1440,1),"HH:MM")&" ("&LARGE('Calc_Salas'!$E$2:$E$14,1)&" min)","—"))) | K10: =IF(OR($N10="",MAX('Calc_Salas'!$E$2:$E$14)=0),"",MAX('Calc_Salas'!$F$2:$F$14)) | L10: =IF(OR($N10="",'Calc'!$B2<>"Sala cirúrgica"),"",MAX('Calc_Salas'!$G$2:$G$14)) | M10: =IF($N10="","",IFERROR(INDEX(Sug_Nome,MATCH(LARGE('Calc'!E$38:E$67,1),'Calc'!E$38:E$67,0)),"—")&IFERROR(" · "&INDEX(Sug_Nome,MATCH(LARGE('Calc'!E$38:E$67,2),'Calc'!E$38:E$67,0)),"")&IFERROR(" · "&INDEX(Sug_Nome,MATCH(LARGE('Calc'!E$38:E$67,3),'Calc'!E$38:E$67,0)),"")) | N10: =IF('Calc'!$A2="","",'Calc'!$A2) | O10: =IF($N10="","",IF(AND($F10="SEM EQUIPE",N($H10)>0),"Sem equipe — "&$H10&" cirurgia(s) a remanejar | ","")&IF($F10="SEM EQUIPE",IF(N($H10)>0,"","Ambiente sem equipe | "),"")&IF($F10="INCOMPLETO","Falta "&($B10-(--($D10<>"")+--($E10<>"")))&IF($B10-(--($D10<>"")+--($E10<>""))=1," técnico"," técnicos")&" neste ambiente | ","")&IF($F10="GENTE DEMAIS","Este ambiente é de "&$B10&IF($B10=1," técnico só"," técnicos")&": tire o excedente | ","")&IF($F10="DUPLA VETADA",$D10&" e "&$E10&" não podem trabalhar juntas | ","")&IF($F10="EXTRA","Técnico escalado em ambiente que não opera hoje | ","")&IF(AND($F10="NÃO OPERA",N($H10)>0),"Ambiente não opera hoje e tem cirurgia | ","")&IF($F10="SEM AVALIAÇÃO","Técnico sem habilidade marcada na aba Equipe | ","")&IF($F10="ATENÇÃO","Especialidade coberta por uma técnica só — se ela sair, a sala para | ","")&IF(AND($F10<>"SEM AVALIAÇÃO",'Calc'!$AC20<>""),"Ninguém cobre: "&LEFT('Calc'!$AC20,LEN('Calc'!$AC20)-3)&" | ","")&IF(AND($D10<>"",IFERROR(INDEX(Equipe_Situacao,MATCH($D10,Equipe_Nome,0)),"?")<>"Disponível"),$D10&" não está disponível hoje ("&IFERROR(INDEX(Equipe_Situacao,MATCH($D10,Equipe_Nome,0)),"?")&") — troque | ","")&IF(AND($E10<>"",IFERROR(INDEX(Equipe_Situacao,MATCH($E10,Equipe_Nome,0)),"?")<>"Disponível"),$E10&" não está disponível hoje ("&IFERROR(INDEX(Equipe_Situacao,MATCH($E10,Equipe_Nome,0)),"?")&") — troque | ","")&IF(OR(AND($D10<>"",COUNTIF(Pai_Tec1,$D10)+COUNTIF(Pai_Tec2,$D10)>1),AND($E10<>"",COUNTIF(Pai_Tec1,$E10)+COUNTIF(Pai_Tec2,$E10)>1)),"Técnico escalado em dois ambientes | ","")&IF(AND($I10<>"",$I10>1),"Ocupação acima do plantão | ",""))
A11: =IF($N11="","",IFERROR(INDEX(Postos_Nome,MATCH($N11,Postos_Cod,0)),$N11)) | B11: =IF($N11="","",'Calc'!$AD3) | C11: =IF(OR($N11="",'Calc'!$AB21=""),"",LEFT('Calc'!$AB21,LEN('Calc'!$AB21)-3)) | D11: Camila Bertoldi | E11: Daiane Prestes | F11: =IF($N11="","",IF($B11=0,IF(AND($D11="",$E11=""),"NÃO OPERA","EXTRA"),IF(AND($D11="",$E11=""),"SEM EQUIPE",IF((--($D11<>"")+--($E11<>""))<$B11,"INCOMPLETO",IF((--($D11<>"")+--($E11<>""))>$B11,"GENTE DEMAIS",IF(AND($D11<>"",$E11<>"",OR(IFERROR(INDEX(Equipe_Afin,MATCH($D11,Equipe_Nome,0),MATCH($E11,Equipe_Nome,0)),"X")<>"X",IFERROR(INDEX(Equipe_Afin,MATCH($E11,Equipe_Nome,0),MATCH($D11,Equipe_Nome,0)),"X")<>"X")),"DUPLA VETADA",IF(OR(AND($D11<>"",IFERROR(INDEX(Equipe_Situacao,MATCH($D11,Equipe_Nome,0)),"Disponível")<>"Disponível"),AND($E11<>"",IFERROR(INDEX(Equipe_Situacao,MATCH($E11,Equipe_Nome,0)),"Disponível")<>"Disponível")),"INDISPONÍVEL",IF(OR(AND($D11<>"",IFERROR(INDEX(Equipe_NEsp,MATCH($D11,Equipe_Nome,0)),0)=0),AND($E11<>"",IFERROR(INDEX(Equipe_NEsp,MATCH($E11,Equipe_Nome,0)),0)=0)),"SEM AVALIAÇÃO",IF('Calc'!$Z21>0,"FALTA HABILIDADE",IF(AND($B11>=2,'Calc'!$AA21>0),"ATENÇÃO","OK"))))))))) | G11: =IF($N11="","",IF($O11="","OK",LEFT($O11,LEN($O11)-3))) | H11: =IF(OR($N11="",'Calc'!$B3<>"Sala cirúrgica"),"",COUNTIFS(Mapa_Sala,$N11,Mapa_Data,Data_Mapa,Mapa_MinOcup,">0")) | I11: =IF(OR($N11="",'Calc'!$B3<>"Sala cirúrgica"),"",'Calc'!$AA3) | J11: =IF($N11="","",IF(MAX('Calc_Salas'!$E$15:$E$27)=0,"—",IFERROR(TEXT(MOD(Turno_Ini+INDEX('Calc_Salas'!$C$15:$C$27,MATCH(LARGE('Calc_Salas'!$E$15:$E$27,1),'Calc_Salas'!$E$15:$E$27,0))/1440,1),"HH:MM")&" → "&TEXT(MOD(Turno_Ini+INDEX('Calc_Salas'!$D$15:$D$27,MATCH(LARGE('Calc_Salas'!$E$15:$E$27,1),'Calc_Salas'!$E$15:$E$27,0))/1440,1),"HH:MM")&" ("&LARGE('Calc_Salas'!$E$15:$E$27,1)&" min)","—"))) | K11: =IF(OR($N11="",MAX('Calc_Salas'!$E$15:$E$27)=0),"",MAX('Calc_Salas'!$F$15:$F$27)) | L11: =IF(OR($N11="",'Calc'!$B3<>"Sala cirúrgica"),"",MAX('Calc_Salas'!$G$15:$G$27)) | M11: =IF($N11="","",IFERROR(INDEX(Sug_Nome,MATCH(LARGE('Calc'!F$38:F$67,1),'Calc'!F$38:F$67,0)),"—")&IFERROR(" · "&INDEX(Sug_Nome,MATCH(LARGE('Calc'!F$38:F$67,2),'Calc'!F$38:F$67,0)),"")&IFERROR(" · "&INDEX(Sug_Nome,MATCH(LARGE('Calc'!F$38:F$67,3),'Calc'!F$38:F$67,0)),"")) | N11: =IF('Calc'!$A3="","",'Calc'!$A3) | O11: =IF($N11="","",IF(AND($F11="SEM EQUIPE",N($H11)>0),"Sem equipe — "&$H11&" cirurgia(s) a remanejar | ","")&IF($F11="SEM EQUIPE",IF(N($H11)>0,"","Ambiente sem equipe | "),"")&IF($F11="INCOMPLETO","Falta "&($B11-(--($D11<>"")+--($E11<>"")))&IF($B11-(--($D11<>"")+--($E11<>""))=1," técnico"," técnicos")&" neste ambiente | ","")&IF($F11="GENTE DEMAIS","Este ambiente é de "&$B11&IF($B11=1," técnico só"," técnicos")&": tire o excedente | ","")&IF($F11="DUPLA VETADA",$D11&" e "&$E11&" não podem trabalhar juntas | ","")&IF($F11="EXTRA","Técnico escalado em ambiente que não opera hoje | ","")&IF(AND($F11="NÃO OPERA",N($H11)>0),"Ambiente não opera hoje e tem cirurgia | ","")&IF($F11="SEM AVALIAÇÃO","Técnico sem habilidade marcada na aba Equipe | ","")&IF($F11="ATENÇÃO","Especialidade coberta por uma técnica só — se ela sair, a sala para | ","")&IF(AND($F11<>"SEM AVALIAÇÃO",'Calc'!$AC21<>""),"Ninguém cobre: "&LEFT('Calc'!$AC21,LEN('Calc'!$AC21)-3)&" | ","")&IF(AND($D11<>"",IFERROR(INDEX(Equipe_Situacao,MATCH($D11,Equipe_Nome,0)),"?")<>"Disponível"),$D11&" não está disponível hoje ("&IFERROR(INDEX(Equipe_Situacao,MATCH($D11,Equipe_Nome,0)),"?")&") — troque | ","")&IF(AND($E11<>"",IFERROR(INDEX(Equipe_Situacao,MATCH($E11,Equipe_Nome,0)),"?")<>"Disponível"),$E11&" não está disponível hoje ("&IFERROR(INDEX(Equipe_Situacao,MATCH($E11,Equipe_Nome,0)),"?")&") — troque | ","")&IF(OR(AND($D11<>"",COUNTIF(Pai_Tec1,$D11)+COUNTIF(Pai_Tec2,$D11)>1),AND($E11<>"",COUNTIF(Pai_Tec1,$E11)+COUNTIF(Pai_Tec2,$E11)>1)),"Técnico escalado em dois ambientes | ","")&IF(AND($I11<>"",$I11>1),"Ocupação acima do plantão | ",""))
A12: =IF($N12="","",IFERROR(INDEX(Postos_Nome,MATCH($N12,Postos_Cod,0)),$N12)) | B12: =IF($N12="","",'Calc'!$AD4) | C12: =IF(OR($N12="",'Calc'!$AB22=""),"",LEFT('Calc'!$AB22,LEN('Calc'!$AB22)-3)) | D12: Fernanda Klein | E12: Simone Dalpra | F12: =IF($N12="","",IF($B12=0,IF(AND($D12="",$E12=""),"NÃO OPERA","EXTRA"),IF(AND($D12="",$E12=""),"SEM EQUIPE",IF((--($D12<>"")+--($E12<>""))<$B12,"INCOMPLETO",IF((--($D12<>"")+--($E12<>""))>$B12,"GENTE DEMAIS",IF(AND($D12<>"",$E12<>"",OR(IFERROR(INDEX(Equipe_Afin,MATCH($D12,Equipe_Nome,0),MATCH($E12,Equipe_Nome,0)),"X")<>"X",IFERROR(INDEX(Equipe_Afin,MATCH($E12,Equipe_Nome,0),MATCH($D12,Equipe_Nome,0)),"X")<>"X")),"DUPLA VETADA",IF(OR(AND($D12<>"",IFERROR(INDEX(Equipe_Situacao,MATCH($D12,Equipe_Nome,0)),"Disponível")<>"Disponível"),AND($E12<>"",IFERROR(INDEX(Equipe_Situacao,MATCH($E12,Equipe_Nome,0)),"Disponível")<>"Disponível")),"INDISPONÍVEL",IF(OR(AND($D12<>"",IFERROR(INDEX(Equipe_NEsp,MATCH($D12,Equipe_Nome,0)),0)=0),AND($E12<>"",IFERROR(INDEX(Equipe_NEsp,MATCH($E12,Equipe_Nome,0)),0)=0)),"SEM AVALIAÇÃO",IF('Calc'!$Z22>0,"FALTA HABILIDADE",IF(AND($B12>=2,'Calc'!$AA22>0),"ATENÇÃO","OK"))))))))) | G12: =IF($N12="","",IF($O12="","OK",LEFT($O12,LEN($O12)-3))) | H12: =IF(OR($N12="",'Calc'!$B4<>"Sala cirúrgica"),"",COUNTIFS(Mapa_Sala,$N12,Mapa_Data,Data_Mapa,Mapa_MinOcup,">0")) | I12: =IF(OR($N12="",'Calc'!$B4<>"Sala cirúrgica"),"",'Calc'!$AA4) | J12: =IF($N12="","",IF(MAX('Calc_Salas'!$E$28:$E$40)=0,"—",IFERROR(TEXT(MOD(Turno_Ini+INDEX('Calc_Salas'!$C$28:$C$40,MATCH(LARGE('Calc_Salas'!$E$28:$E$40,1),'Calc_Salas'!$E$28:$E$40,0))/1440,1),"HH:MM")&" → "&TEXT(MOD(Turno_Ini+INDEX('Calc_Salas'!$D$28:$D$40,MATCH(LARGE('Calc_Salas'!$E$28:$E$40,1),'Calc_Salas'!$E$28:$E$40,0))/1440,1),"HH:MM")&" ("&LARGE('Calc_Salas'!$E$28:$E$40,1)&" min)","—"))) | K12: =IF(OR($N12="",MAX('Calc_Salas'!$E$28:$E$40)=0),"",MAX('Calc_Salas'!$F$28:$F$40)) | L12: =IF(OR($N12="",'Calc'!$B4<>"Sala cirúrgica"),"",MAX('Calc_Salas'!$G$28:$G$40)) | M12: =IF($N12="","",IFERROR(INDEX(Sug_Nome,MATCH(LARGE('Calc'!G$38:G$67,1),'Calc'!G$38:G$67,0)),"—")&IFERROR(" · "&INDEX(Sug_Nome,MATCH(LARGE('Calc'!G$38:G$67,2),'Calc'!G$38:G$67,0)),"")&IFERROR(" · "&INDEX(Sug_Nome,MATCH(LARGE('Calc'!G$38:G$67,3),'Calc'!G$38:G$67,0)),"")) | N12: =IF('Calc'!$A4="","",'Calc'!$A4) | O12: =IF($N12="","",IF(AND($F12="SEM EQUIPE",N($H12)>0),"Sem equipe — "&$H12&" cirurgia(s) a remanejar | ","")&IF($F12="SEM EQUIPE",IF(N($H12)>0,"","Ambiente sem equipe | "),"")&IF($F12="INCOMPLETO","Falta "&($B12-(--($D12<>"")+--($E12<>"")))&IF($B12-(--($D12<>"")+--($E12<>""))=1," técnico"," técnicos")&" neste ambiente | ","")&IF($F12="GENTE DEMAIS","Este ambiente é de "&$B12&IF($B12=1," técnico só"," técnicos")&": tire o excedente | ","")&IF($F12="DUPLA VETADA",$D12&" e "&$E12&" não podem trabalhar juntas | ","")&IF($F12="EXTRA","Técnico escalado em ambiente que não opera hoje | ","")&IF(AND($F12="NÃO OPERA",N($H12)>0),"Ambiente não opera hoje e tem cirurgia | ","")&IF($F12="SEM AVALIAÇÃO","Técnico sem habilidade marcada na aba Equipe | ","")&IF($F12="ATENÇÃO","Especialidade coberta por uma técnica só — se ela sair, a sala para | ","")&IF(AND($F12<>"SEM AVALIAÇÃO",'Calc'!$AC22<>""),"Ninguém cobre: "&LEFT('Calc'!$AC22,LEN('Calc'!$AC22)-3)&" | ","")&IF(AND($D12<>"",IFERROR(INDEX(Equipe_Situacao,MATCH($D12,Equipe_Nome,0)),"?")<>"Disponível"),$D12&" não está disponível hoje ("&IFERROR(INDEX(Equipe_Situacao,MATCH($D12,Equipe_Nome,0)),"?")&") — troque | ","")&IF(AND($E12<>"",IFERROR(INDEX(Equipe_Situacao,MATCH($E12,Equipe_Nome,0)),"?")<>"Disponível"),$E12&" não está disponível hoje ("&IFERROR(INDEX(Equipe_Situacao,MATCH($E12,Equipe_Nome,0)),"?")&") — troque | ","")&IF(OR(AND($D12<>"",COUNTIF(Pai_Tec1,$D12)+COUNTIF(Pai_Tec2,$D12)>1),AND($E12<>"",COUNTIF(Pai_Tec1,$E12)+COUNTIF(Pai_Tec2,$E12)>1)),"Técnico escalado em dois ambientes | ","")&IF(AND($I12<>"",$I12>1),"Ocupação acima do plantão | ",""))
A13: =IF($N13="","",IFERROR(INDEX(Postos_Nome,MATCH($N13,Postos_Cod,0)),$N13)) | B13: =IF($N13="","",'Calc'!$AD5) | C13: =IF(OR($N13="",'Calc'!$AB23=""),"",LEFT('Calc'!$AB23,LEN('Calc'!$AB23)-3)) | D13: Gisele Antunes | E13: Heloísa Perin | F13: =IF($N13="","",IF($B13=0,IF(AND($D13="",$E13=""),"NÃO OPERA","EXTRA"),IF(AND($D13="",$E13=""),"SEM EQUIPE",IF((--($D13<>"")+--($E13<>""))<$B13,"INCOMPLETO",IF((--($D13<>"")+--($E13<>""))>$B13,"GENTE DEMAIS",IF(AND($D13<>"",$E13<>"",OR(IFERROR(INDEX(Equipe_Afin,MATCH($D13,Equipe_Nome,0),MATCH($E13,Equipe_Nome,0)),"X")<>"X",IFERROR(INDEX(Equipe_Afin,MATCH($E13,Equipe_Nome,0),MATCH($D13,Equipe_Nome,0)),"X")<>"X")),"DUPLA VETADA",IF(OR(AND($D13<>"",IFERROR(INDEX(Equipe_Situacao,MATCH($D13,Equipe_Nome,0)),"Disponível")<>"Disponível"),AND($E13<>"",IFERROR(INDEX(Equipe_Situacao,MATCH($E13,Equipe_Nome,0)),"Disponível")<>"Disponível")),"INDISPONÍVEL",IF(OR(AND($D13<>"",IFERROR(INDEX(Equipe_NEsp,MATCH($D13,Equipe_Nome,0)),0)=0),AND($E13<>"",IFERROR(INDEX(Equipe_NEsp,MATCH($E13,Equipe_Nome,0)),0)=0)),"SEM AVALIAÇÃO",IF('Calc'!$Z23>0,"FALTA HABILIDADE",IF(AND($B13>=2,'Calc'!$AA23>0),"ATENÇÃO","OK"))))))))) | G13: =IF($N13="","",IF($O13="","OK",LEFT($O13,LEN($O13)-3))) | H13: =IF(OR($N13="",'Calc'!$B5<>"Sala cirúrgica"),"",COUNTIFS(Mapa_Sala,$N13,Mapa_Data,Data_Mapa,Mapa_MinOcup,">0")) | I13: =IF(OR($N13="",'Calc'!$B5<>"Sala cirúrgica"),"",'Calc'!$AA5) | J13: =IF($N13="","",IF(MAX('Calc_Salas'!$E$41:$E$53)=0,"—",IFERROR(TEXT(MOD(Turno_Ini+INDEX('Calc_Salas'!$C$41:$C$53,MATCH(LARGE('Calc_Salas'!$E$41:$E$53,1),'Calc_Salas'!$E$41:$E$53,0))/1440,1),"HH:MM")&" → "&TEXT(MOD(Turno_Ini+INDEX('Calc_Salas'!$D$41:$D$53,MATCH(LARGE('Calc_Salas'!$E$41:$E$53,1),'Calc_Salas'!$E$41:$E$53,0))/1440,1),"HH:MM")&" ("&LARGE('Calc_Salas'!$E$41:$E$53,1)&" min)","—"))) | K13: =IF(OR($N13="",MAX('Calc_Salas'!$E$41:$E$53)=0),"",MAX('Calc_Salas'!$F$41:$F$53)) | L13: =IF(OR($N13="",'Calc'!$B5<>"Sala cirúrgica"),"",MAX('Calc_Salas'!$G$41:$G$53)) | M13: =IF($N13="","",IFERROR(INDEX(Sug_Nome,MATCH(LARGE('Calc'!H$38:H$67,1),'Calc'!H$38:H$67,0)),"—")&IFERROR(" · "&INDEX(Sug_Nome,MATCH(LARGE('Calc'!H$38:H$67,2),'Calc'!H$38:H$67,0)),"")&IFERROR(" · "&INDEX(Sug_Nome,MATCH(LARGE('Calc'!H$38:H$67,3),'Calc'!H$38:H$67,0)),"")) | N13: =IF('Calc'!$A5="","",'Calc'!$A5) | O13: =IF($N13="","",IF(AND($F13="SEM EQUIPE",N($H13)>0),"Sem equipe — "&$H13&" cirurgia(s) a remanejar | ","")&IF($F13="SEM EQUIPE",IF(N($H13)>0,"","Ambiente sem equipe | "),"")&IF($F13="INCOMPLETO","Falta "&($B13-(--($D13<>"")+--($E13<>"")))&IF($B13-(--($D13<>"")+--($E13<>""))=1," técnico"," técnicos")&" neste ambiente | ","")&IF($F13="GENTE DEMAIS","Este ambiente é de "&$B13&IF($B13=1," técnico só"," técnicos")&": tire o excedente | ","")&IF($F13="DUPLA VETADA",$D13&" e "&$E13&" não podem trabalhar juntas | ","")&IF($F13="EXTRA","Técnico escalado em ambiente que não opera hoje | ","")&IF(AND($F13="NÃO OPERA",N($H13)>0),"Ambiente não opera hoje e tem cirurgia | ","")&IF($F13="SEM AVALIAÇÃO","Técnico sem habilidade marcada na aba Equipe | ","")&IF($F13="ATENÇÃO","Especialidade coberta por uma técnica só — se ela sair, a sala para | ","")&IF(AND($F13<>"SEM AVALIAÇÃO",'Calc'!$AC23<>""),"Ninguém cobre: "&LEFT('Calc'!$AC23,LEN('Calc'!$AC23)-3)&" | ","")&IF(AND($D13<>"",IFERROR(INDEX(Equipe_Situacao,MATCH($D13,Equipe_Nome,0)),"?")<>"Disponível"),$D13&" não está disponível hoje ("&IFERROR(INDEX(Equipe_Situacao,MATCH($D13,Equipe_Nome,0)),"?")&") — troque | ","")&IF(AND($E13<>"",IFERROR(INDEX(Equipe_Situacao,MATCH($E13,Equipe_Nome,0)),"?")<>"Disponível"),$E13&" não está disponível hoje ("&IFERROR(INDEX(Equipe_Situacao,MATCH($E13,Equipe_Nome,0)),"?")&") — troque | ","")&IF(OR(AND($D13<>"",COUNTIF(Pai_Tec1,$D13)+COUNTIF(Pai_Tec2,$D13)>1),AND($E13<>"",COUNTIF(Pai_Tec1,$E13)+COUNTIF(Pai_Tec2,$E13)>1)),"Técnico escalado em dois ambientes | ","")&IF(AND($I13<>"",$I13>1),"Ocupação acima do plantão | ",""))
A14: =IF($N14="","",IFERROR(INDEX(Postos_Nome,MATCH($N14,Postos_Cod,0)),$N14)) | B14: =IF($N14="","",'Calc'!$AD6) | C14: =IF(OR($N14="",'Calc'!$AB24=""),"",LEFT('Calc'!$AB24,LEN('Calc'!$AB24)-3)) | D14: Joana Belincanta | E14: Luciano Bordin | F14: =IF($N14="","",IF($B14=0,IF(AND($D14="",$E14=""),"NÃO OPERA","EXTRA"),IF(AND($D14="",$E14=""),"SEM EQUIPE",IF((--($D14<>"")+--($E14<>""))<$B14,"INCOMPLETO",IF((--($D14<>"")+--($E14<>""))>$B14,"GENTE DEMAIS",IF(AND($D14<>"",$E14<>"",OR(IFERROR(INDEX(Equipe_Afin,MATCH($D14,Equipe_Nome,0),MATCH($E14,Equipe_Nome,0)),"X")<>"X",IFERROR(INDEX(Equipe_Afin,MATCH($E14,Equipe_Nome,0),MATCH($D14,Equipe_Nome,0)),"X")<>"X")),"DUPLA VETADA",IF(OR(AND($D14<>"",IFERROR(INDEX(Equipe_Situacao,MATCH($D14,Equipe_Nome,0)),"Disponível")<>"Disponível"),AND($E14<>"",IFERROR(INDEX(Equipe_Situacao,MATCH($E14,Equipe_Nome,0)),"Disponível")<>"Disponível")),"INDISPONÍVEL",IF(OR(AND($D14<>"",IFERROR(INDEX(Equipe_NEsp,MATCH($D14,Equipe_Nome,0)),0)=0),AND($E14<>"",IFERROR(INDEX(Equipe_NEsp,MATCH($E14,Equipe_Nome,0)),0)=0)),"SEM AVALIAÇÃO",IF('Calc'!$Z24>0,"FALTA HABILIDADE",IF(AND($B14>=2,'Calc'!$AA24>0),"ATENÇÃO","OK"))))))))) | G14: =IF($N14="","",IF($O14="","OK",LEFT($O14,LEN($O14)-3))) | H14: =IF(OR($N14="",'Calc'!$B6<>"Sala cirúrgica"),"",COUNTIFS(Mapa_Sala,$N14,Mapa_Data,Data_Mapa,Mapa_MinOcup,">0")) | I14: =IF(OR($N14="",'Calc'!$B6<>"Sala cirúrgica"),"",'Calc'!$AA6) | J14: =IF($N14="","",IF(MAX('Calc_Salas'!$E$54:$E$66)=0,"—",IFERROR(TEXT(MOD(Turno_Ini+INDEX('Calc_Salas'!$C$54:$C$66,MATCH(LARGE('Calc_Salas'!$E$54:$E$66,1),'Calc_Salas'!$E$54:$E$66,0))/1440,1),"HH:MM")&" → "&TEXT(MOD(Turno_Ini+INDEX('Calc_Salas'!$D$54:$D$66,MATCH(LARGE('Calc_Salas'!$E$54:$E$66,1),'Calc_Salas'!$E$54:$E$66,0))/1440,1),"HH:MM")&" ("&LARGE('Calc_Salas'!$E$54:$E$66,1)&" min)","—"))) | K14: =IF(OR($N14="",MAX('Calc_Salas'!$E$54:$E$66)=0),"",MAX('Calc_Salas'!$F$54:$F$66)) | L14: =IF(OR($N14="",'Calc'!$B6<>"Sala cirúrgica"),"",MAX('Calc_Salas'!$G$54:$G$66)) | M14: =IF($N14="","",IFERROR(INDEX(Sug_Nome,MATCH(LARGE('Calc'!I$38:I$67,1),'Calc'!I$38:I$67,0)),"—")&IFERROR(" · "&INDEX(Sug_Nome,MATCH(LARGE('Calc'!I$38:I$67,2),'Calc'!I$38:I$67,0)),"")&IFERROR(" · "&INDEX(Sug_Nome,MATCH(LARGE('Calc'!I$38:I$67,3),'Calc'!I$38:I$67,0)),"")) | N14: =IF('Calc'!$A6="","",'Calc'!$A6) | O14: =IF($N14="","",IF(AND($F14="SEM EQUIPE",N($H14)>0),"Sem equipe — "&$H14&" cirurgia(s) a remanejar | ","")&IF($F14="SEM EQUIPE",IF(N($H14)>0,"","Ambiente sem equipe | "),"")&IF($F14="INCOMPLETO","Falta "&($B14-(--($D14<>"")+--($E14<>"")))&IF($B14-(--($D14<>"")+--($E14<>""))=1," técnico"," técnicos")&" neste ambiente | ","")&IF($F14="GENTE DEMAIS","Este ambiente é de "&$B14&IF($B14=1," técnico só"," técnicos")&": tire o excedente | ","")&IF($F14="DUPLA VETADA",$D14&" e "&$E14&" não podem trabalhar juntas | ","")&IF($F14="EXTRA","Técnico escalado em ambiente que não opera hoje | ","")&IF(AND($F14="NÃO OPERA",N($H14)>0),"Ambiente não opera hoje e tem cirurgia | ","")&IF($F14="SEM AVALIAÇÃO","Técnico sem habilidade marcada na aba Equipe | ","")&IF($F14="ATENÇÃO","Especialidade coberta por uma técnica só — se ela sair, a sala para | ","")&IF(AND($F14<>"SEM AVALIAÇÃO",'Calc'!$AC24<>""),"Ninguém cobre: "&LEFT('Calc'!$AC24,LEN('Calc'!$AC24)-3)&" | ","")&IF(AND($D14<>"",IFERROR(INDEX(Equipe_Situacao,MATCH($D14,Equipe_Nome,0)),"?")<>"Disponível"),$D14&" não está disponível hoje ("&IFERROR(INDEX(Equipe_Situacao,MATCH($D14,Equipe_Nome,0)),"?")&") — troque | ","")&IF(AND($E14<>"",IFERROR(INDEX(Equipe_Situacao,MATCH($E14,Equipe_Nome,0)),"?")<>"Disponível"),$E14&" não está disponível hoje ("&IFERROR(INDEX(Equipe_Situacao,MATCH($E14,Equipe_Nome,0)),"?")&") — troque | ","")&IF(OR(AND($D14<>"",COUNTIF(Pai_Tec1,$D14)+COUNTIF(Pai_Tec2,$D14)>1),AND($E14<>"",COUNTIF(Pai_Tec1,$E14)+COUNTIF(Pai_Tec2,$E14)>1)),"Técnico escalado em dois ambientes | ","")&IF(AND($I14<>"",$I14>1),"Ocupação acima do plantão | ",""))
A15: =IF($N15="","",IFERROR(INDEX(Postos_Nome,MATCH($N15,Postos_Cod,0)),$N15)) | B15: =IF($N15="","",'Calc'!$AD7) | C15: =IF(OR($N15="",'Calc'!$AB25=""),"",LEFT('Calc'!$AB25,LEN('Calc'!$AB25)-3)) | D15: Marcia Tonet | E15: Rafaela Gubert | F15: =IF($N15="","",IF($B15=0,IF(AND($D15="",$E15=""),"NÃO OPERA","EXTRA"),IF(AND($D15="",$E15=""),"SEM EQUIPE",IF((--($D15<>"")+--($E15<>""))<$B15,"INCOMPLETO",IF((--($D15<>"")+--($E15<>""))>$B15,"GENTE DEMAIS",IF(AND($D15<>"",$E15<>"",OR(IFERROR(INDEX(Equipe_Afin,MATCH($D15,Equipe_Nome,0),MATCH($E15,Equipe_Nome,0)),"X")<>"X",IFERROR(INDEX(Equipe_Afin,MATCH($E15,Equipe_Nome,0),MATCH($D15,Equipe_Nome,0)),"X")<>"X")),"DUPLA VETADA",IF(OR(AND($D15<>"",IFERROR(INDEX(Equipe_Situacao,MATCH($D15,Equipe_Nome,0)),"Disponível")<>"Disponível"),AND($E15<>"",IFERROR(INDEX(Equipe_Situacao,MATCH($E15,Equipe_Nome,0)),"Disponível")<>"Disponível")),"INDISPONÍVEL",IF(OR(AND($D15<>"",IFERROR(INDEX(Equipe_NEsp,MATCH($D15,Equipe_Nome,0)),0)=0),AND($E15<>"",IFERROR(INDEX(Equipe_NEsp,MATCH($E15,Equipe_Nome,0)),0)=0)),"SEM AVALIAÇÃO",IF('Calc'!$Z25>0,"FALTA HABILIDADE",IF(AND($B15>=2,'Calc'!$AA25>0),"ATENÇÃO","OK"))))))))) | G15: =IF($N15="","",IF($O15="","OK",LEFT($O15,LEN($O15)-3))) | H15: =IF(OR($N15="",'Calc'!$B7<>"Sala cirúrgica"),"",COUNTIFS(Mapa_Sala,$N15,Mapa_Data,Data_Mapa,Mapa_MinOcup,">0")) | I15: =IF(OR($N15="",'Calc'!$B7<>"Sala cirúrgica"),"",'Calc'!$AA7) | J15: =IF($N15="","",IF(MAX('Calc_Salas'!$E$67:$E$79)=0,"—",IFERROR(TEXT(MOD(Turno_Ini+INDEX('Calc_Salas'!$C$67:$C$79,MATCH(LARGE('Calc_Salas'!$E$67:$E$79,1),'Calc_Salas'!$E$67:$E$79,0))/1440,1),"HH:MM")&" → "&TEXT(MOD(Turno_Ini+INDEX('Calc_Salas'!$D$67:$D$79,MATCH(LARGE('Calc_Salas'!$E$67:$E$79,1),'Calc_Salas'!$E$67:$E$79,0))/1440,1),"HH:MM")&" ("&LARGE('Calc_Salas'!$E$67:$E$79,1)&" min)","—"))) | K15: =IF(OR($N15="",MAX('Calc_Salas'!$E$67:$E$79)=0),"",MAX('Calc_Salas'!$F$67:$F$79)) | L15: =IF(OR($N15="",'Calc'!$B7<>"Sala cirúrgica"),"",MAX('Calc_Salas'!$G$67:$G$79)) | M15: =IF($N15="","",IFERROR(INDEX(Sug_Nome,MATCH(LARGE('Calc'!J$38:J$67,1),'Calc'!J$38:J$67,0)),"—")&IFERROR(" · "&INDEX(Sug_Nome,MATCH(LARGE('Calc'!J$38:J$67,2),'Calc'!J$38:J$67,0)),"")&IFERROR(" · "&INDEX(Sug_Nome,MATCH(LARGE('Calc'!J$38:J$67,3),'Calc'!J$38:J$67,0)),"")) | N15: =IF('Calc'!$A7="","",'Calc'!$A7) | O15: =IF($N15="","",IF(AND($F15="SEM EQUIPE",N($H15)>0),"Sem equipe — "&$H15&" cirurgia(s) a remanejar | ","")&IF($F15="SEM EQUIPE",IF(N($H15)>0,"","Ambiente sem equipe | "),"")&IF($F15="INCOMPLETO","Falta "&($B15-(--($D15<>"")+--($E15<>"")))&IF($B15-(--($D15<>"")+--($E15<>""))=1," técnico"," técnicos")&" neste ambiente | ","")&IF($F15="GENTE DEMAIS","Este ambiente é de "&$B15&IF($B15=1," técnico só"," técnicos")&": tire o excedente | ","")&IF($F15="DUPLA VETADA",$D15&" e "&$E15&" não podem trabalhar juntas | ","")&IF($F15="EXTRA","Técnico escalado em ambiente que não opera hoje | ","")&IF(AND($F15="NÃO OPERA",N($H15)>0),"Ambiente não opera hoje e tem cirurgia | ","")&IF($F15="SEM AVALIAÇÃO","Técnico sem habilidade marcada na aba Equipe | ","")&IF($F15="ATENÇÃO","Especialidade coberta por uma técnica só — se ela sair, a sala para | ","")&IF(AND($F15<>"SEM AVALIAÇÃO",'Calc'!$AC25<>""),"Ninguém cobre: "&LEFT('Calc'!$AC25,LEN('Calc'!$AC25)-3)&" | ","")&IF(AND($D15<>"",IFERROR(INDEX(Equipe_Situacao,MATCH($D15,Equipe_Nome,0)),"?")<>"Disponível"),$D15&" não está disponível hoje ("&IFERROR(INDEX(Equipe_Situacao,MATCH($D15,Equipe_Nome,0)),"?")&") — troque | ","")&IF(AND($E15<>"",IFERROR(INDEX(Equipe_Situacao,MATCH($E15,Equipe_Nome,0)),"?")<>"Disponível"),$E15&" não está disponível hoje ("&IFERROR(INDEX(Equipe_Situacao,MATCH($E15,Equipe_Nome,0)),"?")&") — troque | ","")&IF(OR(AND($D15<>"",COUNTIF(Pai_Tec1,$D15)+COUNTIF(Pai_Tec2,$D15)>1),AND($E15<>"",COUNTIF(Pai_Tec1,$E15)+COUNTIF(Pai_Tec2,$E15)>1)),"Técnico escalado em dois ambientes | ","")&IF(AND($I15<>"",$I15>1),"Ocupação acima do plantão | ",""))
