Workbook
Name Data_Mapa: 'Parâmetros'!$B$6
Name Turno_Ini: 'Parâmetros'!$B$10
Name Turno_Fim: 'Parâmetros'!$B$11
Name Turno_Min: 'Parâmetros'!$B$12
Name Peso_Instrumentador: 'Parâmetros'!$B$22
Name Peso_Circulante: 'Parâmetros'!$B$23
Name Afinidade_Meta: 'Parâmetros'!$B$25
Name Afinidade_Min: 'Parâmetros'!$B$26
Name Nivel_Critico: 'Parâmetros'!$B$27
Name Part_Min_Critica: 'Parâmetros'!$B$28
Name Limpeza_Min: 'Parâmetros'!$B$31
Name Janela_Min: 'Parâmetros'!$B$32
Name Meta_Ocupacao: 'Parâmetros'!$B$33
Name Ocupacao_Max: 'Parâmetros'!$B$34
Name Aus_Tipos: 'Parâmetros'!$A$38:$A$42
Name Aus_Siglas: 'Parâmetros'!$B$38:$B$42
Name Lista_Funcoes: 'Parâmetros'!$F$5:$F$7
Name Lista_StatusCad: 'Parâmetros'!$G$5:$G$7
Name Lista_StatusCirurgia: 'Parâmetros'!$H$5:$H$8
Name Lista_Porte: 'Parâmetros'!$I$5:$I$7
Name Lista_TipoPosto: 'Parâmetros'!$J$5:$J$6
Name Lista_TiposAusencia: 'Parâmetros'!$A$38:$A$42
Name Hab_Nome: 'Habilidades'!$B$2:$B$15
Name Esp_Nome: 'Especialidades'!$A$2:$A$25
Name Esp_Hab: 'Especialidades'!$B$2:$B$25
Name Esp_Dur: 'Especialidades'!$C$2:$C$25
Name Postos_Cod: 'Postos'!$A$2:$A$17
Name Postos_Nome: 'Postos'!$B$2:$B$17
Name Postos_Tipo: 'Postos'!$C$2:$C$17
Name Postos_Nec: 'Postos'!$D$2:$D$17
Name Postos_Min: 'Postos'!$E$2:$E$17
Name Postos_Prior: 'Postos'!$F$2:$F$17
Name Postos_Hab: 'Postos'!$G$2:$G$17
Name Postos_Status: 'Postos'!$H$2:$H$17
Name Equipe_Mat: 'Equipe'!$A$2:$A$31
Name Equipe_Nome: 'Equipe'!$B$2:$B$31
Name Equipe_Funcao: 'Equipe'!$C$2:$C$31
Name Equipe_StatusCad: 'Equipe'!$D$2:$D$31
Name Equipe_Situacao: 'Equipe'!$E$2:$E$31
Name Matriz_Nome: 'Matriz_Habilidades'!$B$2:$B$31
Name Matriz_Niveis: 'Matriz_Habilidades'!$D$2:$Q$31
Name Matriz_Hab: 'Matriz_Habilidades'!$D$1:$Q$1
Name Aus_Tec: 'Ausencias'!$A$2:$A$151
Name Aus_Tipo: 'Ausencias'!$B$2:$B$151
Name Aus_Ini: 'Ausencias'!$C$2:$C$151
Name Aus_Fim: 'Ausencias'!$D$2:$D$151
Name Aus_Ativa: 'Ausencias'!$G$2:$G$151
Name Aus_Cod: 'Ausencias'!$H$2:$H$151
Name Mapa_Data: 'Mapa_Cirurgico'!$A$2:$A$201
Name Mapa_Sala: 'Mapa_Cirurgico'!$B$2:$B$201
Name Mapa_Ini: 'Mapa_Cirurgico'!$C$2:$C$201
Name Mapa_Fim: 'Mapa_Cirurgico'!$D$2:$D$201
Name Mapa_Esp: 'Mapa_Cirurgico'!$E$2:$E$201
Name Mapa_Hab: 'Mapa_Cirurgico'!$F$2:$F$201
Name Mapa_Status: 'Mapa_Cirurgico'!$J$2:$J$201
Name Mapa_Dur: 'Mapa_Cirurgico'!$K$2:$K$201
Name Mapa_MinOcup: 'Mapa_Cirurgico'!$L$2:$L$201
Name Mapa_Ordem: 'Mapa_Cirurgico'!$M$2:$M$201
Name Mapa_Livre: 'Mapa_Cirurgico'!$O$2:$O$201
Name Mapa_Alerta: 'Mapa_Cirurgico'!$P$2:$P$201

Sheet Instruções
A1: CENTRO CIRÚRGICO — ESCALA DIÁRIA DE TÉCNICOS POR POSTO
A2: 8 salas (2 técnicos cada) + admissão (2) + box de preparo oftalmológico (1) + sala de recém-nascido (1) = 20 vagas por dia, para um quadro de 22 técnicos com férias, folgas e atestados.
B4: 1. PREMISSAS ADOTADAS — confira antes de usar
B5: Um plantão por dia | C5: A escala do dia cobre UM plantão (07:00–19:00, alterável em Parâmetros). Foi a única leitura compatível com 22 técnicos para 20 vagas. Se o serviço tiver mais de um turno, avise: a estrutura muda.
B6: Papéis nas salas | C6: Nas salas cirúrgicas o Técnico 1 é o CIRCULANTE e o Técnico 2 é o INSTRUMENTADOR, com pesos diferentes na afinidade. Nos postos de apoio (admissão, box, RN) não há distinção de papel.
B7: Déficit é o normal | C7: Como quase nunca há 20 técnicos disponíveis, a planilha trabalha com PRIORIDADE DE COBERTURA: cada posto tem uma prioridade e um mínimo aceitável, e o Painel mostra o déficit, os postos descobertos e quantas cirurgias precisam ser remanejadas.
B8: Dados de exemplo | C8: Equipe, habilidades, ausências e agenda vêm preenchidos com um dia de demonstração (18 disponíveis para 20 vagas). Substitua pelos dados reais.
B9: 2. COMO A PLANILHA ESTÁ ORGANIZADA
B10: ENTRADAS (o que se digita) | C10: Parâmetros · Habilidades · Especialidades · Postos · Equipe · Matriz_Habilidades · Ausencias · Mapa_Cirurgico · colunas TÉCNICO 1 e TÉCNICO 2 da Escala_Dia
B11: PROCESSAMENTO (não digitar) | C11: Calc_Mix (minutos por habilidade em cada posto) e Calc_Afinidade (afinidade dos técnicos disponíveis e ainda não escalados). Ficam visíveis para auditoria.
B12: SAÍDAS | C12: Escala_Dia · Sugestao_Tecnicos · Jogo_de_Sala · Calendario_Ausencias · Painel · Base_Historico
B13: 3. A REGRA DE AFINIDADE
B14: Afinidade do técnico com o posto | C14: Média dos níveis do técnico nas habilidades exigidas pelo posto, PONDERADA PELOS MINUTOS de cada habilidade na agenda daquela sala. Habilidade que ocupa mais tempo pesa mais.
B15: Postos sem agenda | C15: Admissão, box e sala de RN — e qualquer sala sem cirurgia marcada, como a de urgência — usam a HABILIDADE DE REFERÊNCIA cadastrada na aba Postos.
B16: Afinidade do posto | C16: Sala: Peso_Circulante × técnico 1 + Peso_Instrumentador × técnico 2. Apoio: média simples. Com um só técnico, é a afinidade dele.
B17: Classificação | C17: ADEQUADO ≥ Afinidade_Meta (2,50) · ATENÇÃO entre a meta e a mínima · CRÍTICO abaixo de Afinidade_Min (2,00) · SEM EQUIPE quando o posto está descoberto.
B18: Alerta de inaptidão | C18: Se uma habilidade responder por ≥ Part_Min_Critica (20%) do tempo da sala e algum técnico da dupla tiver nível ≤ Nivel_Critico (1) nela, a linha é sinalizada mesmo com média boa.
B19: 4. ROTINA DO DIA
B20: Passo 1 — data | C20: Em Parâmetros, ajuste a Data da escala. Toda a planilha passa a olhar para esse dia.
B21: Passo 2 — ausências | C21: Lance férias, folgas, atestados, licenças e treinamentos em Ausencias (período de/até). A aba Equipe mostra na hora quem está disponível, e o Calendario_Ausencias dá a visão do mês inteiro.
B22: Passo 3 — agenda | C22: Lance as cirurgias em Mapa_Cirurgico. A coluna Alerta aponta sobreposição de horário, sala não cadastrada, duração inválida e horário fora da janela do plantão.
B23: Passo 4 — escala | C23: Em Escala_Dia, escolha os técnicos de cada posto nas listas suspensas (células azuis), na ordem de prioridade dos postos. A aba Sugestao_Tecnicos mostra, para cada posto, quem ainda está livre em ordem de afinidade — a lista se atualiza a cada nome escalado.
B24: Passo 5 — o que ficou descoberto | C24: O Painel (bloco 2) mostra o déficit, os postos descobertos e quantas cirurgias precisam ser remanejadas. Use o Jogo_de_Sala para achar em qual sala e em que horário elas cabem.
B25: Passo 6 — fechamento | C25: Copie as linhas de Escala_Dia e cole COMO VALORES em Base_Historico para guardar o histórico do dia.
B26: 5. JOGO DE SALA (encaixes)
B27: O que é cada janela | C27: Janela 0 é o tempo livre antes da primeira cirurgia. As demais são o intervalo entre a liberação de uma cirurgia (fim + limpeza) e o início da seguinte. A última vai até o fim do plantão.
B28: Cabe cirurgia de até | C28: É a duração da janela menos o tempo de limpeza — ou seja, o tamanho real do encaixe possível. A coluna Situação separa as janelas aproveitáveis (≥ Janela_Min, 30 min) das curtas.
B29: No Mapa_Cirurgico | C29: As colunas 'Sala liberada às' e 'Livre até a próxima (min)' mostram o mesmo em linha, cirurgia a cirurgia; a célula fica verde quando o intervalo comporta um encaixe.
B30: 6. CONVENÇÕES VISUAIS
B31: Azul | C31: Célula de entrada — pode digitar.
B32: Amarelo | C32: Premissa de negócio (Parâmetros). Alterar aqui recalcula toda a planilha.
B33: Preto | C33: Resultado de fórmula — não digitar por cima.
B34: Verde itálico | C34: Valor trazido de outra aba por fórmula.
B35: Vermelho / âmbar / verde | C35: Semáforo de cobertura, afinidade, ocupação e alertas.
B36: 7. COMO EXPANDIR
B37: Novo técnico | C37: Acrescente a linha em Equipe (até 30). Matriz_Habilidades, Calc_Afinidade, Calendario_Ausencias e as listas suspensas acompanham sozinhos — só preencha os níveis na Matriz.
B38: Nova habilidade | C38: Acrescente a linha em Habilidades (até 14 posições). As colunas da Matriz e do Calc_Mix pegam o nome automaticamente.
B39: Novo posto ou nova sala | C39: Acrescente a linha em Postos (até 16). As linhas correspondentes já existem em Calc_Mix, Escala_Dia, Sugestao_Tecnicos e Jogo_de_Sala e passam a funcionar sozinhas.
B40: Mais cirurgias / ausências | C40: O Mapa_Cirurgico comporta 200 cirurgias por dia e a aba Ausencias 150 registros; as fórmulas já cobrem esse intervalo.
B41: 8. OBSERVAÇÕES TÉCNICAS
B42: Ocupação da sala | C42: Cada cirurgia consome sua duração + o tempo de limpeza definido em Parâmetros (20 min). Cirurgias Canceladas ou Suspensas não entram na ocupação nem no cálculo de afinidade.
B43: Colunas auxiliares ocultas | C43: Mapa_Cirurgico colunas Q a U, Escala_Dia X a Z, Ausencias G e H e Jogo_de_Sala H e I guardam cálculos intermediários. Na Escala_Dia as colunas S a V (Chk duplicidade, disponibilidade, função e inaptidão) também estão ocultas — o resultado delas aparece consolidado em ALERTAS; exiba-as se quiser auditar cada teste em separado. Não excluir nenhuma delas.
B44: Desempate na sugestão | C44: O Calc_Afinidade soma 0,000001 × número da linha para evitar empates no ranking; o efeito é invisível nas duas casas exibidas.
B45: Funções utilizadas | C45: SUMIFS, COUNTIFS, SUMPRODUCT, INDEX, MATCH, LARGE, IF e IFERROR — compatíveis com Excel e LibreOffice. Não há macros, Power Query nem matrizes dinâmicas.
B46: Não se fazem cirurgias cardíacas | C46: A lista de especialidades da aba Especialidades reflete isso; inclua ou remova linhas conforme o serviço.

Sheet Parâmetros
A1: PARÂMETROS E PREMISSAS
A2: Células amarelas são premissas de negócio. Alterá-las recalcula toda a planilha — nenhuma premissa está embutida em fórmula.
A3: 1. IDENTIFICAÇÃO | F3: LISTAS AUXILIARES
A4: Unidade / Hospital | B4: Hospital — preencher | F4: Função | G4: Status cadastral | H4: Status da cirurgia | I4: Porte | J4: Tipo de posto
A5: Setor | B5: Centro Cirúrgico | F5: Circulante | G5: Ativo | H5: Agendada | I5: P | J5: Sala cirúrgica
A6: Data da escala | B6: 46254 | D6: Data_Mapa | F6: Instrumentador | G6: Afastado | H6: Realizada | I6: M | J6: Apoio
A7: Coordenação responsável | B7: Coordenação de Enfermagem | F7: Ambos | G7: Desligado | H7: Cancelada | I7: G
H8: Suspensa
A9: 2. PLANTÃO (a escala do dia cobre um plantão)
A10: Início do plantão | B10: 0.29166667 | D10: Turno_Ini
A11: Fim do plantão | B11: 0.79166667 | D11: Turno_Fim
A12: Minutos do plantão | B12: =MOD(B11-B10,1)*1440 | D12: Turno_Min
A14: 3. ESCALA DE HABILIDADE (usada na Matriz_Habilidades)
A15: Nível | B15: Descrição | C15: Pontos | D15: Critério operacional
A16: 0 | B16: Não apto | C16: 0 | D16: Não pode assumir o posto
A17: 1 | B17: Em treinamento | C17: 1 | D17: Só atua acompanhado de técnico apto
A18: 2 | B18: Apto | C18: 2 | D18: Atua com autonomia
A19: 3 | B19: Referência | C19: 3 | D19: Atua em alta complexidade e treina a equipe
A21: 4. PARÂMETROS DE AFINIDADE
A22: Peso do INSTRUMENTADOR na afinidade da dupla | B22: 0.6 | D22: Peso_Instrumentador
A23: Peso do CIRCULANTE na afinidade da dupla | B23: 0.4 | D23: Peso_Circulante
A24: Soma dos pesos (precisa ser 1,00) | B24: =B22+B23
A25: Afinidade META — posto ADEQUADO quando ≥ | B25: 2.5 | D25: Afinidade_Meta
A26: Afinidade MÍNIMA aceitável — abaixo é CRÍTICO | B26: 2 | D26: Afinidade_Min
A27: Nível considerado INAPTO (≤) | B27: 1 | D27: Nivel_Critico
A28: Participação mínima da habilidade para alerta crítico | B28: 0.2 | D28: Part_Min_Critica
A30: 5. PARÂMETROS OPERACIONAIS
A31: Limpeza e preparação após cada cirurgia (min) | B31: 20 | D31: Limpeza_Min
A32: Janela mínima para considerar encaixe (min) | B32: 30 | D32: Janela_Min
A33: Meta de ocupação de sala | B33: 0.85 | D33: Meta_Ocupacao
A34: Ocupação máxima admitida | B34: 1 | D34: Ocupacao_Max
A36: 6. TIPOS DE AUSÊNCIA
A37: Tipo | B37: Sigla | C37: Cor no calendário
A38: Férias | B38: F
A39: Folga | B39: D
A40: Atestado | B40: A
A41: Licença | B41: L
A42: Treinamento | B42: T

Sheet Habilidades
A1: Código | B1: Habilidade | C1: Tipo | D1: Observação
A2: H01 | B2: Ortopedia e Traumatologia | C2: Cirúrgica
A3: H02 | B3: Cirurgia Geral e Videolaparoscopia | C3: Cirúrgica
A4: H03 | B4: Neurocirurgia | C4: Cirúrgica
A5: H04 | B5: Obstetrícia (cesariana) | C5: Cirúrgica
A6: H05 | B6: Ginecologia e Urologia | C6: Cirúrgica
A7: H06 | B7: Oftalmologia | C7: Cirúrgica
A8: H07 | B8: Otorrinolaringologia e Buco-maxilo | C8: Cirúrgica
A9: H08 | B9: Cirurgia Plástica e Vascular | C9: Cirúrgica
A10: H09 | B10: Admissão | C10: Apoio
A11: H10 | B11: Sala de recém-nascido | C11: Apoio
A17: A ORDEM desta lista define a ordem das colunas da Matriz_Habilidades e do Calc_Mix (ambas puxam o cabeçalho daqui). Há 14 posições; 10 em uso.

Sheet Especialidades
A1: Especialidade (como vem na agenda) | B1: Habilidade correspondente | C1: Duração média (min) | D1: Ativa | E1: Observação
A2: Ortopedia | B2: Ortopedia e Traumatologia | C2: 120 | D2: Sim
A3: Traumatologia | B3: Ortopedia e Traumatologia | C3: 90 | D3: Sim
A4: Cirurgia Geral | B4: Cirurgia Geral e Videolaparoscopia | C4: 90 | D4: Sim
A5: Cirurgia Bariátrica | B5: Cirurgia Geral e Videolaparoscopia | C5: 150 | D5: Sim
A6: Cirurgia Pediátrica | B6: Cirurgia Geral e Videolaparoscopia | C6: 75 | D6: Sim
A7: Neurocirurgia | B7: Neurocirurgia | C7: 210 | D7: Sim
A8: Cesariana | B8: Obstetrícia (cesariana) | C8: 60 | D8: Sim
A9: Ginecologia | B9: Ginecologia e Urologia | C9: 90 | D9: Sim
A10: Urologia | B10: Ginecologia e Urologia | C10: 90 | D10: Sim
A11: Oftalmologia | B11: Oftalmologia | C11: 45 | D11: Sim
A12: Otorrinolaringologia | B12: Otorrinolaringologia e Buco-maxilo | C12: 75 | D12: Sim
A13: Buco-Maxilo-Facial | B13: Otorrinolaringologia e Buco-maxilo | C13: 120 | D13: Sim
... A15: Cirurgia Vascular | B15: Cirurgia Plástica e Vascular | C15: 150 | D15: Sim
A27: Não se realizam cirurgias cardíacas nesta unidade. Cada especialidade da agenda aponta para uma das habilidades da equipe — é isso que liga o mapa cirúrgico à matriz de habilidades.

Sheet Postos
A1: Código | B1: Posto | C1: Tipo | D1: Técnicos necessários | E1: Mínimo aceitável | F1: Prioridade de cobertura | G1: Habilidade de referência | H1: Status | I1: Observação
A2: SO-01 | B2: Sala 1 | C2: Sala cirúrgica | D2: 2 | E2: 2 | F2: 5 | G2: Ortopedia e Traumatologia | H2: Ativo | I2: Eletivas de ortopedia
A3: SO-02 | B3: Sala 2 | C3: Sala cirúrgica | D3: 2 | E3: 2 | F3: 6 | G3: Cirurgia Geral e Videolaparoscopia | H3: Ativo | I3: Eletivas de cirurgia geral
A4: SO-03 | B4: Sala 3 | C4: Sala cirúrgica | D4: 2 | E4: 2 | F4: 9 | G4: Neurocirurgia | H4: Ativo | I4: Eletivas de neurocirurgia
A5: SO-04 | B5: Sala 4 | C5: Sala cirúrgica | D5: 2 | E5: 2 | F5: 10 | G5: Cirurgia Plástica e Vascular | H5: Ativo | I5: Plástica e vascular
A6: SO-05 | B6: Sala 5 | C6: Sala cirúrgica | D6: 2 | E6: 2 | F6: 7 | G6: Ginecologia e Urologia | H6: Ativo | I6: Gineco e urologia
A7: SO-06 | B7: Sala 6 | C7: Sala cirúrgica | D7: 2 | E7: 2 | F7: 2 | G7: Obstetrícia (cesariana) | H7: Ativo | I7: EXCLUSIVA do centro obstétrico — cesarianas
A8: SO-07 | B8: Sala 7 | C8: Sala cirúrgica | D8: 2 | E8: 2 | F8: 1 | G8: Cirurgia Geral e Videolaparoscopia | H8: Ativo | I8: RESERVADA a urgências — não pode ficar descoberta
A9: SO-08 | B9: Sala 8 | C9: Sala cirúrgica | D9: 2 | E9: 2 | F9: 8 | G9: Oftalmologia | H9: Ativo | I9: Oftalmologia — apoiada pelo box de preparo
A10: ADM | B10: Admissão | C10: Apoio | D10: 2 | E10: 1 | F10: 4 | G10: Admissão | H10: Ativo | I10: Recepção e preparo do paciente — opera com 1 no limite
A11: BOX | B11: Box de preparo oftalmológico | C11: Apoio | D11: 1 | E11: 1 | F11: 11 | G11: Oftalmologia | H11: Ativo | I11: Apoio da Sala 8
A12: RN | B12: Sala de recém-nascido | C12: Apoio | D12: 1 | E12: 1 | F12: 3 | G12: Sala de recém-nascido | H12: Ativo | I12: Bloco obstétrico
A19: Prioridade 1 é coberta primeiro quando falta pessoal. 'Mínimo aceitável' é o número de técnicos com que o posto ainda pode abrir; abaixo disso o posto fica descoberto.

Sheet Equipe
A1: Matrícula | B1: Nome do técnico | C1: Função | D1: Status cadastral | E1: SITUAÇÃO NA DATA | F1: Ausente até | G1: Observação
A2: TEC-001 | B2: Adriana Salvi | C2: Circulante | D2: Ativo | E2: =IF($B2="","",IF($D2<>"Ativo",$D2,IFERROR(INDEX(Aus_Tipo,MATCH($B2,Aus_Ativa,0)),"Disponível"))) | F2: =IF(OR($B2="",$E2="Disponível"),"",IFERROR(INDEX(Aus_Fim,MATCH($B2,Aus_Ativa,0)),""))
A3: TEC-002 | B3: Bruna Cordeiro | C3: Circulante | D3: Ativo | E3: =IF($B3="","",IF($D3<>"Ativo",$D3,IFERROR(INDEX(Aus_Tipo,MATCH($B3,Aus_Ativa,0)),"Disponível"))) | F3: =IF(OR($B3="",$E3="Disponível"),"",IFERROR(INDEX(Aus_Fim,MATCH($B3,Aus_Ativa,0)),""))
A4: TEC-003 | B4: Camila Bertoldi | C4: Circulante | D4: Ativo | E4: =IF($B4="","",IF($D4<>"Ativo",$D4,IFERROR(INDEX(Aus_Tipo,MATCH($B4,Aus_Ativa,0)),"Disponível"))) | F4: =IF(OR($B4="",$E4="Disponível"),"",IFERROR(INDEX(Aus_Fim,MATCH($B4,Aus_Ativa,0)),""))
A5: TEC-004 | B5: Daiane Prestes | C5: Circulante | D5: Ativo | E5: =IF($B5="","",IF($D5<>"Ativo",$D5,IFERROR(INDEX(Aus_Tipo,MATCH($B5,Aus_Ativa,0)),"Disponível"))) | F5: =IF(OR($B5="",$E5="Disponível"),"",IFERROR(INDEX(Aus_Fim,MATCH($B5,Aus_Ativa,0)),""))
A6: TEC-005 | B6: Elaine Mafra | C6: Circulante | D6: Ativo | E6: =IF($B6="","",IF($D6<>"Ativo",$D6,IFERROR(INDEX(Aus_Tipo,MATCH($B6,Aus_Ativa,0)),"Disponível"))) | F6: =IF(OR($B6="",$E6="Disponível"),"",IFERROR(INDEX(Aus_Fim,MATCH($B6,Aus_Ativa,0)),""))
A7: TEC-006 | B7: Fernanda Klein | C7: Circulante | D7: Ativo | E7: =IF($B7="","",IF($D7<>"Ativo",$D7,IFERROR(INDEX(Aus_Tipo,MATCH($B7,Aus_Ativa,0)),"Disponível"))) | F7: =IF(OR($B7="",$E7="Disponível"),"",IFERROR(INDEX(Aus_Fim,MATCH($B7,Aus_Ativa,0)),""))
A8: TEC-007 | B8: Gisele Antunes | C8: Circulante | D8: Ativo | E8: =IF($B8="","",IF($D8<>"Ativo",$D8,IFERROR(INDEX(Aus_Tipo,MATCH($B8,Aus_Ativa,0)),"Disponível"))) | F8: =IF(OR($B8="",$E8="Disponível"),"",IFERROR(INDEX(Aus_Fim,MATCH($B8,Aus_Ativa,0)),""))
A9: TEC-008 | B9: Heloísa Perin | C9: Circulante | D9: Ativo | E9: =IF($B9="","",IF($D9<>"Ativo",$D9,IFERROR(INDEX(Aus_Tipo,MATCH($B9,Aus_Ativa,0)),"Disponível"))) | F9: =IF(OR($B9="",$E9="Disponível"),"",IFERROR(INDEX(Aus_Fim,MATCH($B9,Aus_Ativa,0)),""))
A10: TEC-009 | B10: Ismael Kanitz | C10: Circulante | D10: Ativo | E10: =IF($B10="","",IF($D10<>"Ativo",$D10,IFERROR(INDEX(Aus_Tipo,MATCH($B10,Aus_Ativa,0)),"Disponível"))) | F10: =IF(OR($B10="",$E10="Disponível"),"",IFERROR(INDEX(Aus_Fim,MATCH($B10,Aus_Ativa,0)),""))
A11: TEC-010 | B11: Joana Belincanta | C11: Instrumentador | D11: Ativo | E11: =IF($B11="","",IF($D11<>"Ativo",$D11,IFERROR(INDEX(Aus_Tipo,MATCH($B11,Aus_Ativa,0)),"Disponível"))) | F11: =IF(OR($B11="",$E11="Disponível"),"",IFERROR(INDEX(Aus_Fim,MATCH($B11,Aus_Ativa,0)),""))
A12: TEC-011 | B12: Kelly Marchi | C12: Instrumentador | D12: Ativo | E12: =IF($B12="","",IF($D12<>"Ativo",$D12,IFERROR(INDEX(Aus_Tipo,MATCH($B12,Aus_Ativa,0)),"Disponível"))) | F12: =IF(OR($B12="",$E12="Disponível"),"",IFERROR(INDEX(Aus_Fim,MATCH($B12,Aus_Ativa,0)),""))
A13: TEC-012 | B13: Luciano Bordin | C13: Instrumentador | D13: Ativo | E13: =IF($B13="","",IF($D13<>"Ativo",$D13,IFERROR(INDEX(Aus_Tipo,MATCH($B13,Aus_Ativa,0)),"Disponível"))) | F13: =IF(OR($B13="",$E13="Disponível"),"",IFERROR(INDEX(Aus_Fim,MATCH($B13,Aus_Ativa,0)),""))
... A23: TEC-022 | B23: Zuleide Marcon | C23: Ambos | D23: Ativo | E23: =IF($B23="","",IF($D23<>"Ativo",$D23,IFERROR(INDEX(Aus_Tipo,MATCH($B23,Aus_Ativa,0)),"Disponível"))) | F23: =IF(OR($B23="",$E23="Disponível"),"",IFERROR(INDEX(Aus_Fim,MATCH($B23,Aus_Ativa,0)),""))
E24: =IF($B24="","",IF($D24<>"Ativo",$D24,IFERROR(INDEX(Aus_Tipo,MATCH($B24,Aus_Ativa,0)),"Disponível"))) | F24: =IF(OR($B24="",$E24="Disponível"),"",IFERROR(INDEX(Aus_Fim,MATCH($B24,Aus_Ativa,0)),""))
E25: =IF($B25="","",IF($D25<>"Ativo",$D25,IFERROR(INDEX(Aus_Tipo,MATCH($B25,Aus_Ativa,0)),"Disponível"))) | F25: =IF(OR($B25="",$E25="Disponível"),"",IFERROR(INDEX(Aus_Fim,MATCH($B25,Aus_Ativa,0)),""))
E26: =IF($B26="","",IF($D26<>"Ativo",$D26,IFERROR(INDEX(Aus_Tipo,MATCH($B26,Aus_Ativa,0)),"Disponível"))) | F26: =IF(OR($B26="",$E26="Disponível"),"",IFERROR(INDEX(Aus_Fim,MATCH($B26,Aus_Ativa,0)),""))
E27: =IF($B27="","",IF($D27<>"Ativo",$D27,IFERROR(INDEX(Aus_Tipo,MATCH($B27,Aus_Ativa,0)),"Disponível"))) | F27: =IF(OR($B27="",$E27="Disponível"),"",IFERROR(INDEX(Aus_Fim,MATCH($B27,Aus_Ativa,0)),""))
E28: =IF($B28="","",IF($D28<>"Ativo",$D28,IFERROR(INDEX(Aus_Tipo,MATCH($B28,Aus_Ativa,0)),"Disponível"))) | F28: =IF(OR($B28="",$E28="Disponível"),"",IFERROR(INDEX(Aus_Fim,MATCH($B28,Aus_Ativa,0)),""))
E29: =IF($B29="","",IF($D29<>"Ativo",$D29,IFERROR(INDEX(Aus_Tipo,MATCH($B29,Aus_Ativa,0)),"Disponível"))) | F29: =IF(OR($B29="",$E29="Disponível"),"",IFERROR(INDEX(Aus_Fim,MATCH($B29,Aus_Ativa,0)),""))
E30: =IF($B30="","",IF($D30<>"Ativo",$D30,IFERROR(INDEX(Aus_Tipo,MATCH($B30,Aus_Ativa,0)),"Disponível"))) | F30: =IF(OR($B30="",$E30="Disponível"),"",IFERROR(INDEX(Aus_Fim,MATCH($B30,Aus_Ativa,0)),""))
E31: =IF($B31="","",IF($D31<>"Ativo",$D31,IFERROR(INDEX(Aus_Tipo,MATCH($B31,Aus_Ativa,0)),"Disponível"))) | F31: =IF(OR($B31="",$E31="Disponível"),"",IFERROR(INDEX(Aus_Fim,MATCH($B31,Aus_Ativa,0)),""))

Sheet Matriz_Habilidades
A1: Matrícula | B1: Nome do técnico | C1: Função | D1: =IF('Habilidades'!$B$2="","",'Habilidades'!$B$2) | E1: =IF('Habilidades'!$B$3="","",'Habilidades'!$B$3) | F1: =IF('Habilidades'!$B$4="","",'Habilidades'!$B$4) | G1: =IF('Habilidades'!$B$5="","",'Habilidades'!$B$5) | H1: =IF('Habilidades'!$B$6="","",'Habilidades'!$B$6) | I1: =IF('Habilidades'!$B$7="","",'Habilidades'!$B$7) | J1: =IF('Habilidades'!$B$8="","",'Habilidades'!$B$8) | K1: =IF('Habilidades'!$B$9="","",'Habilidades'!$B$9) | L1: =IF('Habilidades'!$B$10="","",'Habilidades'!$B$10) | M1: =IF('Habilidades'!$B$11="","",'Habilidades'!$B$11) | N1: =IF('Habilidades'!$B$12="","",'Habilidades'!$B$12) | O1: =IF('Habilidades'!$B$13="","",'Habilidades'!$B$13) | P1: =IF('Habilidades'!$B$14="","",'Habilidades'!$B$14) | Q1: =IF('Habilidades'!$B$15="","",'Habilidades'!$B$15) | R1: Nível médio (geral) | S1: Nº habilidades aptas (≥2)
A2: =IF('Equipe'!A2="","",'Equipe'!A2) | B2: =IF('Equipe'!B2="","",'Equipe'!B2) | C2: =IF('Equipe'!C2="","",'Equipe'!C2) | D2: 3 | E2: 2 | F2: 1 | G2: 1 | H2: 0 | I2: 0 | J2: 0 | K2: 1 | L2: 1 | M2: 1 | R2: =IF($B2="","",IFERROR(SUMPRODUCT((Matriz_Hab<>"")*$D2:$Q2)/SUMPRODUCT(--(Matriz_Hab<>"")),"")) | S2: =IF($B2="","",SUMPRODUCT((Matriz_Hab<>"")*($D2:$Q2>=2)))
A3: =IF('Equipe'!A3="","",'Equipe'!A3) | B3: =IF('Equipe'!B3="","",'Equipe'!B3) | C3: =IF('Equipe'!C3="","",'Equipe'!C3) | D3: 3 | E3: 1 | F3: 1 | G3: 0 | H3: 1 | I3: 0 | J3: 0 | K3: 1 | L3: 2 | M3: 0 | R3: =IF($B3="","",IFERROR(SUMPRODUCT((Matriz_Hab<>"")*$D3:$Q3)/SUMPRODUCT(--(Matriz_Hab<>"")),"")) | S3: =IF($B3="","",SUMPRODUCT((Matriz_Hab<>"")*($D3:$Q3>=2)))
A4: =IF('Equipe'!A4="","",'Equipe'!A4) | B4: =IF('Equipe'!B4="","",'Equipe'!B4) | C4: =IF('Equipe'!C4="","",'Equipe'!C4) | D4: 1 | E4: 3 | F4: 2 | G4: 2 | H4: 0 | I4: 1 | J4: 0 | K4: 0 | L4: 1 | M4: 1 | R4: =IF($B4="","",IFERROR(SUMPRODUCT((Matriz_Hab<>"")*$D4:$Q4)/SUMPRODUCT(--(Matriz_Hab<>"")),"")) | S4: =IF($B4="","",SUMPRODUCT((Matriz_Hab<>"")*($D4:$Q4>=2)))
A5: =IF('Equipe'!A5="","",'Equipe'!A5) | B5: =IF('Equipe'!B5="","",'Equipe'!B5) | C5: =IF('Equipe'!C5="","",'Equipe'!C5) | D5: 0 | E5: 3 | F5: 2 | G5: 1 | H5: 0 | I5: 0 | J5: 0 | K5: 0 | L5: 2 | M5: 1 | R5: =IF($B5="","",IFERROR(SUMPRODUCT((Matriz_Hab<>"")*$D5:$Q5)/SUMPRODUCT(--(Matriz_Hab<>"")),"")) | S5: =IF($B5="","",SUMPRODUCT((Matriz_Hab<>"")*($D5:$Q5>=2)))
A6: =IF('Equipe'!A6="","",'Equipe'!A6) | B6: =IF('Equipe'!B6="","",'Equipe'!B6) | C6: =IF('Equipe'!C6="","",'Equipe'!C6) | D6: 0 | E6: 0 | F6: 3 | G6: 2 | H6: 2 | I6: 0 | J6: 0 | K6: 0 | L6: 1 | M6: 0 | R6: =IF($B6="","",IFERROR(SUMPRODUCT((Matriz_Hab<>"")*$D6:$Q6)/SUMPRODUCT(--(Matriz_Hab<>"")),"")) | S6: =IF($B6="","",SUMPRODUCT((Matriz_Hab<>"")*($D6:$Q6>=2)))
A7: =IF('Equipe'!A7="","",'Equipe'!A7) | B7: =IF('Equipe'!B7="","",'Equipe'!B7) | C7: =IF('Equipe'!C7="","",'Equipe'!C7) | D7: 1 | E7: 0 | F7: 3 | G7: 2 | H7: 2 | I7: 0 | J7: 0 | K7: 1 | L7: 1 | M7: 0 | R7: =IF($B7="","",IFERROR(SUMPRODUCT((Matriz_Hab<>"")*$D7:$Q7)/SUMPRODUCT(--(Matriz_Hab<>"")),"")) | S7: =IF($B7="","",SUMPRODUCT((Matriz_Hab<>"")*($D7:$Q7>=2)))
A8: =IF('Equipe'!A8="","",'Equipe'!A8) | B8: =IF('Equipe'!B8="","",'Equipe'!B8) | C8: =IF('Equipe'!C8="","",'Equipe'!C8) | D8: 0 | E8: 1 | F8: 1 | G8: 0 | H8: 0 | I8: 1 | J8: 1 | K8: 3 | L8: 2 | M8: 2 | R8: =IF($B8="","",IFERROR(SUMPRODUCT((Matriz_Hab<>"")*$D8:$Q8)/SUMPRODUCT(--(Matriz_Hab<>"")),"")) | S8: =IF($B8="","",SUMPRODUCT((Matriz_Hab<>"")*($D8:$Q8>=2)))
A9: =IF('Equipe'!A9="","",'Equipe'!A9) | B9: =IF('Equipe'!B9="","",'Equipe'!B9) | C9: =IF('Equipe'!C9="","",'Equipe'!C9) | D9: 1 | E9: 1 | F9: 1 | G9: 0 | H9: 0 | I9: 0 | J9: 1 | K9: 3 | L9: 2 | M9: 1 | R9: =IF($B9="","",IFERROR(SUMPRODUCT((Matriz_Hab<>"")*$D9:$Q9)/SUMPRODUCT(--(Matriz_Hab<>"")),"")) | S9: =IF($B9="","",SUMPRODUCT((Matriz_Hab<>"")*($D9:$Q9>=2)))
A10: =IF('Equipe'!A10="","",'Equipe'!A10) | B10: =IF('Equipe'!B10="","",'Equipe'!B10) | C10: =IF('Equipe'!C10="","",'Equipe'!C10) | D10: 1 | E10: 0 | F10: 1 | G10: 0 | H10: 3 | I10: 2 | J10: 2 | K10: 1 | L10: 2 | M10: 1 | R10: =IF($B10="","",IFERROR(SUMPRODUCT((Matriz_Hab<>"")*$D10:$Q10)/SUMPRODUCT(--(Matriz_Hab<>"")),"")) | S10: =IF($B10="","",SUMPRODUCT((Matriz_Hab<>"")*($D10:$Q10>=2)))
A11: =IF('Equipe'!A11="","",'Equipe'!A11) | B11: =IF('Equipe'!B11="","",'Equipe'!B11) | C11: =IF('Equipe'!C11="","",'Equipe'!C11) | D11: 1 | E11: 1 | F11: 0 | G11: 1 | H11: 3 | I11: 1 | J11: 2 | K11: 1 | L11: 1 | M11: 1 | R11: =IF($B11="","",IFERROR(SUMPRODUCT((Matriz_Hab<>"")*$D11:$Q11)/SUMPRODUCT(--(Matriz_Hab<>"")),"")) | S11: =IF($B11="","",SUMPRODUCT((Matriz_Hab<>"")*($D11:$Q11>=2)))
A12: =IF('Equipe'!A12="","",'Equipe'!A12) | B12: =IF('Equipe'!B12="","",'Equipe'!B12) | C12: =IF('Equipe'!C12="","",'Equipe'!C12) | D12: 0 | E12: 0 | F12: 0 | G12: 0 | H12: 0 | I12: 3 | J12: 1 | K12: 1 | L12: 1 | M12: 0 | R12: =IF($B12="","",IFERROR(SUMPRODUCT((Matriz_Hab<>"")*$D12:$Q12)/SUMPRODUCT(--(Matriz_Hab<>"")),"")) | S12: =IF($B12="","",SUMPRODUCT((Matriz_Hab<>"")*($D12:$Q12>=2)))
A13: =IF('Equipe'!A13="","",'Equipe'!A13) | B13: =IF('Equipe'!B13="","",'Equipe'!B13) | C13: =IF('Equipe'!C13="","",'Equipe'!C13) | D13: 0 | E13: 0 | F13: 0 | G13: 1 | H13: 1 | I13: 3 | J13: 2 | K13: 1 | L13: 2 | M13: 1 | R13: =IF($B13="","",IFERROR(SUMPRODUCT((Matriz_Hab<>"")*$D13:$Q13)/SUMPRODUCT(--(Matriz_Hab<>"")),"")) | S13: =IF($B13="","",SUMPRODUCT((Matriz_Hab<>"")*($D13:$Q13>=2)))
... A23: =IF('Equipe'!A23="","",'Equipe'!A23) | B23: =IF('Equipe'!B23="","",'Equipe'!B23) | C23: =IF('Equipe'!C23="","",'Equipe'!C23) | D23: 1 | E23: 1 | F23: 1 | G23: 0 | H23: 1 | I23: 1 | J23: 0 | K23: 0 | L23: 3 | M23: 1 | R23: =IF($B23="","",IFERROR(SUMPRODUCT((Matriz_Hab<>"")*$D23:$Q23)/SUMPRODUCT(--(Matriz_Hab<>"")),"")) | S23: =IF($B23="","",SUMPRODUCT((Matriz_Hab<>"")*($D23:$Q23>=2)))
A24: =IF('Equipe'!A24="","",'Equipe'!A24) | B24: =IF('Equipe'!B24="","",'Equipe'!B24) | C24: =IF('Equipe'!C24="","",'Equipe'!C24) | R24: =IF($B24="","",IFERROR(SUMPRODUCT((Matriz_Hab<>"")*$D24:$Q24)/SUMPRODUCT(--(Matriz_Hab<>"")),"")) | S24: =IF($B24="","",SUMPRODUCT((Matriz_Hab<>"")*($D24:$Q24>=2)))
A25: =IF('Equipe'!A25="","",'Equipe'!A25) | B25: =IF('Equipe'!B25="","",'Equipe'!B25) | C25: =IF('Equipe'!C25="","",'Equipe'!C25) | R25: =IF($B25="","",IFERROR(SUMPRODUCT((Matriz_Hab<>"")*$D25:$Q25)/SUMPRODUCT(--(Matriz_Hab<>"")),"")) | S25: =IF($B25="","",SUMPRODUCT((Matriz_Hab<>"")*($D25:$Q25>=2)))
A26: =IF('Equipe'!A26="","",'Equipe'!A26) | B26: =IF('Equipe'!B26="","",'Equipe'!B26) | C26: =IF('Equipe'!C26="","",'Equipe'!C26) | R26: =IF($B26="","",IFERROR(SUMPRODUCT((Matriz_Hab<>"")*$D26:$Q26)/SUMPRODUCT(--(Matriz_Hab<>"")),"")) | S26: =IF($B26="","",SUMPRODUCT((Matriz_Hab<>"")*($D26:$Q26>=2)))
A27: =IF('Equipe'!A27="","",'Equipe'!A27) | B27: =IF('Equipe'!B27="","",'Equipe'!B27) | C27: =IF('Equipe'!C27="","",'Equipe'!C27) | R27: =IF($B27="","",IFERROR(SUMPRODUCT((Matriz_Hab<>"")*$D27:$Q27)/SUMPRODUCT(--(Matriz_Hab<>"")),"")) | S27: =IF($B27="","",SUMPRODUCT((Matriz_Hab<>"")*($D27:$Q27>=2)))
A28: =IF('Equipe'!A28="","",'Equipe'!A28) | B28: =IF('Equipe'!B28="","",'Equipe'!B28) | C28: =IF('Equipe'!C28="","",'Equipe'!C28) | R28: =IF($B28="","",IFERROR(SUMPRODUCT((Matriz_Hab<>"")*$D28:$Q28)/SUMPRODUCT(--(Matriz_Hab<>"")),"")) | S28: =IF($B28="","",SUMPRODUCT((Matriz_Hab<>"")*($D28:$Q28>=2)))
A29: =IF('Equipe'!A29="","",'Equipe'!A29) | B29: =IF('Equipe'!B29="","",'Equipe'!B29) | C29: =IF('Equipe'!C29="","",'Equipe'!C29) | R29: =IF($B29="","",IFERROR(SUMPRODUCT((Matriz_Hab<>"")*$D29:$Q29)/SUMPRODUCT(--(Matriz_Hab<>"")),"")) | S29: =IF($B29="","",SUMPRODUCT((Matriz_Hab<>"")*($D29:$Q29>=2)))
A30: =IF('Equipe'!A30="","",'Equipe'!A30) | B30: =IF('Equipe'!B30="","",'Equipe'!B30) | C30: =IF('Equipe'!C30="","",'Equipe'!C30) | R30: =IF($B30="","",IFERROR(SUMPRODUCT((Matriz_Hab<>"")*$D30:$Q30)/SUMPRODUCT(--(Matriz_Hab<>"")),"")) | S30: =IF($B30="","",SUMPRODUCT((Matriz_Hab<>"")*($D30:$Q30>=2)))
A31: =IF('Equipe'!A31="","",'Equipe'!A31) | B31: =IF('Equipe'!B31="","",'Equipe'!B31) | C31: =IF('Equipe'!C31="","",'Equipe'!C31) | R31: =IF($B31="","",IFERROR(SUMPRODUCT((Matriz_Hab<>"")*$D31:$Q31)/SUMPRODUCT(--(Matriz_Hab<>"")),"")) | S31: =IF($B31="","",SUMPRODUCT((Matriz_Hab<>"")*($D31:$Q31>=2)))

Sheet Ausencias
A1: Técnico | B1: Tipo | C1: Data início | D1: Data fim | E1: Dias | F1: Observação | G1: aux_ativa | H1: aux_cod
A2: Zuleide Marcon | B2: Férias | C2: 46244 | D2: 46258 | E2: =IF(OR($A2="",NOT(ISNUMBER($C2)),NOT(ISNUMBER($D2))),"",$D2-$C2+1) | F2: Férias programadas | G2: =IF(AND($A2<>"",ISNUMBER($C2),ISNUMBER($D2),$C2<=Data_Mapa,$D2>=Data_Mapa),$A2,"") | H2: =IF($A2="",0,IFERROR(MATCH($B2,Aus_Tipos,0),0))
A3: Ismael Kanitz | B3: Férias | C3: 46240 | D3: 46254 | E3: =IF(OR($A3="",NOT(ISNUMBER($C3)),NOT(ISNUMBER($D3))),"",$D3-$C3+1) | F3: Férias programadas | G3: =IF(AND($A3<>"",ISNUMBER($C3),ISNUMBER($D3),$C3<=Data_Mapa,$D3>=Data_Mapa),$A3,"") | H3: =IF($A3="",0,IFERROR(MATCH($B3,Aus_Tipos,0),0))
A4: Wanessa Piccoli | B4: Atestado | C4: 46253 | D4: 46255 | E4: =IF(OR($A4="",NOT(ISNUMBER($C4)),NOT(ISNUMBER($D4))),"",$D4-$C4+1) | F4: Atestado médico — 3 dias | G4: =IF(AND($A4<>"",ISNUMBER($C4),ISNUMBER($D4),$C4<=Data_Mapa,$D4>=Data_Mapa),$A4,"") | H4: =IF($A4="",0,IFERROR(MATCH($B4,Aus_Tipos,0),0))
A5: Elaine Mafra | B5: Folga | C5: 46254 | D5: 46254 | E5: =IF(OR($A5="",NOT(ISNUMBER($C5)),NOT(ISNUMBER($D5))),"",$D5-$C5+1) | F5: Folga da escala | G5: =IF(AND($A5<>"",ISNUMBER($C5),ISNUMBER($D5),$C5<=Data_Mapa,$D5>=Data_Mapa),$A5,"") | H5: =IF($A5="",0,IFERROR(MATCH($B5,Aus_Tipos,0),0))
A6: Adriana Salvi | B6: Folga | C6: 46246 | D6: 46246 | E6: =IF(OR($A6="",NOT(ISNUMBER($C6)),NOT(ISNUMBER($D6))),"",$D6-$C6+1) | G6: =IF(AND($A6<>"",ISNUMBER($C6),ISNUMBER($D6),$C6<=Data_Mapa,$D6>=Data_Mapa),$A6,"") | H6: =IF($A6="",0,IFERROR(MATCH($B6,Aus_Tipos,0),0))
A7: Bruna Cordeiro | B7: Folga | C7: 46247 | D7: 46247 | E7: =IF(OR($A7="",NOT(ISNUMBER($C7)),NOT(ISNUMBER($D7))),"",$D7-$C7+1) | G7: =IF(AND($A7<>"",ISNUMBER($C7),ISNUMBER($D7),$C7<=Data_Mapa,$D7>=Data_Mapa),$A7,"") | H7: =IF($A7="",0,IFERROR(MATCH($B7,Aus_Tipos,0),0))
A8: Camila Bertoldi | B8: Folga | C8: 46251 | D8: 46251 | E8: =IF(OR($A8="",NOT(ISNUMBER($C8)),NOT(ISNUMBER($D8))),"",$D8-$C8+1) | G8: =IF(AND($A8<>"",ISNUMBER($C8),ISNUMBER($D8),$C8<=Data_Mapa,$D8>=Data_Mapa),$A8,"") | H8: =IF($A8="",0,IFERROR(MATCH($B8,Aus_Tipos,0),0))
A9: Daiane Prestes | B9: Folga | C9: 46252 | D9: 46252 | E9: =IF(OR($A9="",NOT(ISNUMBER($C9)),NOT(ISNUMBER($D9))),"",$D9-$C9+1) | G9: =IF(AND($A9<>"",ISNUMBER($C9),ISNUMBER($D9),$C9<=Data_Mapa,$D9>=Data_Mapa),$A9,"") | H9: =IF($A9="",0,IFERROR(MATCH($B9,Aus_Tipos,0),0))
A10: Fernanda Klein | B10: Folga | C10: 46258 | D10: 46258 | E10: =IF(OR($A10="",NOT(ISNUMBER($C10)),NOT(ISNUMBER($D10))),"",$D10-$C10+1) | G10: =IF(AND($A10<>"",ISNUMBER($C10),ISNUMBER($D10),$C10<=Data_Mapa,$D10>=Data_Mapa),$A10,"") | H10: =IF($A10="",0,IFERROR(MATCH($B10,Aus_Tipos,0),0))
A11: Gisele Antunes | B11: Treinamento | C11: 46260 | D11: 46261 | E11: =IF(OR($A11="",NOT(ISNUMBER($C11)),NOT(ISNUMBER($D11))),"",$D11-$C11+1) | F11: Curso de CME | G11: =IF(AND($A11<>"",ISNUMBER($C11),ISNUMBER($D11),$C11<=Data_Mapa,$D11>=Data_Mapa),$A11,"") | H11: =IF($A11="",0,IFERROR(MATCH($B11,Aus_Tipos,0),0))
A12: Marcia Tonet | B12: Folga | C12: 46259 | D12: 46259 | E12: =IF(OR($A12="",NOT(ISNUMBER($C12)),NOT(ISNUMBER($D12))),"",$D12-$C12+1) | G12: =IF(AND($A12<>"",ISNUMBER($C12),ISNUMBER($D12),$C12<=Data_Mapa,$D12>=Data_Mapa),$A12,"") | H12: =IF($A12="",0,IFERROR(MATCH($B12,Aus_Tipos,0),0))
A13: Odair Bianchi | B13: Licença | C13: 46262 | D13: 46265 | E13: =IF(OR($A13="",NOT(ISNUMBER($C13)),NOT(ISNUMBER($D13))),"",$D13-$C13+1) | F13: Licença nojo | G13: =IF(AND($A13<>"",ISNUMBER($C13),ISNUMBER($D13),$C13<=Data_Mapa,$D13>=Data_Mapa),$A13,"") | H13: =IF($A13="",0,IFERROR(MATCH($B13,Aus_Tipos,0),0))
A14: Patrícia Zortéa | B14: Atestado | C14: 46239 | D14: 46240 | E14: =IF(OR($A14="",NOT(ISNUMBER($C14)),NOT(ISNUMBER($D14))),"",$D14-$C14+1) | F14: Atestado médico | G14: =IF(AND($A14<>"",ISNUMBER($C14),ISNUMBER($D14),$C14<=Data_Mapa,$D14>=Data_Mapa),$A14,"") | H14: =IF($A14="",0,IFERROR(MATCH($B14,Aus_Tipos,0),0))
E15: =IF(OR($A15="",NOT(ISNUMBER($C15)),NOT(ISNUMBER($D15))),"",$D15-$C15+1) | G15: =IF(AND($A15<>"",ISNUMBER($C15),ISNUMBER($D15),$C15<=Data_Mapa,$D15>=Data_Mapa),$A15,"") | H15: =IF($A15="",0,IFERROR(MATCH($B15,Aus_Tipos,0),0))
E16: =IF(OR($A16="",NOT(ISNUMBER($C16)),NOT(ISNUMBER($D16))),"",$D16-$C16+1) | G16: =IF(AND($A16<>"",ISNUMBER($C16),ISNUMBER($D16),$C16<=Data_Mapa,$D16>=Data_Mapa),$A16,"") | H16: =IF($A16="",0,IFERROR(MATCH($B16,Aus_Tipos,0),0))
E17: =IF(OR($A17="",NOT(ISNUMBER($C17)),NOT(ISNUMBER($D17))),"",$D17-$C17+1) | G17: =IF(AND($A17<>"",ISNUMBER($C17),ISNUMBER($D17),$C17<=Data_Mapa,$D17>=Data_Mapa),$A17,"") | H17: =IF($A17="",0,IFERROR(MATCH($B17,Aus_Tipos,0),0))
E18: =IF(OR($A18="",NOT(ISNUMBER($C18)),NOT(ISNUMBER($D18))),"",$D18-$C18+1) | G18: =IF(AND($A18<>"",ISNUMBER($C18),ISNUMBER($D18),$C18<=Data_Mapa,$D18>=Data_Mapa),$A18,"") | H18: =IF($A18="",0,IFERROR(MATCH($B18,Aus_Tipos,0),0))
E19: =IF(OR($A19="",NOT(ISNUMBER($C19)),NOT(ISNUMBER($D19))),"",$D19-$C19+1) | G19: =IF(AND($A19<>"",ISNUMBER($C19),ISNUMBER($D19),$C19<=Data_Mapa,$D19>=Data_Mapa),$A19,"") | H19: =IF($A19="",0,IFERROR(MATCH($B19,Aus_Tipos,0),0))
E20: =IF(OR($A20="",NOT(ISNUMBER($C20)),NOT(ISNUMBER($D20))),"",$D20-$C20+1) | G20: =IF(AND($A20<>"",ISNUMBER($C20),ISNUMBER($D20),$C20<=Data_Mapa,$D20>=Data_Mapa),$A20,"") | H20: =IF($A20="",0,IFERROR(MATCH($B20,Aus_Tipos,0),0))
E21: =IF(OR($A21="",NOT(ISNUMBER($C21)),NOT(ISNUMBER($D21))),"",$D21-$C21+1) | G21: =IF(AND($A21<>"",ISNUMBER($C21),ISNUMBER($D21),$C21<=Data_Mapa,$D21>=Data_Mapa),$A21,"") | H21: =IF($A21="",0,IFERROR(MATCH($B21,Aus_Tipos,0),0))
E22: =IF(OR($A22="",NOT(ISNUMBER($C22)),NOT(ISNUMBER($D22))),"",$D22-$C22+1) | G22: =IF(AND($A22<>"",ISNUMBER($C22),ISNUMBER($D22),$C22<=Data_Mapa,$D22>=Data_Mapa),$A22,"") | H22: =IF($A22="",0,IFERROR(MATCH($B22,Aus_Tipos,0),0))
E23: =IF(OR($A23="",NOT(ISNUMBER($C23)),NOT(ISNUMBER($D23))),"",$D23-$C23+1) | G23: =IF(AND($A23<>"",ISNUMBER($C23),ISNUMBER($D23),$C23<=Data_Mapa,$D23>=Data_Mapa),$A23,"") | H23: =IF($A23="",0,IFERROR(MATCH($B23,Aus_Tipos,0),0))
E24: =IF(OR($A24="",NOT(ISNUMBER($C24)),NOT(ISNUMBER($D24))),"",$D24-$C24+1) | G24: =IF(AND($A24<>"",ISNUMBER($C24),ISNUMBER($D24),$C24<=Data_Mapa,$D24>=Data_Mapa),$A24,"") | H24: =IF($A24="",0,IFERROR(MATCH($B24,Aus_Tipos,0),0))
E25: =IF(OR($A25="",NOT(ISNUMBER($C25)),NOT(ISNUMBER($D25))),"",$D25-$C25+1) | G25: =IF(AND($A25<>"",ISNUMBER($C25),ISNUMBER($D25),$C25<=Data_Mapa,$D25>=Data_Mapa),$A25,"") | H25: =IF($A25="",0,IFERROR(MATCH($B25,Aus_Tipos,0),0))
E26: =IF(OR($A26="",NOT(ISNUMBER($C26)),NOT(ISNUMBER($D26))),"",$D26-$C26+1) | G26: =IF(AND($A26<>"",ISNUMBER($C26),ISNUMBER($D26),$C26<=Data_Mapa,$D26>=Data_Mapa),$A26,"") | H26: =IF($A26="",0,IFERROR(MATCH($B26,Aus_Tipos,0),0))
... E151: =IF(OR($A151="",NOT(ISNUMBER($C151)),NOT(ISNUMBER($D151))),"",$D151-$C151+1) | G151: =IF(AND($A151<>"",ISNUMBER($C151),ISNUMBER($D151),$C151<=Data_Mapa,$D151>=Data_Mapa),$A151,"") | H151: =IF($A151="",0,IFERROR(MATCH($B151,Aus_Tipos,0),0))

Sheet Calendario_Ausencias
A1: CALENDÁRIO DE AUSÊNCIAS | C1: =DATE(YEAR(Data_Mapa),MONTH(Data_Mapa),1) | L1: F = Férias · D = Folga · A = Atestado · L = Licença · T = Treinamento · ! = registros sobrepostos
A2: Matrícula | B2: Nome do técnico | C2: =$C$1 | D2: =IF(MONTH(C2+1)=MONTH($C$1),C2+1,"") | E2: =IF(MONTH(D2+1)=MONTH($C$1),D2+1,"") | F2: =IF(MONTH(E2+1)=MONTH($C$1),E2+1,"") | G2: =IF(MONTH(F2+1)=MONTH($C$1),F2+1,"") | H2: =IF(MONTH(G2+1)=MONTH($C$1),G2+1,"") | I2: =IF(MONTH(H2+1)=MONTH($C$1),H2+1,"") | J2: =IF(MONTH(I2+1)=MONTH($C$1),I2+1,"") | K2: =IF(MONTH(J2+1)=MONTH($C$1),J2+1,"") | ... AG2: =IF(MONTH(AF2+1)=MONTH($C$1),AF2+1,"") | AH2: Férias | AI2: Folgas | AJ2: Atestados | AK2: Dias ausente
C3: =IF(C2="","",CHOOSE(WEEKDAY(C2),"dom","seg","ter","qua","qui","sex","sáb")) | D3: =IF(D2="","",CHOOSE(WEEKDAY(D2),"dom","seg","ter","qua","qui","sex","sáb")) | E3: =IF(E2="","",CHOOSE(WEEKDAY(E2),"dom","seg","ter","qua","qui","sex","sáb")) | F3: =IF(F2="","",CHOOSE(WEEKDAY(F2),"dom","seg","ter","qua","qui","sex","sáb")) | G3: =IF(G2="","",CHOOSE(WEEKDAY(G2),"dom","seg","ter","qua","qui","sex","sáb")) | H3: =IF(H2="","",CHOOSE(WEEKDAY(H2),"dom","seg","ter","qua","qui","sex","sáb")) | I3: =IF(I2="","",CHOOSE(WEEKDAY(I2),"dom","seg","ter","qua","qui","sex","sáb")) | J3: =IF(J2="","",CHOOSE(WEEKDAY(J2),"dom","seg","ter","qua","qui","sex","sáb")) | ... AG3: =IF(AG2="","",CHOOSE(WEEKDAY(AG2),"dom","seg","ter","qua","qui","sex","sáb"))
A4: =IF('Equipe'!A2="","",'Equipe'!A2) | B4: =IF('Equipe'!B2="","",'Equipe'!B2) | C4: =IF(OR($B4="",C$2=""),"",IF(SUMPRODUCT((Aus_Tec=$B4)*(Aus_Ini<=C$2)*(Aus_Fim>=C$2)*(Aus_Cod>0))=0,"",IF(SUMPRODUCT((Aus_Tec=$B4)*(Aus_Ini<=C$2)*(Aus_Fim>=C$2)*(Aus_Cod>0))>1,"!",IFERROR(INDEX(Aus_Siglas,SUMPRODUCT((Aus_Tec=$B4)*(Aus_Ini<=C$2)*(Aus_Fim>=C$2)*Aus_Cod)),"!")))) | D4: =IF(OR($B4="",D$2=""),"",IF(SUMPRODUCT((Aus_Tec=$B4)*(Aus_Ini<=D$2)*(Aus_Fim>=D$2)*(Aus_Cod>0))=0,"",IF(SUMPRODUCT((Aus_Tec=$B4)*(Aus_Ini<=D$2)*(Aus_Fim>=D$2)*(Aus_Cod>0))>1,"!",IFERROR(INDEX(Aus_Siglas,SUMPRODUCT((Aus_Tec=$B4)*(Aus_Ini<=D$2)*(Aus_Fim>=D$2)*Aus_Cod)),"!")))) | E4: =IF(OR($B4="",E$2=""),"",IF(SUMPRODUCT((Aus_Tec=$B4)*(Aus_Ini<=E$2)*(Aus_Fim>=E$2)*(Aus_Cod>0))=0,"",IF(SUMPRODUCT((Aus_Tec=$B4)*(Aus_Ini<=E$2)*(Aus_Fim>=E$2)*(Aus_Cod>0))>1,"!",IFERROR(INDEX(Aus_Siglas,SUMPRODUCT((Aus_Tec=$B4)*(Aus_Ini<=E$2)*(Aus_Fim>=E$2)*Aus_Cod)),"!")))) | F4: =IF(OR($B4="",F$2=""),"",IF(SUMPRODUCT((Aus_Tec=$B4)*(Aus_Ini<=F$2)*(Aus_Fim>=F$2)*(Aus_Cod>0))=0,"",IF(SUMPRODUCT((Aus_Tec=$B4)*(Aus_Ini<=F$2)*(Aus_Fim>=F$2)*(Aus_Cod>0))>1,"!",IFERROR(INDEX(Aus_Siglas,SUMPRODUCT((Aus_Tec=$B4)*(Aus_Ini<=F$2)*(Aus_Fim>=F$2)*Aus_Cod)),"!")))) | G4: =IF(OR($B4="",G$2=""),"",IF(SUMPRODUCT((Aus_Tec=$B4)*(Aus_Ini<=G$2)*(Aus_Fim>=G$2)*(Aus_Cod>0))=0,"",IF(SUMPRODUCT((Aus_Tec=$B4)*(Aus_Ini<=G$2)*(Aus_Fim>=G$2)*(Aus_Cod>0))>1,"!",IFERROR(INDEX(Aus_Siglas,SUMPRODUCT((Aus_Tec=$B4)*(Aus_Ini<=G$2)*(Aus_Fim>=G$2)*Aus_Cod)),"!")))) | H4: =IF(OR($B4="",H$2=""),"",IF(SUMPRODUCT((Aus_Tec=$B4)*(Aus_Ini<=H$2)*(Aus_Fim>=H$2)*(Aus_Cod>0))=0,"",IF(SUMPRODUCT((Aus_Tec=$B4)*(Aus_Ini<=H$2)*(Aus_Fim>=H$2)*(Aus_Cod>0))>1,"!",IFERROR(INDEX(Aus_Siglas,SUMPRODUCT((Aus_Tec=$B4)*(Aus_Ini<=H$2)*(Aus_Fim>=H$2)*Aus_Cod)),"!")))) | I4: =IF(OR($B4="",I$2=""),"",IF(SUMPRODUCT((Aus_Tec=$B4)*(Aus_Ini<=I$2)*(Aus_Fim>=I$2)*(Aus_Cod>0))=0,"",IF(SUMPRODUCT((Aus_Tec=$B4)*(Aus_Ini<=I$2)*(Aus_Fim>=I$2)*(Aus_Cod>0))>1,"!",IFERROR(INDEX(Aus_Siglas,SUMPRODUCT((Aus_Tec=$B4)*(Aus_Ini<=I$2)*(Aus_Fim>=I$2)*Aus_Cod)),"!")))) | J4: =IF(OR($B4="",J$2=""),"",IF(SUMPRODUCT((Aus_Tec=$B4)*(Aus_Ini<=J$2)*(Aus_Fim>=J$2)*(Aus_Cod>0))=0,"",IF(SUMPRODUCT((Aus_Tec=$B4)*(Aus_Ini<=J$2)*(Aus_Fim>=J$2)*(Aus_Cod>0))>1,"!",IFERROR(INDEX(Aus_Siglas,SUMPRODUCT((Aus_Tec=$B4)*(Aus_Ini<=J$2)*(Aus_Fim>=J$2)*Aus_Cod)),"!")))) | ... AG4: =IF(OR($B4="",AG$2=""),"",IF(SUMPRODUCT((Aus_Tec=$B4)*(Aus_Ini<=AG$2)*(Aus_Fim>=AG$2)*(Aus_Cod>0))=0,"",IF(SUMPRODUCT((Aus_Tec=$B4)*(Aus_Ini<=AG$2)*(Aus_Fim>=AG$2)*(Aus_Cod>0))>1,"!",IFERROR(INDEX(Aus_Siglas,SUMPRODUCT((Aus_Tec=$B4)*(Aus_Ini<=AG$2)*(Aus_Fim>=AG$2)*Aus_Cod)),"!")))) | AH4: =IF($B4="","",COUNTIF($C4:$AG4,"F")) | AI4: =IF($B4="","",COUNTIF($C4:$AG4,"D")) | AJ4: =IF($B4="","",COUNTIF($C4:$AG4,"A")) | AK4: =IF($B4="","",SUMPRODUCT(($C4:$AG4<>"")*1))
A5: =IF('Equipe'!A3="","",'Equipe'!A3) | B5: =IF('Equipe'!B3="","",'Equipe'!B3) | C5: =IF(OR($B5="",C$2=""),"",IF(SUMPRODUCT((Aus_Tec=$B5)*(Aus_Ini<=C$2)*(Aus_Fim>=C$2)*(Aus_Cod>0))=0,"",IF(SUMPRODUCT((Aus_Tec=$B5)*(Aus_Ini<=C$2)*(Aus_Fim>=C$2)*(Aus_Cod>0))>1,"!",IFERROR(INDEX(Aus_Siglas,SUMPRODUCT((Aus_Tec=$B5)*(Aus_Ini<=C$2)*(Aus_Fim>=C$2)*Aus_Cod)),"!")))) | D5: =IF(OR($B5="",D$2=""),"",IF(SUMPRODUCT((Aus_Tec=$B5)*(Aus_Ini<=D$2)*(Aus_Fim>=D$2)*(Aus_Cod>0))=0,"",IF(SUMPRODUCT((Aus_Tec=$B5)*(Aus_Ini<=D$2)*(Aus_Fim>=D$2)*(Aus_Cod>0))>1,"!",IFERROR(INDEX(Aus_Siglas,SUMPRODUCT((Aus_Tec=$B5)*(Aus_Ini<=D$2)*(Aus_Fim>=D$2)*Aus_Cod)),"!")))) | E5: =IF(OR($B5="",E$2=""),"",IF(SUMPRODUCT((Aus_Tec=$B5)*(Aus_Ini<=E$2)*(Aus_Fim>=E$2)*(Aus_Cod>0))=0,"",IF(SUMPRODUCT((Aus_Tec=$B5)*(Aus_Ini<=E$2)*(Aus_Fim>=E$2)*(Aus_Cod>0))>1,"!",IFERROR(INDEX(Aus_Siglas,SUMPRODUCT((Aus_Tec=$B5)*(Aus_Ini<=E$2)*(Aus_Fim>=E$2)*Aus_Cod)),"!")))) | F5: =IF(OR($B5="",F$2=""),"",IF(SUMPRODUCT((Aus_Tec=$B5)*(Aus_Ini<=F$2)*(Aus_Fim>=F$2)*(Aus_Cod>0))=0,"",IF(SUMPRODUCT((Aus_Tec=$B5)*(Aus_Ini<=F$2)*(Aus_Fim>=F$2)*(Aus_Cod>0))>1,"!",IFERROR(INDEX(Aus_Siglas,SUMPRODUCT((Aus_Tec=$B5)*(Aus_Ini<=F$2)*(Aus_Fim>=F$2)*Aus_Cod)),"!")))) | G5: =IF(OR($B5="",G$2=""),"",IF(SUMPRODUCT((Aus_Tec=$B5)*(Aus_Ini<=G$2)*(Aus_Fim>=G$2)*(Aus_Cod>0))=0,"",IF(SUMPRODUCT((Aus_Tec=$B5)*(Aus_Ini<=G$2)*(Aus_Fim>=G$2)*(Aus_Cod>0))>1,"!",IFERROR(INDEX(Aus_Siglas,SUMPRODUCT((Aus_Tec=$B5)*(Aus_Ini<=G$2)*(Aus_Fim>=G$2)*Aus_Cod)),"!")))) | H5: =IF(OR($B5="",H$2=""),"",IF(SUMPRODUCT((Aus_Tec=$B5)*(Aus_Ini<=H$2)*(Aus_Fim>=H$2)*(Aus_Cod>0))=0,"",IF(SUMPRODUCT((Aus_Tec=$B5)*(Aus_Ini<=H$2)*(Aus_Fim>=H$2)*(Aus_Cod>0))>1,"!",IFERROR(INDEX(Aus_Siglas,SUMPRODUCT((Aus_Tec=$B5)*(Aus_Ini<=H$2)*(Aus_Fim>=H$2)*Aus_Cod)),"!")))) | I5: =IF(OR($B5="",I$2=""),"",IF(SUMPRODUCT((Aus_Tec=$B5)*(Aus_Ini<=I$2)*(Aus_Fim>=I$2)*(Aus_Cod>0))=0,"",IF(SUMPRODUCT((Aus_Tec=$B5)*(Aus_Ini<=I$2)*(Aus_Fim>=I$2)*(Aus_Cod>0))>1,"!",IFERROR(INDEX(Aus_Siglas,SUMPRODUCT((Aus_Tec=$B5)*(Aus_Ini<=I$2)*(Aus_Fim>=I$2)*Aus_Cod)),"!")))) | J5: =IF(OR($B5="",J$2=""),"",IF(SUMPRODUCT((Aus_Tec=$B5)*(Aus_Ini<=J$2)*(Aus_Fim>=J$2)*(Aus_Cod>0))=0,"",IF(SUMPRODUCT((Aus_Tec=$B5)*(Aus_Ini<=J$2)*(Aus_Fim>=J$2)*(Aus_Cod>0))>1,"!",IFERROR(INDEX(Aus_Siglas,SUMPRODUCT((Aus_Tec=$B5)*(Aus_Ini<=J$2)*(Aus_Fim>=J$2)*Aus_Cod)),"!")))) | ... AG5: =IF(OR($B5="",AG$2=""),"",IF(SUMPRODUCT((Aus_Tec=$B5)*(Aus_Ini<=AG$2)*(Aus_Fim>=AG$2)*(Aus_Cod>0))=0,"",IF(SUMPRODUCT((Aus_Tec=$B5)*(Aus_Ini<=AG$2)*(Aus_Fim>=AG$2)*(Aus_Cod>0))>1,"!",IFERROR(INDEX(Aus_Siglas,SUMPRODUCT((Aus_Tec=$B5)*(Aus_Ini<=AG$2)*(Aus_Fim>=AG$2)*Aus_Cod)),"!")))) | AH5: =IF($B5="","",COUNTIF($C5:$AG5,"F")) | AI5: =IF($B5="","",COUNTIF($C5:$AG5,"D")) | AJ5: =IF($B5="","",COUNTIF($C5:$AG5,"A")) | AK5: =IF($B5="","",SUMPRODUCT(($C5:$AG5<>"")*1))
A6: =IF('Equipe'!A4="","",'Equipe'!A4) | B6: =IF('Equipe'!B4="","",'Equipe'!B4) | C6: =IF(OR($B6="",C$2=""),"",IF(SUMPRODUCT((Aus_Tec=$B6)*(Aus_Ini<=C$2)*(Aus_Fim>=C$2)*(Aus_Cod>0))=0,"",IF(SUMPRODUCT((Aus_Tec=$B6)*(Aus_Ini<=C$2)*(Aus_Fim>=C$2)*(Aus_Cod>0))>1,"!",IFERROR(INDEX(Aus_Siglas,SUMPRODUCT((Aus_Tec=$B6)*(Aus_Ini<=C$2)*(Aus_Fim>=C$2)*Aus_Cod)),"!")))) | D6: =IF(OR($B6="",D$2=""),"",IF(SUMPRODUCT((Aus_Tec=$B6)*(Aus_Ini<=D$2)*(Aus_Fim>=D$2)*(Aus_Cod>0))=0,"",IF(SUMPRODUCT((Aus_Tec=$B6)*(Aus_Ini<=D$2)*(Aus_Fim>=D$2)*(Aus_Cod>0))>1,"!",IFERROR(INDEX(Aus_Siglas,SUMPRODUCT((Aus_Tec=$B6)*(Aus_Ini<=D$2)*(Aus_Fim>=D$2)*Aus_Cod)),"!")))) | E6: =IF(OR($B6="",E$2=""),"",IF(SUMPRODUCT((Aus_Tec=$B6)*(Aus_Ini<=E$2)*(Aus_Fim>=E$2)*(Aus_Cod>0))=0,"",IF(SUMPRODUCT((Aus_Tec=$B6)*(Aus_Ini<=E$2)*(Aus_Fim>=E$2)*(Aus_Cod>0))>1,"!",IFERROR(INDEX(Aus_Siglas,SUMPRODUCT((Aus_Tec=$B6)*(Aus_Ini<=E$2)*(Aus_Fim>=E$2)*Aus_Cod)),"!")))) | F6: =IF(OR($B6="",F$2=""),"",IF(SUMPRODUCT((Aus_Tec=$B6)*(Aus_Ini<=F$2)*(Aus_Fim>=F$2)*(Aus_Cod>0))=0,"",IF(SUMPRODUCT((Aus_Tec=$B6)*(Aus_Ini<=F$2)*(Aus_Fim>=F$2)*(Aus_Cod>0))>1,"!",IFERROR(INDEX(Aus_Siglas,SUMPRODUCT((Aus_Tec=$B6)*(Aus_Ini<=F$2)*(Aus_Fim>=F$2)*Aus_Cod)),"!")))) | G6: =IF(OR($B6="",G$2=""),"",IF(SUMPRODUCT((Aus_Tec=$B6)*(Aus_Ini<=G$2)*(Aus_Fim>=G$2)*(Aus_Cod>0))=0,"",IF(SUMPRODUCT((Aus_Tec=$B6)*(Aus_Ini<=G$2)*(Aus_Fim>=G$2)*(Aus_Cod>0))>1,"!",IFERROR(INDEX(Aus_Siglas,SUMPRODUCT((Aus_Tec=$B6)*(Aus_Ini<=G$2)*(Aus_Fim>=G$2)*Aus_Cod)),"!")))) | H6: =IF(OR($B6="",H$2=""),"",IF(SUMPRODUCT((Aus_Tec=$B6)*(Aus_Ini<=H$2)*(Aus_Fim>=H$2)*(Aus_Cod>0))=0,"",IF(SUMPRODUCT((Aus_Tec=$B6)*(Aus_Ini<=H$2)*(Aus_Fim>=H$2)*(Aus_Cod>0))>1,"!",IFERROR(INDEX(Aus_Siglas,SUMPRODUCT((Aus_Tec=$B6)*(Aus_Ini<=H$2)*(Aus_Fim>=H$2)*Aus_Cod)),"!")))) | I6: =IF(OR($B6="",I$2=""),"",IF(SUMPRODUCT((Aus_Tec=$B6)*(Aus_Ini<=I$2)*(Aus_Fim>=I$2)*(Aus_Cod>0))=0,"",IF(SUMPRODUCT((Aus_Tec=$B6)*(Aus_Ini<=I$2)*(Aus_Fim>=I$2)*(Aus_Cod>0))>1,"!",IFERROR(INDEX(Aus_Siglas,SUMPRODUCT((Aus_Tec=$B6)*(Aus_Ini<=I$2)*(Aus_Fim>=I$2)*Aus_Cod)),"!")))) | J6: =IF(OR($B6="",J$2=""),"",IF(SUMPRODUCT((Aus_Tec=$B6)*(Aus_Ini<=J$2)*(Aus_Fim>=J$2)*(Aus_Cod>0))=0,"",IF(SUMPRODUCT((Aus_Tec=$B6)*(Aus_Ini<=J$2)*(Aus_Fim>=J$2)*(Aus_Cod>0))>1,"!",IFERROR(INDEX(Aus_Siglas,SUMPRODUCT((Aus_Tec=$B6)*(Aus_Ini<=J$2)*(Aus_Fim>=J$2)*Aus_Cod)),"!")))) | ... AG6: =IF(OR($B6="",AG$2=""),"",IF(SUMPRODUCT((Aus_Tec=$B6)*(Aus_Ini<=AG$2)*(Aus_Fim>=AG$2)*(Aus_Cod>0))=0,"",IF(SUMPRODUCT((Aus_Tec=$B6)*(Aus_Ini<=AG$2)*(Aus_Fim>=AG$2)*(Aus_Cod>0))>1,"!",IFERROR(INDEX(Aus_Siglas,SUMPRODUCT((Aus_Tec=$B6)*(Aus_Ini<=AG$2)*(Aus_Fim>=AG$2)*Aus_Cod)),"!")))) | AH6: =IF($B6="","",COUNTIF($C6:$AG6,"F")) | AI6: =IF($B6="","",COUNTIF($C6:$AG6,"D")) | AJ6: =IF($B6="","",COUNTIF($C6:$AG6,"A")) | AK6: =IF($B6="","",SUMPRODUCT(($C6:$AG6<>"")*1))
A7: =IF('Equipe'!A5="","",'Equipe'!A5) | B7: =IF('Equipe'!B5="","",'Equipe'!B5) | C7: =IF(OR($B7="",C$2=""),"",IF(SUMPRODUCT((Aus_Tec=$B7)*(Aus_Ini<=C$2)*(Aus_Fim>=C$2)*(Aus_Cod>0))=0,"",IF(SUMPRODUCT((Aus_Tec=$B7)*(Aus_Ini<=C$2)*(Aus_Fim>=C$2)*(Aus_Cod>0))>1,"!",IFERROR(INDEX(Aus_Siglas,SUMPRODUCT((Aus_Tec=$B7)*(Aus_Ini<=C$2)*(Aus_Fim>=C$2)*Aus_Cod)),"!")))) | D7: =IF(OR($B7="",D$2=""),"",IF(SUMPRODUCT((Aus_Tec=$B7)*(Aus_Ini<=D$2)*(Aus_Fim>=D$2)*(Aus_Cod>0))=0,"",IF(SUMPRODUCT((Aus_Tec=$B7)*(Aus_Ini<=D$2)*(Aus_Fim>=D$2)*(Aus_Cod>0))>1,"!",IFERROR(INDEX(Aus_Siglas,SUMPRODUCT((Aus_Tec=$B7)*(Aus_Ini<=D$2)*(Aus_Fim>=D$2)*Aus_Cod)),"!")))) | E7: =IF(OR($B7="",E$2=""),"",IF(SUMPRODUCT((Aus_Tec=$B7)*(Aus_Ini<=E$2)*(Aus_Fim>=E$2)*(Aus_Cod>0))=0,"",IF(SUMPRODUCT((Aus_Tec=$B7)*(Aus_Ini<=E$2)*(Aus_Fim>=E$2)*(Aus_Cod>0))>1,"!",IFERROR(INDEX(Aus_Siglas,SUMPRODUCT((Aus_Tec=$B7)*(Aus_Ini<=E$2)*(Aus_Fim>=E$2)*Aus_Cod)),"!")))) | F7: =IF(OR($B7="",F$2=""),"",IF(SUMPRODUCT((Aus_Tec=$B7)*(Aus_Ini<=F$2)*(Aus_Fim>=F$2)*(Aus_Cod>0))=0,"",IF(SUMPRODUCT((Aus_Tec=$B7)*(Aus_Ini<=F$2)*(Aus_Fim>=F$2)*(Aus_Cod>0))>1,"!",IFERROR(INDEX(Aus_Siglas,SUMPRODUCT((Aus_Tec=$B7)*(Aus_Ini<=F$2)*(Aus_Fim>=F$2)*Aus_Cod)),"!")))) | G7: =IF(OR($B7="",G$2=""),"",IF(SUMPRODUCT((Aus_Tec=$B7)*(Aus_Ini<=G$2)*(Aus_Fim>=G$2)*(Aus_Cod>0))=0,"",IF(SUMPRODUCT((Aus_Tec=$B7)*(Aus_Ini<=G$2)*(Aus_Fim>=G$2)*(Aus_Cod>0))>1,"!",IFERROR(INDEX(Aus_Siglas,SUMPRODUCT((Aus_Tec=$B7)*(Aus_Ini<=G$2)*(Aus_Fim>=G$2)*Aus_Cod)),"!")))) | H7: =IF(OR($B7="",H$2=""),"",IF(SUMPRODUCT((Aus_Tec=$B7)*(Aus_Ini<=H$2)*(Aus_Fim>=H$2)*(Aus_Cod>0))=0,"",IF(SUMPRODUCT((Aus_Tec=$B7)*(Aus_Ini<=H$2)*(Aus_Fim>=H$2)*(Aus_Cod>0))>1,"!",IFERROR(INDEX(Aus_Siglas,SUMPRODUCT((Aus_Tec=$B7)*(Aus_Ini<=H$2)*(Aus_Fim>=H$2)*Aus_Cod)),"!")))) | I7: =IF(OR($B7="",I$2=""),"",IF(SUMPRODUCT((Aus_Tec=$B7)*(Aus_Ini<=I$2)*(Aus_Fim>=I$2)*(Aus_Cod>0))=0,"",IF(SUMPRODUCT((Aus_Tec=$B7)*(Aus_Ini<=I$2)*(Aus_Fim>=I$2)*(Aus_Cod>0))>1,"!",IFERROR(INDEX(Aus_Siglas,SUMPRODUCT((Aus_Tec=$B7)*(Aus_Ini<=I$2)*(Aus_Fim>=I$2)*Aus_Cod)),"!")))) | J7: =IF(OR($B7="",J$2=""),"",IF(SUMPRODUCT((Aus_Tec=$B7)*(Aus_Ini<=J$2)*(Aus_Fim>=J$2)*(Aus_Cod>0))=0,"",IF(SUMPRODUCT((Aus_Tec=$B7)*(Aus_Ini<=J$2)*(Aus_Fim>=J$2)*(Aus_Cod>0))>1,"!",IFERROR(INDEX(Aus_Siglas,SUMPRODUCT((Aus_Tec=$B7)*(Aus_Ini<=J$2)*(Aus_Fim>=J$2)*Aus_Cod)),"!")))) | ... AG7: =IF(OR($B7="",AG$2=""),"",IF(SUMPRODUCT((Aus_Tec=$B7)*(Aus_Ini<=AG$2)*(Aus_Fim>=AG$2)*(Aus_Cod>0))=0,"",IF(SUMPRODUCT((Aus_Tec=$B7)*(Aus_Ini<=AG$2)*(Aus_Fim>=AG$2)*(Aus_Cod>0))>1,"!",IFERROR(INDEX(Aus_Siglas,SUMPRODUCT((Aus_Tec=$B7)*(Aus_Ini<=AG$2)*(Aus_Fim>=AG$2)*Aus_Cod)),"!")))) | AH7: =IF($B7="","",COUNTIF($C7:$AG7,"F")) | AI7: =IF($B7="","",COUNTIF($C7:$AG7,"D")) | AJ7: =IF($B7="","",COUNTIF($C7:$AG7,"A")) | AK7: =IF($B7="","",SUMPRODUCT(($C7:$AG7<>"")*1))
A8: =IF('Equipe'!A6="","",'Equipe'!A6) | B8: =IF('Equipe'!B6="","",'Equipe'!B6) | C8: =IF(OR($B8="",C$2=""),"",IF(SUMPRODUCT((Aus_Tec=$B8)*(Aus_Ini<=C$2)*(Aus_Fim>=C$2)*(Aus_Cod>0))=0,"",IF(SUMPRODUCT((Aus_Tec=$B8)*(Aus_Ini<=C$2)*(Aus_Fim>=C$2)*(Aus_Cod>0))>1,"!",IFERROR(INDEX(Aus_Siglas,SUMPRODUCT((Aus_Tec=$B8)*(Aus_Ini<=C$2)*(Aus_Fim>=C$2)*Aus_Cod)),"!")))) | D8: =IF(OR($B8="",D$2=""),"",IF(SUMPRODUCT((Aus_Tec=$B8)*(Aus_Ini<=D$2)*(Aus_Fim>=D$2)*(Aus_Cod>0))=0,"",IF(SUMPRODUCT((Aus_Tec=$B8)*(Aus_Ini<=D$2)*(Aus_Fim>=D$2)*(Aus_Cod>0))>1,"!",IFERROR(INDEX(Aus_Siglas,SUMPRODUCT((Aus_Tec=$B8)*(Aus_Ini<=D$2)*(Aus_Fim>=D$2)*Aus_Cod)),"!")))) | E8: =IF(OR($B8="",E$2=""),"",IF(SUMPRODUCT((Aus_Tec=$B8)*(Aus_Ini<=E$2)*(Aus_Fim>=E$2)*(Aus_Cod>0))=0,"",IF(SUMPRODUCT((Aus_Tec=$B8)*(Aus_Ini<=E$2)*(Aus_Fim>=E$2)*(Aus_Cod>0))>1,"!",IFERROR(INDEX(Aus_Siglas,SUMPRODUCT((Aus_Tec=$B8)*(Aus_Ini<=E$2)*(Aus_Fim>=E$2)*Aus_Cod)),"!")))) | F8: =IF(OR($B8="",F$2=""),"",IF(SUMPRODUCT((Aus_Tec=$B8)*(Aus_Ini<=F$2)*(Aus_Fim>=F$2)*(Aus_Cod>0))=0,"",IF(SUMPRODUCT((Aus_Tec=$B8)*(Aus_Ini<=F$2)*(Aus_Fim>=F$2)*(Aus_Cod>0))>1,"!",IFERROR(INDEX(Aus_Siglas,SUMPRODUCT((Aus_Tec=$B8)*(Aus_Ini<=F$2)*(Aus_Fim>=F$2)*Aus_Cod)),"!")))) | G8: =IF(OR($B8="",G$2=""),"",IF(SUMPRODUCT((Aus_Tec=$B8)*(Aus_Ini<=G$2)*(Aus_Fim>=G$2)*(Aus_Cod>0))=0,"",IF(SUMPRODUCT((Aus_Tec=$B8)*(Aus_Ini<=G$2)*(Aus_Fim>=G$2)*(Aus_Cod>0))>1,"!",IFERROR(INDEX(Aus_Siglas,SUMPRODUCT((Aus_Tec=$B8)*(Aus_Ini<=G$2)*(Aus_Fim>=G$2)*Aus_Cod)),"!")))) | H8: =IF(OR($B8="",H$2=""),"",IF(SUMPRODUCT((Aus_Tec=$B8)*(Aus_Ini<=H$2)*(Aus_Fim>=H$2)*(Aus_Cod>0))=0,"",IF(SUMPRODUCT((Aus_Tec=$B8)*(Aus_Ini<=H$2)*(Aus_Fim>=H$2)*(Aus_Cod>0))>1,"!",IFERROR(INDEX(Aus_Siglas,SUMPRODUCT((Aus_Tec=$B8)*(Aus_Ini<=H$2)*(Aus_Fim>=H$2)*Aus_Cod)),"!")))) | I8: =IF(OR($B8="",I$2=""),"",IF(SUMPRODUCT((Aus_Tec=$B8)*(Aus_Ini<=I$2)*(Aus_Fim>=I$2)*(Aus_Cod>0))=0,"",IF(SUMPRODUCT((Aus_Tec=$B8)*(Aus_Ini<=I$2)*(Aus_Fim>=I$2)*(Aus_Cod>0))>1,"!",IFERROR(INDEX(Aus_Siglas,SUMPRODUCT((Aus_Tec=$B8)*(Aus_Ini<=I$2)*(Aus_Fim>=I$2)*Aus_Cod)),"!")))) | J8: =IF(OR($B8="",J$2=""),"",IF(SUMPRODUCT((Aus_Tec=$B8)*(Aus_Ini<=J$2)*(Aus_Fim>=J$2)*(Aus_Cod>0))=0,"",IF(SUMPRODUCT((Aus_Tec=$B8)*(Aus_Ini<=J$2)*(Aus_Fim>=J$2)*(Aus_Cod>0))>1,"!",IFERROR(INDEX(Aus_Siglas,SUMPRODUCT((Aus_Tec=$B8)*(Aus_Ini<=J$2)*(Aus_Fim>=J$2)*Aus_Cod)),"!")))) | ... AG8: =IF(OR($B8="",AG$2=""),"",IF(SUMPRODUCT((Aus_Tec=$B8)*(Aus_Ini<=AG$2)*(Aus_Fim>=AG$2)*(Aus_Cod>0))=0,"",IF(SUMPRODUCT((Aus_Tec=$B8)*(Aus_Ini<=AG$2)*(Aus_Fim>=AG$2)*(Aus_Cod>0))>1,"!",IFERROR(INDEX(Aus_Siglas,SUMPRODUCT((Aus_Tec=$B8)*(Aus_Ini<=AG$2)*(Aus_Fim>=AG$2)*Aus_Cod)),"!")))) | AH8: =IF($B8="","",COUNTIF($C8:$AG8,"F")) | AI8: =IF($B8="","",COUNTIF($C8:$AG8,"D")) | AJ8: =IF($B8="","",COUNTIF($C8:$AG8,"A")) | AK8: =IF($B8="","",SUMPRODUCT(($C8:$AG8<>"")*1))
A9: =IF('Equipe'!A7="","",'Equipe'!A7) | B9: =IF('Equipe'!B7="","",'Equipe'!B7) | C9: =IF(OR($B9="",C$2=""),"",IF(SUMPRODUCT((Aus_Tec=$B9)*(Aus_Ini<=C$2)*(Aus_Fim>=C$2)*(Aus_Cod>0))=0,"",IF(SUMPRODUCT((Aus_Tec=$B9)*(Aus_Ini<=C$2)*(Aus_Fim>=C$2)*(Aus_Cod>0))>1,"!",IFERROR(INDEX(Aus_Siglas,SUMPRODUCT((Aus_Tec=$B9)*(Aus_Ini<=C$2)*(Aus_Fim>=C$2)*Aus_Cod)),"!")))) | D9: =IF(OR($B9="",D$2=""),"",IF(SUMPRODUCT((Aus_Tec=$B9)*(Aus_Ini<=D$2)*(Aus_Fim>=D$2)*(Aus_Cod>0))=0,"",IF(SUMPRODUCT((Aus_Tec=$B9)*(Aus_Ini<=D$2)*(Aus_Fim>=D$2)*(Aus_Cod>0))>1,"!",IFERROR(INDEX(Aus_Siglas,SUMPRODUCT((Aus_Tec=$B9)*(Aus_Ini<=D$2)*(Aus_Fim>=D$2)*Aus_Cod)),"!")))) | E9: =IF(OR($B9="",E$2=""),"",IF(SUMPRODUCT((Aus_Tec=$B9)*(Aus_Ini<=E$2)*(Aus_Fim>=E$2)*(Aus_Cod>0))=0,"",IF(SUMPRODUCT((Aus_Tec=$B9)*(Aus_Ini<=E$2)*(Aus_Fim>=E$2)*(Aus_Cod>0))>1,"!",IFERROR(INDEX(Aus_Siglas,SUMPRODUCT((Aus_Tec=$B9)*(Aus_Ini<=E$2)*(Aus_Fim>=E$2)*Aus_Cod)),"!")))) | F9: =IF(OR($B9="",F$2=""),"",IF(SUMPRODUCT((Aus_Tec=$B9)*(Aus_Ini<=F$2)*(Aus_Fim>=F$2)*(Aus_Cod>0))=0,"",IF(SUMPRODUCT((Aus_Tec=$B9)*(Aus_Ini<=F$2)*(Aus_Fim>=F$2)*(Aus_Cod>0))>1,"!",IFERROR(INDEX(Aus_Siglas,SUMPRODUCT((Aus_Tec=$B9)*(Aus_Ini<=F$2)*(Aus_Fim>=F$2)*Aus_Cod)),"!")))) | G9: =IF(OR($B9="",G$2=""),"",IF(SUMPRODUCT((Aus_Tec=$B9)*(Aus_Ini<=G$2)*(Aus_Fim>=G$2)*(Aus_Cod>0))=0,"",IF(SUMPRODUCT((Aus_Tec=$B9)*(Aus_Ini<=G$2)*(Aus_Fim>=G$2)*(Aus_Cod>0))>1,"!",IFERROR(INDEX(Aus_Siglas,SUMPRODUCT((Aus_Tec=$B9)*(Aus_Ini<=G$2)*(Aus_Fim>=G$2)*Aus_Cod)),"!")))) | H9: =IF(OR($B9="",H$2=""),"",IF(SUMPRODUCT((Aus_Tec=$B9)*(Aus_Ini<=H$2)*(Aus_Fim>=H$2)*(Aus_Cod>0))=0,"",IF(SUMPRODUCT((Aus_Tec=$B9)*(Aus_Ini<=H$2)*(Aus_Fim>=H$2)*(Aus_Cod>0))>1,"!",IFERROR(INDEX(Aus_Siglas,SUMPRODUCT((Aus_Tec=$B9)*(Aus_Ini<=H$2)*(Aus_Fim>=H$2)*Aus_Cod)),"!")))) | I9: =IF(OR($B9="",I$2=""),"",IF(SUMPRODUCT((Aus_Tec=$B9)*(Aus_Ini<=I$2)*(Aus_Fim>=I$2)*(Aus_Cod>0))=0,"",IF(SUMPRODUCT((Aus_Tec=$B9)*(Aus_Ini<=I$2)*(Aus_Fim>=I$2)*(Aus_Cod>0))>1,"!",IFERROR(INDEX(Aus_Siglas,SUMPRODUCT((Aus_Tec=$B9)*(Aus_Ini<=I$2)*(Aus_Fim>=I$2)*Aus_Cod)),"!")))) | J9: =IF(OR($B9="",J$2=""),"",IF(SUMPRODUCT((Aus_Tec=$B9)*(Aus_Ini<=J$2)*(Aus_Fim>=J$2)*(Aus_Cod>0))=0,"",IF(SUMPRODUCT((Aus_Tec=$B9)*(Aus_Ini<=J$2)*(Aus_Fim>=J$2)*(Aus_Cod>0))>1,"!",IFERROR(INDEX(Aus_Siglas,SUMPRODUCT((Aus_Tec=$B9)*(Aus_Ini<=J$2)*(Aus_Fim>=J$2)*Aus_Cod)),"!")))) | ... AG9: =IF(OR($B9="",AG$2=""),"",IF(SUMPRODUCT((Aus_Tec=$B9)*(Aus_Ini<=AG$2)*(Aus_Fim>=AG$2)*(Aus_Cod>0))=0,"",IF(SUMPRODUCT((Aus_Tec=$B9)*(Aus_Ini<=AG$2)*(Aus_Fim>=AG$2)*(Aus_Cod>0))>1,"!",IFERROR(INDEX(Aus_Siglas,SUMPRODUCT((Aus_Tec=$B9)*(Aus_Ini<=AG$2)*(Aus_Fim>=AG$2)*Aus_Cod)),"!")))) | AH9: =IF($B9="","",COUNTIF($C9:$AG9,"F")) | AI9: =IF($B9="","",COUNTIF($C9:$AG9,"D")) | AJ9: =IF($B9="","",COUNTIF($C9:$AG9,"A")) | AK9: =IF($B9="","",SUMPRODUCT(($C9:$AG9<>"")*1))
A10: =IF('Equipe'!A8="","",'Equipe'!A8) | B10: =IF('Equipe'!B8="","",'Equipe'!B8) | C10: =IF(OR($B10="",C$2=""),"",IF(SUMPRODUCT((Aus_Tec=$B10)*(Aus_Ini<=C$2)*(Aus_Fim>=C$2)*(Aus_Cod>0))=0,"",IF(SUMPRODUCT((Aus_Tec=$B10)*(Aus_Ini<=C$2)*(Aus_Fim>=C$2)*(Aus_Cod>0))>1,"!",IFERROR(INDEX(Aus_Siglas,SUMPRODUCT((Aus_Tec=$B10)*(Aus_Ini<=C$2)*(Aus_Fim>=C$2)*Aus_Cod)),"!")))) | D10: =IF(OR($B10="",D$2=""),"",IF(SUMPRODUCT((Aus_Tec=$B10)*(Aus_Ini<=D$2)*(Aus_Fim>=D$2)*(Aus_Cod>0))=0,"",IF(SUMPRODUCT((Aus_Tec=$B10)*(Aus_Ini<=D$2)*(Aus_Fim>=D$2)*(Aus_Cod>0))>1,"!",IFERROR(INDEX(Aus_Siglas,SUMPRODUCT((Aus_Tec=$B10)*(Aus_Ini<=D$2)*(Aus_Fim>=D$2)*Aus_Cod)),"!")))) | E10: =IF(OR($B10="",E$2=""),"",IF(SUMPRODUCT((Aus_Tec=$B10)*(Aus_Ini<=E$2)*(Aus_Fim>=E$2)*(Aus_Cod>0))=0,"",IF(SUMPRODUCT((Aus_Tec=$B10)*(Aus_Ini<=E$2)*(Aus_Fim>=E$2)*(Aus_Cod>0))>1,"!",IFERROR(INDEX(Aus_Siglas,SUMPRODUCT((Aus_Tec=$B10)*(Aus_Ini<=E$2)*(Aus_Fim>=E$2)*Aus_Cod)),"!")))) | F10: =IF(OR($B10="",F$2=""),"",IF(SUMPRODUCT((Aus_Tec=$B10)*(Aus_Ini<=F$2)*(Aus_Fim>=F$2)*(Aus_Cod>0))=0,"",IF(SUMPRODUCT((Aus_Tec=$B10)*(Aus_Ini<=F$2)*(Aus_Fim>=F$2)*(Aus_Cod>0))>1,"!",IFERROR(INDEX(Aus_Siglas,SUMPRODUCT((Aus_Tec=$B10)*(Aus_Ini<=F$2)*(Aus_Fim>=F$2)*Aus_Cod)),"!")))) | G10: =IF(OR($B10="",G$2=""),"",IF(SUMPRODUCT((Aus_Tec=$B10)*(Aus_Ini<=G$2)*(Aus_Fim>=G$2)*(Aus_Cod>0))=0,"",IF(SUMPRODUCT((Aus_Tec=$B10)*(Aus_Ini<=G$2)*(Aus_Fim>=G$2)*(Aus_Cod>0))>1,"!",IFERROR(INDEX(Aus_Siglas,SUMPRODUCT((Aus_Tec=$B10)*(Aus_Ini<=G$2)*(Aus_Fim>=G$2)*Aus_Cod)),"!")))) | H10: =IF(OR($B10="",H$2=""),"",IF(SUMPRODUCT((Aus_Tec=$B10)*(Aus_Ini<=H$2)*(Aus_Fim>=H$2)*(Aus_Cod>0))=0,"",IF(SUMPRODUCT((Aus_Tec=$B10)*(Aus_Ini<=H$2)*(Aus_Fim>=H$2)*(Aus_Cod>0))>1,"!",IFERROR(INDEX(Aus_Siglas,SUMPRODUCT((Aus_Tec=$B10)*(Aus_Ini<=H$2)*(Aus_Fim>=H$2)*Aus_Cod)),"!")))) | I10: =IF(OR($B10="",I$2=""),"",IF(SUMPRODUCT((Aus_Tec=$B10)*(Aus_Ini<=I$2)*(Aus_Fim>=I$2)*(Aus_Cod>0))=0,"",IF(SUMPRODUCT((Aus_Tec=$B10)*(Aus_Ini<=I$2)*(Aus_Fim>=I$2)*(Aus_Cod>0))>1,"!",IFERROR(INDEX(Aus_Siglas,SUMPRODUCT((Aus_Tec=$B10)*(Aus_Ini<=I$2)*(Aus_Fim>=I$2)*Aus_Cod)),"!")))) | J10: =IF(OR($B10="",J$2=""),"",IF(SUMPRODUCT((Aus_Tec=$B10)*(Aus_Ini<=J$2)*(Aus_Fim>=J$2)*(Aus_Cod>0))=0,"",IF(SUMPRODUCT((Aus_Tec=$B10)*(Aus_Ini<=J$2)*(Aus_Fim>=J$2)*(Aus_Cod>0))>1,"!",IFERROR(INDEX(Aus_Siglas,SUMPRODUCT((Aus_Tec=$B10)*(Aus_Ini<=J$2)*(Aus_Fim>=J$2)*Aus_Cod)),"!")))) | ... AG10: =IF(OR($B10="",AG$2=""),"",IF(SUMPRODUCT((Aus_Tec=$B10)*(Aus_Ini<=AG$2)*(Aus_Fim>=AG$2)*(Aus_Cod>0))=0,"",IF(SUMPRODUCT((Aus_Tec=$B10)*(Aus_Ini<=AG$2)*(Aus_Fim>=AG$2)*(Aus_Cod>0))>1,"!",IFERROR(INDEX(Aus_Siglas,SUMPRODUCT((Aus_Tec=$B10)*(Aus_Ini<=AG$2)*(Aus_Fim>=AG$2)*Aus_Cod)),"!")))) | AH10: =IF($B10="","",COUNTIF($C10:$AG10,"F")) | AI10: =IF($B10="","",COUNTIF($C10:$AG10,"D")) | AJ10: =IF($B10="","",COUNTIF($C10:$AG10,"A")) | AK10: =IF($B10="","",SUMPRODUCT(($C10:$AG10<>"")*1))
A11: =IF('Equipe'!A9="","",'Equipe'!A9) | B11: =IF('Equipe'!B9="","",'Equipe'!B9) | C11: =IF(OR($B11="",C$2=""),"",IF(SUMPRODUCT((Aus_Tec=$B11)*(Aus_Ini<=C$2)*(Aus_Fim>=C$2)*(Aus_Cod>0))=0,"",IF(SUMPRODUCT((Aus_Tec=$B11)*(Aus_Ini<=C$2)*(Aus_Fim>=C$2)*(Aus_Cod>0))>1,"!",IFERROR(INDEX(Aus_Siglas,SUMPRODUCT((Aus_Tec=$B11)*(Aus_Ini<=C$2)*(Aus_Fim>=C$2)*Aus_Cod)),"!")))) | D11: =IF(OR($B11="",D$2=""),"",IF(SUMPRODUCT((Aus_Tec=$B11)*(Aus_Ini<=D$2)*(Aus_Fim>=D$2)*(Aus_Cod>0))=0,"",IF(SUMPRODUCT((Aus_Tec=$B11)*(Aus_Ini<=D$2)*(Aus_Fim>=D$2)*(Aus_Cod>0))>1,"!",IFERROR(INDEX(Aus_Siglas,SUMPRODUCT((Aus_Tec=$B11)*(Aus_Ini<=D$2)*(Aus_Fim>=D$2)*Aus_Cod)),"!")))) | E11: =IF(OR($B11="",E$2=""),"",IF(SUMPRODUCT((Aus_Tec=$B11)*(Aus_Ini<=E$2)*(Aus_Fim>=E$2)*(Aus_Cod>0))=0,"",IF(SUMPRODUCT((Aus_Tec=$B11)*(Aus_Ini<=E$2)*(Aus_Fim>=E$2)*(Aus_Cod>0))>1,"!",IFERROR(INDEX(Aus_Siglas,SUMPRODUCT((Aus_Tec=$B11)*(Aus_Ini<=E$2)*(Aus_Fim>=E$2)*Aus_Cod)),"!")))) | F11: =IF(OR($B11="",F$2=""),"",IF(SUMPRODUCT((Aus_Tec=$B11)*(Aus_Ini<=F$2)*(Aus_Fim>=F$2)*(Aus_Cod>0))=0,"",IF(SUMPRODUCT((Aus_Tec=$B11)*(Aus_Ini<=F$2)*(Aus_Fim>=F$2)*(Aus_Cod>0))>1,"!",IFERROR(INDEX(Aus_Siglas,SUMPRODUCT((Aus_Tec=$B11)*(Aus_Ini<=F$2)*(Aus_Fim>=F$2)*Aus_Cod)),"!")))) | G11: =IF(OR($B11="",G$2=""),"",IF(SUMPRODUCT((Aus_Tec=$B11)*(Aus_Ini<=G$2)*(Aus_Fim>=G$2)*(Aus_Cod>0))=0,"",IF(SUMPRODUCT((Aus_Tec=$B11)*(Aus_Ini<=G$2)*(Aus_Fim>=G$2)*(Aus_Cod>0))>1,"!",IFERROR(INDEX(Aus_Siglas,SUMPRODUCT((Aus_Tec=$B11)*(Aus_Ini<=G$2)*(Aus_Fim>=G$2)*Aus_Cod)),"!")))) | H11: =IF(OR($B11="",H$2=""),"",IF(SUMPRODUCT((Aus_Tec=$B11)*(Aus_Ini<=H$2)*(Aus_Fim>=H$2)*(Aus_Cod>0))=0,"",IF(SUMPRODUCT((Aus_Tec=$B11)*(Aus_Ini<=H$2)*(Aus_Fim>=H$2)*(Aus_Cod>0))>1,"!",IFERROR(INDEX(Aus_Siglas,SUMPRODUCT((Aus_Tec=$B11)*(Aus_Ini<=H$2)*(Aus_Fim>=H$2)*Aus_Cod)),"!")))) | I11: =IF(OR($B11="",I$2=""),"",IF(SUMPRODUCT((Aus_Tec=$B11)*(Aus_Ini<=I$2)*(Aus_Fim>=I$2)*(Aus_Cod>0))=0,"",IF(SUMPRODUCT((Aus_Tec=$B11)*(Aus_Ini<=I$2)*(Aus_Fim>=I$2)*(Aus_Cod>0))>1,"!",IFERROR(INDEX(Aus_Siglas,SUMPRODUCT((Aus_Tec=$B11)*(Aus_Ini<=I$2)*(Aus_Fim>=I$2)*Aus_Cod)),"!")))) | J11: =IF(OR($B11="",J$2=""),"",IF(SUMPRODUCT((Aus_Tec=$B11)*(Aus_Ini<=J$2)*(Aus_Fim>=J$2)*(Aus_Cod>0))=0,"",IF(SUMPRODUCT((Aus_Tec=$B11)*(Aus_Ini<=J$2)*(Aus_Fim>=J$2)*(Aus_Cod>0))>1,"!",IFERROR(INDEX(Aus_Siglas,SUMPRODUCT((Aus_Tec=$B11)*(Aus_Ini<=J$2)*(Aus_Fim>=J$2)*Aus_Cod)),"!")))) | ... AG11: =IF(OR($B11="",AG$2=""),"",IF(SUMPRODUCT((Aus_Tec=$B11)*(Aus_Ini<=AG$2)*(Aus_Fim>=AG$2)*(Aus_Cod>0))=0,"",IF(SUMPRODUCT((Aus_Tec=$B11)*(Aus_Ini<=AG$2)*(Aus_Fim>=AG$2)*(Aus_Cod>0))>1,"!",IFERROR(INDEX(Aus_Siglas,SUMPRODUCT((Aus_Tec=$B11)*(Aus_Ini<=AG$2)*(Aus_Fim>=AG$2)*Aus_Cod)),"!")))) | AH11: =IF($B11="","",COUNTIF($C11:$AG11,"F")) | AI11: =IF($B11="","",COUNTIF($C11:$AG11,"D")) | AJ11: =IF($B11="","",COUNTIF($C11:$AG11,"A")) | AK11: =IF($B11="","",SUMPRODUCT(($C11:$AG11<>"")*1))
A12: =IF('Equipe'!A10="","",'Equipe'!A10) | B12: =IF('Equipe'!B10="","",'Equipe'!B10) | C12: =IF(OR($B12="",C$2=""),"",IF(SUMPRODUCT((Aus_Tec=$B12)*(Aus_Ini<=C$2)*(Aus_Fim>=C$2)*(Aus_Cod>0))=0,"",IF(SUMPRODUCT((Aus_Tec=$B12)*(Aus_Ini<=C$2)*(Aus_Fim>=C$2)*(Aus_Cod>0))>1,"!",IFERROR(INDEX(Aus_Siglas,SUMPRODUCT((Aus_Tec=$B12)*(Aus_Ini<=C$2)*(Aus_Fim>=C$2)*Aus_Cod)),"!")))) | D12: =IF(OR($B12="",D$2=""),"",IF(SUMPRODUCT((Aus_Tec=$B12)*(Aus_Ini<=D$2)*(Aus_Fim>=D$2)*(Aus_Cod>0))=0,"",IF(SUMPRODUCT((Aus_Tec=$B12)*(Aus_Ini<=D$2)*(Aus_Fim>=D$2)*(Aus_Cod>0))>1,"!",IFERROR(INDEX(Aus_Siglas,SUMPRODUCT((Aus_Tec=$B12)*(Aus_Ini<=D$2)*(Aus_Fim>=D$2)*Aus_Cod)),"!")))) | E12: =IF(OR($B12="",E$2=""),"",IF(SUMPRODUCT((Aus_Tec=$B12)*(Aus_Ini<=E$2)*(Aus_Fim>=E$2)*(Aus_Cod>0))=0,"",IF(SUMPRODUCT((Aus_Tec=$B12)*(Aus_Ini<=E$2)*(Aus_Fim>=E$2)*(Aus_Cod>0))>1,"!",IFERROR(INDEX(Aus_Siglas,SUMPRODUCT((Aus_Tec=$B12)*(Aus_Ini<=E$2)*(Aus_Fim>=E$2)*Aus_Cod)),"!")))) | F12: =IF(OR($B12="",F$2=""),"",IF(SUMPRODUCT((Aus_Tec=$B12)*(Aus_Ini<=F$2)*(Aus_Fim>=F$2)*(Aus_Cod>0))=0,"",IF(SUMPRODUCT((Aus_Tec=$B12)*(Aus_Ini<=F$2)*(Aus_Fim>=F$2)*(Aus_Cod>0))>1,"!",IFERROR(INDEX(Aus_Siglas,SUMPRODUCT((Aus_Tec=$B12)*(Aus_Ini<=F$2)*(Aus_Fim>=F$2)*Aus_Cod)),"!")))) | G12: =IF(OR($B12="",G$2=""),"",IF(SUMPRODUCT((Aus_Tec=$B12)*(Aus_Ini<=G$2)*(Aus_Fim>=G$2)*(Aus_Cod>0))=0,"",IF(SUMPRODUCT((Aus_Tec=$B12)*(Aus_Ini<=G$2)*(Aus_Fim>=G$2)*(Aus_Cod>0))>1,"!",IFERROR(INDEX(Aus_Siglas,SUMPRODUCT((Aus_Tec=$B12)*(Aus_Ini<=G$2)*(Aus_Fim>=G$2)*Aus_Cod)),"!")))) | H12: =IF(OR($B12="",H$2=""),"",IF(SUMPRODUCT((Aus_Tec=$B12)*(Aus_Ini<=H$2)*(Aus_Fim>=H$2)*(Aus_Cod>0))=0,"",IF(SUMPRODUCT((Aus_Tec=$B12)*(Aus_Ini<=H$2)*(Aus_Fim>=H$2)*(Aus_Cod>0))>1,"!",IFERROR(INDEX(Aus_Siglas,SUMPRODUCT((Aus_Tec=$B12)*(Aus_Ini<=H$2)*(Aus_Fim>=H$2)*Aus_Cod)),"!")))) | I12: =IF(OR($B12="",I$2=""),"",IF(SUMPRODUCT((Aus_Tec=$B12)*(Aus_Ini<=I$2)*(Aus_Fim>=I$2)*(Aus_Cod>0))=0,"",IF(SUMPRODUCT((Aus_Tec=$B12)*(Aus_Ini<=I$2)*(Aus_Fim>=I$2)*(Aus_Cod>0))>1,"!",IFERROR(INDEX(Aus_Siglas,SUMPRODUCT((Aus_Tec=$B12)*(Aus_Ini<=I$2)*(Aus_Fim>=I$2)*Aus_Cod)),"!")))) | J12: =IF(OR($B12="",J$2=""),"",IF(SUMPRODUCT((Aus_Tec=$B12)*(Aus_Ini<=J$2)*(Aus_Fim>=J$2)*(Aus_Cod>0))=0,"",IF(SUMPRODUCT((Aus_Tec=$B12)*(Aus_Ini<=J$2)*(Aus_Fim>=J$2)*(Aus_Cod>0))>1,"!",IFERROR(INDEX(Aus_Siglas,SUMPRODUCT((Aus_Tec=$B12)*(Aus_Ini<=J$2)*(Aus_Fim>=J$2)*Aus_Cod)),"!")))) | ... AG12: =IF(OR($B12="",AG$2=""),"",IF(SUMPRODUCT((Aus_Tec=$B12)*(Aus_Ini<=AG$2)*(Aus_Fim>=AG$2)*(Aus_Cod>0))=0,"",IF(SUMPRODUCT((Aus_Tec=$B12)*(Aus_Ini<=AG$2)*(Aus_Fim>=AG$2)*(Aus_Cod>0))>1,"!",IFERROR(INDEX(Aus_Siglas,SUMPRODUCT((Aus_Tec=$B12)*(Aus_Ini<=AG$2)*(Aus_Fim>=AG$2)*Aus_Cod)),"!")))) | AH12: =IF($B12="","",COUNTIF($C12:$AG12,"F")) | AI12: =IF($B12="","",COUNTIF($C12:$AG12,"D")) | AJ12: =IF($B12="","",COUNTIF($C12:$AG12,"A")) | AK12: =IF($B12="","",SUMPRODUCT(($C12:$AG12<>"")*1))
A13: =IF('Equipe'!A11="","",'Equipe'!A11) | B13: =IF('Equipe'!B11="","",'Equipe'!B11) | C13: =IF(OR($B13="",C$2=""),"",IF(SUMPRODUCT((Aus_Tec=$B13)*(Aus_Ini<=C$2)*(Aus_Fim>=C$2)*(Aus_Cod>0))=0,"",IF(SUMPRODUCT((Aus_Tec=$B13)*(Aus_Ini<=C$2)*(Aus_Fim>=C$2)*(Aus_Cod>0))>1,"!",IFERROR(INDEX(Aus_Siglas,SUMPRODUCT((Aus_Tec=$B13)*(Aus_Ini<=C$2)*(Aus_Fim>=C$2)*Aus_Cod)),"!")))) | D13: =IF(OR($B13="",D$2=""),"",IF(SUMPRODUCT((Aus_Tec=$B13)*(Aus_Ini<=D$2)*(Aus_Fim>=D$2)*(Aus_Cod>0))=0,"",IF(SUMPRODUCT((Aus_Tec=$B13)*(Aus_Ini<=D$2)*(Aus_Fim>=D$2)*(Aus_Cod>0))>1,"!",IFERROR(INDEX(Aus_Siglas,SUMPRODUCT((Aus_Tec=$B13)*(Aus_Ini<=D$2)*(Aus_Fim>=D$2)*Aus_Cod)),"!")))) | E13: =IF(OR($B13="",E$2=""),"",IF(SUMPRODUCT((Aus_Tec=$B13)*(Aus_Ini<=E$2)*(Aus_Fim>=E$2)*(Aus_Cod>0))=0,"",IF(SUMPRODUCT((Aus_Tec=$B13)*(Aus_Ini<=E$2)*(Aus_Fim>=E$2)*(Aus_Cod>0))>1,"!",IFERROR(INDEX(Aus_Siglas,SUMPRODUCT((Aus_Tec=$B13)*(Aus_Ini<=E$2)*(Aus_Fim>=E$2)*Aus_Cod)),"!")))) | F13: =IF(OR($B13="",F$2=""),"",IF(SUMPRODUCT((Aus_Tec=$B13)*(Aus_Ini<=F$2)*(Aus_Fim>=F$2)*(Aus_Cod>0))=0,"",IF(SUMPRODUCT((Aus_Tec=$B13)*(Aus_Ini<=F$2)*(Aus_Fim>=F$2)*(Aus_Cod>0))>1,"!",IFERROR(INDEX(Aus_Siglas,SUMPRODUCT((Aus_Tec=$B13)*(Aus_Ini<=F$2)*(Aus_Fim>=F$2)*Aus_Cod)),"!")))) | G13: =IF(OR($B13="",G$2=""),"",IF(SUMPRODUCT((Aus_Tec=$B13)*(Aus_Ini<=G$2)*(Aus_Fim>=G$2)*(Aus_Cod>0))=0,"",IF(SUMPRODUCT((Aus_Tec=$B13)*(Aus_Ini<=G$2)*(Aus_Fim>=G$2)*(Aus_Cod>0))>1,"!",IFERROR(INDEX(Aus_Siglas,SUMPRODUCT((Aus_Tec=$B13)*(Aus_Ini<=G$2)*(Aus_Fim>=G$2)*Aus_Cod)),"!")))) | H13: =IF(OR($B13="",H$2=""),"",IF(SUMPRODUCT((Aus_Tec=$B13)*(Aus_Ini<=H$2)*(Aus_Fim>=H$2)*(Aus_Cod>0))=0,"",IF(SUMPRODUCT((Aus_Tec=$B13)*(Aus_Ini<=H$2)*(Aus_Fim>=H$2)*(Aus_Cod>0))>1,"!",IFERROR(INDEX(Aus_Siglas,SUMPRODUCT((Aus_Tec=$B13)*(Aus_Ini<=H$2)*(Aus_Fim>=H$2)*Aus_Cod)),"!")))) | I13: =IF(OR($B13="",I$2=""),"",IF(SUMPRODUCT((Aus_Tec=$B13)*(Aus_Ini<=I$2)*(Aus_Fim>=I$2)*(Aus_Cod>0))=0,"",IF(SUMPRODUCT((Aus_Tec=$B13)*(Aus_Ini<=I$2)*(Aus_Fim>=I$2)*(Aus_Cod>0))>1,"!",IFERROR(INDEX(Aus_Siglas,SUMPRODUCT((Aus_Tec=$B13)*(Aus_Ini<=I$2)*(Aus_Fim>=I$2)*Aus_Cod)),"!")))) | J13: =IF(OR($B13="",J$2=""),"",IF(SUMPRODUCT((Aus_Tec=$B13)*(Aus_Ini<=J$2)*(Aus_Fim>=J$2)*(Aus_Cod>0))=0,"",IF(SUMPRODUCT((Aus_Tec=$B13)*(Aus_Ini<=J$2)*(Aus_Fim>=J$2)*(Aus_Cod>0))>1,"!",IFERROR(INDEX(Aus_Siglas,SUMPRODUCT((Aus_Tec=$B13)*(Aus_Ini<=J$2)*(Aus_Fim>=J$2)*Aus_Cod)),"!")))) | ... AG13: =IF(OR($B13="",AG$2=""),"",IF(SUMPRODUCT((Aus_Tec=$B13)*(Aus_Ini<=AG$2)*(Aus_Fim>=AG$2)*(Aus_Cod>0))=0,"",IF(SUMPRODUCT((Aus_Tec=$B13)*(Aus_Ini<=AG$2)*(Aus_Fim>=AG$2)*(Aus_Cod>0))>1,"!",IFERROR(INDEX(Aus_Siglas,SUMPRODUCT((Aus_Tec=$B13)*(Aus_Ini<=AG$2)*(Aus_Fim>=AG$2)*Aus_Cod)),"!")))) | AH13: =IF($B13="","",COUNTIF($C13:$AG13,"F")) | AI13: =IF($B13="","",COUNTIF($C13:$AG13,"D")) | AJ13: =IF($B13="","",COUNTIF($C13:$AG13,"A")) | AK13: =IF($B13="","",SUMPRODUCT(($C13:$AG13<>"")*1))
A14: =IF('Equipe'!A12="","",'Equipe'!A12) | B14: =IF('Equipe'!B12="","",'Equipe'!B12) | C14: =IF(OR($B14="",C$2=""),"",IF(SUMPRODUCT((Aus_Tec=$B14)*(Aus_Ini<=C$2)*(Aus_Fim>=C$2)*(Aus_Cod>0))=0,"",IF(SUMPRODUCT((Aus_Tec=$B14)*(Aus_Ini<=C$2)*(Aus_Fim>=C$2)*(Aus_Cod>0))>1,"!",IFERROR(INDEX(Aus_Siglas,SUMPRODUCT((Aus_Tec=$B14)*(Aus_Ini<=C$2)*(Aus_Fim>=C$2)*Aus_Cod)),"!")))) | D14: =IF(OR($B14="",D$2=""),"",IF(SUMPRODUCT((Aus_Tec=$B14)*(Aus_Ini<=D$2)*(Aus_Fim>=D$2)*(Aus_Cod>0))=0,"",IF(SUMPRODUCT((Aus_Tec=$B14)*(Aus_Ini<=D$2)*(Aus_Fim>=D$2)*(Aus_Cod>0))>1,"!",IFERROR(INDEX(Aus_Siglas,SUMPRODUCT((Aus_Tec=$B14)*(Aus_Ini<=D$2)*(Aus_Fim>=D$2)*Aus_Cod)),"!")))) | E14: =IF(OR($B14="",E$2=""),"",IF(SUMPRODUCT((Aus_Tec=$B14)*(Aus_Ini<=E$2)*(Aus_Fim>=E$2)*(Aus_Cod>0))=0,"",IF(SUMPRODUCT((Aus_Tec=$B14)*(Aus_Ini<=E$2)*(Aus_Fim>=E$2)*(Aus_Cod>0))>1,"!",IFERROR(INDEX(Aus_Siglas,SUMPRODUCT((Aus_Tec=$B14)*(Aus_Ini<=E$2)*(Aus_Fim>=E$2)*Aus_Cod)),"!")))) | F14: =IF(OR($B14="",F$2=""),"",IF(SUMPRODUCT((Aus_Tec=$B14)*(Aus_Ini<=F$2)*(Aus_Fim>=F$2)*(Aus_Cod>0))=0,"",IF(SUMPRODUCT((Aus_Tec=$B14)*(Aus_Ini<=F$2)*(Aus_Fim>=F$2)*(Aus_Cod>0))>1,"!",IFERROR(INDEX(Aus_Siglas,SUMPRODUCT((Aus_Tec=$B14)*(Aus_Ini<=F$2)*(Aus_Fim>=F$2)*Aus_Cod)),"!")))) | G14: =IF(OR($B14="",G$2=""),"",IF(SUMPRODUCT((Aus_Tec=$B14)*(Aus_Ini<=G$2)*(Aus_Fim>=G$2)*(Aus_Cod>0))=0,"",IF(SUMPRODUCT((Aus_Tec=$B14)*(Aus_Ini<=G$2)*(Aus_Fim>=G$2)*(Aus_Cod>0))>1,"!",IFERROR(INDEX(Aus_Siglas,SUMPRODUCT((Aus_Tec=$B14)*(Aus_Ini<=G$2)*(Aus_Fim>=G$2)*Aus_Cod)),"!")))) | H14: =IF(OR($B14="",H$2=""),"",IF(SUMPRODUCT((Aus_Tec=$B14)*(Aus_Ini<=H$2)*(Aus_Fim>=H$2)*(Aus_Cod>0))=0,"",IF(SUMPRODUCT((Aus_Tec=$B14)*(Aus_Ini<=H$2)*(Aus_Fim>=H$2)*(Aus_Cod>0))>1,"!",IFERROR(INDEX(Aus_Siglas,SUMPRODUCT((Aus_Tec=$B14)*(Aus_Ini<=H$2)*(Aus_Fim>=H$2)*Aus_Cod)),"!")))) | I14: =IF(OR($B14="",I$2=""),"",IF(SUMPRODUCT((Aus_Tec=$B14)*(Aus_Ini<=I$2)*(Aus_Fim>=I$2)*(Aus_Cod>0))=0,"",IF(SUMPRODUCT((Aus_Tec=$B14)*(Aus_Ini<=I$2)*(Aus_Fim>=I$2)*(Aus_Cod>0))>1,"!",IFERROR(INDEX(Aus_Siglas,SUMPRODUCT((Aus_Tec=$B14)*(Aus_Ini<=I$2)*(Aus_Fim>=I$2)*Aus_Cod)),"!")))) | J14: =IF(OR($B14="",J$2=""),"",IF(SUMPRODUCT((Aus_Tec=$B14)*(Aus_Ini<=J$2)*(Aus_Fim>=J$2)*(Aus_Cod>0))=0,"",IF(SUMPRODUCT((Aus_Tec=$B14)*(Aus_Ini<=J$2)*(Aus_Fim>=J$2)*(Aus_Cod>0))>1,"!",IFERROR(INDEX(Aus_Siglas,SUMPRODUCT((Aus_Tec=$B14)*(Aus_Ini<=J$2)*(Aus_Fim>=J$2)*Aus_Cod)),"!")))) | ... AG14: =IF(OR($B14="",AG$2=""),"",IF(SUMPRODUCT((Aus_Tec=$B14)*(Aus_Ini<=AG$2)*(Aus_Fim>=AG$2)*(Aus_Cod>0))=0,"",IF(SUMPRODUCT((Aus_Tec=$B14)*(Aus_Ini<=AG$2)*(Aus_Fim>=AG$2)*(Aus_Cod>0))>1,"!",IFERROR(INDEX(Aus_Siglas,SUMPRODUCT((Aus_Tec=$B14)*(Aus_Ini<=AG$2)*(Aus_Fim>=AG$2)*Aus_Cod)),"!")))) | AH14: =IF($B14="","",COUNTIF($C14:$AG14,"F")) | AI14: =IF($B14="","",COUNTIF($C14:$AG14,"D")) | AJ14: =IF($B14="","",COUNTIF($C14:$AG14,"A")) | AK14: =IF($B14="","",SUMPRODUCT(($C14:$AG14<>"")*1))
A15: =IF('Equipe'!A13="","",'Equipe'!A13) | B15: =IF('Equipe'!B13="","",'Equipe'!B13) | C15: =IF(OR($B15="",C$2=""),"",IF(SUMPRODUCT((Aus_Tec=$B15)*(Aus_Ini<=C$2)*(Aus_Fim>=C$2)*(Aus_Cod>0))=0,"",IF(SUMPRODUCT((Aus_Tec=$B15)*(Aus_Ini<=C$2)*(Aus_Fim>=C$2)*(Aus_Cod>0))>1,"!",IFERROR(INDEX(Aus_Siglas,SUMPRODUCT((Aus_Tec=$B15)*(Aus_Ini<=C$2)*(Aus_Fim>=C$2)*Aus_Cod)),"!")))) | D15: =IF(OR($B15="",D$2=""),"",IF(SUMPRODUCT((Aus_Tec=$B15)*(Aus_Ini<=D$2)*(Aus_Fim>=D$2)*(Aus_Cod>0))=0,"",IF(SUMPRODUCT((Aus_Tec=$B15)*(Aus_Ini<=D$2)*(Aus_Fim>=D$2)*(Aus_Cod>0))>1,"!",IFERROR(INDEX(Aus_Siglas,SUMPRODUCT((Aus_Tec=$B15)*(Aus_Ini<=D$2)*(Aus_Fim>=D$2)*Aus_Cod)),"!")))) | E15: =IF(OR($B15="",E$2=""),"",IF(SUMPRODUCT((Aus_Tec=$B15)*(Aus_Ini<=E$2)*(Aus_Fim>=E$2)*(Aus_Cod>0))=0,"",IF(SUMPRODUCT((Aus_Tec=$B15)*(Aus_Ini<=E$2)*(Aus_Fim>=E$2)*(Aus_Cod>0))>1,"!",IFERROR(INDEX(Aus_Siglas,SUMPRODUCT((Aus_Tec=$B15)*(Aus_Ini<=E$2)*(Aus_Fim>=E$2)*Aus_Cod)),"!")))) | F15: =IF(OR($B15="",F$2=""),"",IF(SUMPRODUCT((Aus_Tec=$B15)*(Aus_Ini<=F$2)*(Aus_Fim>=F$2)*(Aus_Cod>0))=0,"",IF(SUMPRODUCT((Aus_Tec=$B15)*(Aus_Ini<=F$2)*(Aus_Fim>=F$2)*(Aus_Cod>0))>1,"!",IFERROR(INDEX(Aus_Siglas,SUMPRODUCT((Aus_Tec=$B15)*(Aus_Ini<=F$2)*(Aus_Fim>=F$2)*Aus_Cod)),"!")))) | G15: =IF(OR($B15="",G$2=""),"",IF(SUMPRODUCT((Aus_Tec=$B15)*(Aus_Ini<=G$2)*(Aus_Fim>=G$2)*(Aus_Cod>0))=0,"",IF(SUMPRODUCT((Aus_Tec=$B15)*(Aus_Ini<=G$2)*(Aus_Fim>=G$2)*(Aus_Cod>0))>1,"!",IFERROR(INDEX(Aus_Siglas,SUMPRODUCT((Aus_Tec=$B15)*(Aus_Ini<=G$2)*(Aus_Fim>=G$2)*Aus_Cod)),"!")))) | H15: =IF(OR($B15="",H$2=""),"",IF(SUMPRODUCT((Aus_Tec=$B15)*(Aus_Ini<=H$2)*(Aus_Fim>=H$2)*(Aus_Cod>0))=0,"",IF(SUMPRODUCT((Aus_Tec=$B15)*(Aus_Ini<=H$2)*(Aus_Fim>=H$2)*(Aus_Cod>0))>1,"!",IFERROR(INDEX(Aus_Siglas,SUMPRODUCT((Aus_Tec=$B15)*(Aus_Ini<=H$2)*(Aus_Fim>=H$2)*Aus_Cod)),"!")))) | I15: =IF(OR($B15="",I$2=""),"",IF(SUMPRODUCT((Aus_Tec=$B15)*(Aus_Ini<=I$2)*(Aus_Fim>=I$2)*(Aus_Cod>0))=0,"",IF(SUMPRODUCT((Aus_Tec=$B15)*(Aus_Ini<=I$2)*(Aus_Fim>=I$2)*(Aus_Cod>0))>1,"!",IFERROR(INDEX(Aus_Siglas,SUMPRODUCT((Aus_Tec=$B15)*(Aus_Ini<=I$2)*(Aus_Fim>=I$2)*Aus_Cod)),"!")))) | J15: =IF(OR($B15="",J$2=""),"",IF(SUMPRODUCT((Aus_Tec=$B15)*(Aus_Ini<=J$2)*(Aus_Fim>=J$2)*(Aus_Cod>0))=0,"",IF(SUMPRODUCT((Aus_Tec=$B15)*(Aus_Ini<=J$2)*(Aus_Fim>=J$2)*(Aus_Cod>0))>1,"!",IFERROR(INDEX(Aus_Siglas,SUMPRODUCT((Aus_Tec=$B15)*(Aus_Ini<=J$2)*(Aus_Fim>=J$2)*Aus_Cod)),"!")))) | ... AG15: =IF(OR($B15="",AG$2=""),"",IF(SUMPRODUCT((Aus_Tec=$B15)*(Aus_Ini<=AG$2)*(Aus_Fim>=AG$2)*(Aus_Cod>0))=0,"",IF(SUMPRODUCT((Aus_Tec=$B15)*(Aus_Ini<=AG$2)*(Aus_Fim>=AG$2)*(Aus_Cod>0))>1,"!",IFERROR(INDEX(Aus_Siglas,SUMPRODUCT((Aus_Tec=$B15)*(Aus_Ini<=AG$2)*(Aus_Fim>=AG$2)*Aus_Cod)),"!")))) | AH15: =IF($B15="","",COUNTIF($C15:$AG15,"F")) | AI15: =IF($B15="","",COUNTIF($C15:$AG15,"D")) | AJ15: =IF($B15="","",COUNTIF($C15:$AG15,"A")) | AK15: =IF($B15="","",SUMPRODUCT(($C15:$AG15<>"")*1))
... A33: =IF('Equipe'!A31="","",'Equipe'!A31) | B33: =IF('Equipe'!B31="","",'Equipe'!B31) | C33: =IF(OR($B33="",C$2=""),"",IF(SUMPRODUCT((Aus_Tec=$B33)*(Aus_Ini<=C$2)*(Aus_Fim>=C$2)*(Aus_Cod>0))=0,"",IF(SUMPRODUCT((Aus_Tec=$B33)*(Aus_Ini<=C$2)*(Aus_Fim>=C$2)*(Aus_Cod>0))>1,"!",IFERROR(INDEX(Aus_Siglas,SUMPRODUCT((Aus_Tec=$B33)*(Aus_Ini<=C$2)*(Aus_Fim>=C$2)*Aus_Cod)),"!")))) | D33: =IF(OR($B33="",D$2=""),"",IF(SUMPRODUCT((Aus_Tec=$B33)*(Aus_Ini<=D$2)*(Aus_Fim>=D$2)*(Aus_Cod>0))=0,"",IF(SUMPRODUCT((Aus_Tec=$B33)*(Aus_Ini<=D$2)*(Aus_Fim>=D$2)*(Aus_Cod>0))>1,"!",IFERROR(INDEX(Aus_Siglas,SUMPRODUCT((Aus_Tec=$B33)*(Aus_Ini<=D$2)*(Aus_Fim>=D$2)*Aus_Cod)),"!")))) | E33: =IF(OR($B33="",E$2=""),"",IF(SUMPRODUCT((Aus_Tec=$B33)*(Aus_Ini<=E$2)*(Aus_Fim>=E$2)*(Aus_Cod>0))=0,"",IF(SUMPRODUCT((Aus_Tec=$B33)*(Aus_Ini<=E$2)*(Aus_Fim>=E$2)*(Aus_Cod>0))>1,"!",IFERROR(INDEX(Aus_Siglas,SUMPRODUCT((Aus_Tec=$B33)*(Aus_Ini<=E$2)*(Aus_Fim>=E$2)*Aus_Cod)),"!")))) | F33: =IF(OR($B33="",F$2=""),"",IF(SUMPRODUCT((Aus_Tec=$B33)*(Aus_Ini<=F$2)*(Aus_Fim>=F$2)*(Aus_Cod>0))=0,"",IF(SUMPRODUCT((Aus_Tec=$B33)*(Aus_Ini<=F$2)*(Aus_Fim>=F$2)*(Aus_Cod>0))>1,"!",IFERROR(INDEX(Aus_Siglas,SUMPRODUCT((Aus_Tec=$B33)*(Aus_Ini<=F$2)*(Aus_Fim>=F$2)*Aus_Cod)),"!")))) | G33: =IF(OR($B33="",G$2=""),"",IF(SUMPRODUCT((Aus_Tec=$B33)*(Aus_Ini<=G$2)*(Aus_Fim>=G$2)*(Aus_Cod>0))=0,"",IF(SUMPRODUCT((Aus_Tec=$B33)*(Aus_Ini<=G$2)*(Aus_Fim>=G$2)*(Aus_Cod>0))>1,"!",IFERROR(INDEX(Aus_Siglas,SUMPRODUCT((Aus_Tec=$B33)*(Aus_Ini<=G$2)*(Aus_Fim>=G$2)*Aus_Cod)),"!")))) | H33: =IF(OR($B33="",H$2=""),"",IF(SUMPRODUCT((Aus_Tec=$B33)*(Aus_Ini<=H$2)*(Aus_Fim>=H$2)*(Aus_Cod>0))=0,"",IF(SUMPRODUCT((Aus_Tec=$B33)*(Aus_Ini<=H$2)*(Aus_Fim>=H$2)*(Aus_Cod>0))>1,"!",IFERROR(INDEX(Aus_Siglas,SUMPRODUCT((Aus_Tec=$B33)*(Aus_Ini<=H$2)*(Aus_Fim>=H$2)*Aus_Cod)),"!")))) | I33: =IF(OR($B33="",I$2=""),"",IF(SUMPRODUCT((Aus_Tec=$B33)*(Aus_Ini<=I$2)*(Aus_Fim>=I$2)*(Aus_Cod>0))=0,"",IF(SUMPRODUCT((Aus_Tec=$B33)*(Aus_Ini<=I$2)*(Aus_Fim>=I$2)*(Aus_Cod>0))>1,"!",IFERROR(INDEX(Aus_Siglas,SUMPRODUCT((Aus_Tec=$B33)*(Aus_Ini<=I$2)*(Aus_Fim>=I$2)*Aus_Cod)),"!")))) | J33: =IF(OR($B33="",J$2=""),"",IF(SUMPRODUCT((Aus_Tec=$B33)*(Aus_Ini<=J$2)*(Aus_Fim>=J$2)*(Aus_Cod>0))=0,"",IF(SUMPRODUCT((Aus_Tec=$B33)*(Aus_Ini<=J$2)*(Aus_Fim>=J$2)*(Aus_Cod>0))>1,"!",IFERROR(INDEX(Aus_Siglas,SUMPRODUCT((Aus_Tec=$B33)*(Aus_Ini<=J$2)*(Aus_Fim>=J$2)*Aus_Cod)),"!")))) | ... AG33: =IF(OR($B33="",AG$2=""),"",IF(SUMPRODUCT((Aus_Tec=$B33)*(Aus_Ini<=AG$2)*(Aus_Fim>=AG$2)*(Aus_Cod>0))=0,"",IF(SUMPRODUCT((Aus_Tec=$B33)*(Aus_Ini<=AG$2)*(Aus_Fim>=AG$2)*(Aus_Cod>0))>1,"!",IFERROR(INDEX(Aus_Siglas,SUMPRODUCT((Aus_Tec=$B33)*(Aus_Ini<=AG$2)*(Aus_Fim>=AG$2)*Aus_Cod)),"!")))) | AH33: =IF($B33="","",COUNTIF($C33:$AG33,"F")) | AI33: =IF($B33="","",COUNTIF($C33:$AG33,"D")) | AJ33: =IF($B33="","",COUNTIF($C33:$AG33,"A")) | AK33: =IF($B33="","",SUMPRODUCT(($C33:$AG33<>"")*1))

Sheet Mapa_Cirurgico
A1: Data | B1: Sala | C1: Hora início | D1: Hora fim | E1: Especialidade | F1: Habilidade | G1: Procedimento | H1: Cirurgião | I1: Porte | J1: Status | K1: Duração (min) | L1: Min. ocupação (dur+limpeza) | M1: Ordem na sala | N1: Sala liberada às | O1: Livre até a próxima (min) | P1: Alerta | Q1: aux_concat | R1: aux_relIni | S1: aux_relFim | T1: aux_chave | U1: aux_row
A2: 46254 | B2: SO-01 | C2: 0.29166667 | D2: 0.375 | E2: Ortopedia | F2: =IF($E2="","",IFERROR(INDEX(Esp_Hab,MATCH($E2,Esp_Nome,0)),"—")) | G2: Artroplastia total de joelho | H2: Dra. Bernardes | I2: M | J2: Agendada | K2: =IF(OR($B2="",NOT(ISNUMBER($C2)),NOT(ISNUMBER($D2))),"",ROUND(MOD($D2-$C2,1)*1440,0)) | L2: =IF(NOT(ISNUMBER($K2)),0,IF(OR($K2<=0,$J2="Cancelada",$J2="Suspensa"),0,$K2+Limpeza_Min)) | M2: =IF($L2<=0,"",SUMPRODUCT((Mapa_Sala=$B2)*(Mapa_Data=$A2)*(Mapa_MinOcup>0)*((Mapa_RelIni<$R2)+((Mapa_RelIni=$R2)*(Mapa_Row<=$U2))))) | N2: =IF($L2<=0,"",MOD(Turno_Ini+($S2+Limpeza_Min)/1440,1)) | O2: =IF($L2<=0,"",MAX(0,IFERROR(INDEX(Mapa_RelIni,MATCH($B2&"#"&($M2+1),Mapa_Chave,0)),Turno_Min)-($S2+Limpeza_Min))) | P2: =IF($B2="","",IF($Q2="","OK",LEFT($Q2,LEN($Q2)-3))) | Q2: =IF($B2="","",IF(COUNTIF(Postos_Cod,$B2)=0,"Sala não cadastrada | ","")&IF(AND(COUNTIF(Postos_Cod,$B2)>0,IFERROR(INDEX(Postos_Tipo,MATCH($B2,Postos_Cod,0)),"")<>"Sala cirúrgica"),"Posto não é sala cirúrgica | ","")&IF(AND(COUNTIF(Postos_Cod,$B2)>0,IFERROR(INDEX(Postos_Status,MATCH($B2,Postos_Cod,0)),"")<>"Ativo"),"Sala não ativa | ","")&IF(COUNTIF(Esp_Nome,$E2)=0,"Especialidade não cadastrada | ","")&IF(COUNTIF(Lista_StatusCirurgia,$J2)=0,"Status inválido | ","")&IF(OR(NOT(ISNUMBER($C2)),NOT(ISNUMBER($D2))),"Horário inválido | ","")&IFERROR(IF(AND(ISNUMBER($C2),ISNUMBER($D2),MOD($D2-$C2,1)*1440<=0),"Duração nula ou negativa | ",""),"")&IF(AND($L2>0,OR($R2>=Turno_Min,$S2>Turno_Min)),"Fora da janela do plantão | ","")&IF(AND($L2>0,SUMPRODUCT((Mapa_Sala=$B2)*(Mapa_Data=$A2)*(Mapa_MinOcup>0)*(Mapa_RelIni<$S2)*(Mapa_RelFim>$R2))>1),"Sobreposição de horário na sala | ","")&IFERROR(IF(AND(ISNUMBER($K2),$K2>0,COUNTIF(Esp_Nome,$E2)>0,$K2>3*INDEX(Esp_Dur,MATCH($E2,Esp_Nome,0))),"Duração atípica (>3x a média) | ",""),"")) | R2: =IF(NOT(ISNUMBER($C2)),0,ROUND(MOD($C2-Turno_Ini,1)*1440,0)) | S2: =IF($L2<=0,0,$R2+$K2) | T2: =IF($M2="","",$B2&"#"&$M2) | U2: =ROW()
A3: 46254 | B3: SO-01 | C3: 0.38888889 | D3: 0.45833333 | E3: Traumatologia | F3: =IF($E3="","",IFERROR(INDEX(Esp_Hab,MATCH($E3,Esp_Nome,0)),"—")) | G3: Redução de fratura de rádio | H3: Dr. Coelho | I3: M | J3: Agendada | K3: =IF(OR($B3="",NOT(ISNUMBER($C3)),NOT(ISNUMBER($D3))),"",ROUND(MOD($D3-$C3,1)*1440,0)) | L3: =IF(NOT(ISNUMBER($K3)),0,IF(OR($K3<=0,$J3="Cancelada",$J3="Suspensa"),0,$K3+Limpeza_Min)) | M3: =IF($L3<=0,"",SUMPRODUCT((Mapa_Sala=$B3)*(Mapa_Data=$A3)*(Mapa_MinOcup>0)*((Mapa_RelIni<$R3)+((Mapa_RelIni=$R3)*(Mapa_Row<=$U3))))) | N3: =IF($L3<=0,"",MOD(Turno_Ini+($S3+Limpeza_Min)/1440,1)) | O3: =IF($L3<=0,"",MAX(0,IFERROR(INDEX(Mapa_RelIni,MATCH($B3&"#"&($M3+1),Mapa_Chave,0)),Turno_Min)-($S3+Limpeza_Min))) | P3: =IF($B3="","",IF($Q3="","OK",LEFT($Q3,LEN($Q3)-3))) | Q3: =IF($B3="","",IF(COUNTIF(Postos_Cod,$B3)=0,"Sala não cadastrada | ","")&IF(AND(COUNTIF(Postos_Cod,$B3)>0,IFERROR(INDEX(Postos_Tipo,MATCH($B3,Postos_Cod,0)),"")<>"Sala cirúrgica"),"Posto não é sala cirúrgica | ","")&IF(AND(COUNTIF(Postos_Cod,$B3)>0,IFERROR(INDEX(Postos_Status,MATCH($B3,Postos_Cod,0)),"")<>"Ativo"),"Sala não ativa | ","")&IF(COUNTIF(Esp_Nome,$E3)=0,"Especialidade não cadastrada | ","")&IF(COUNTIF(Lista_StatusCirurgia,$J3)=0,"Status inválido | ","")&IF(OR(NOT(ISNUMBER($C3)),NOT(ISNUMBER($D3))),"Horário inválido | ","")&IFERROR(IF(AND(ISNUMBER($C3),ISNUMBER($D3),MOD($D3-$C3,1)*1440<=0),"Duração nula ou negativa | ",""),"")&IF(AND($L3>0,OR($R3>=Turno_Min,$S3>Turno_Min)),"Fora da janela do plantão | ","")&IF(AND($L3>0,SUMPRODUCT((Mapa_Sala=$B3)*(Mapa_Data=$A3)*(Mapa_MinOcup>0)*(Mapa_RelIni<$S3)*(Mapa_RelFim>$R3))>1),"Sobreposição de horário na sala | ","")&IFERROR(IF(AND(ISNUMBER($K3),$K3>0,COUNTIF(Esp_Nome,$E3)>0,$K3>3*INDEX(Esp_Dur,MATCH($E3,Esp_Nome,0))),"Duração atípica (>3x a média) | ",""),"")) | R3: =IF(NOT(ISNUMBER($C3)),0,ROUND(MOD($C3-Turno_Ini,1)*1440,0)) | S3: =IF($L3<=0,0,$R3+$K3) | T3: =IF($M3="","",$B3&"#"&$M3) | U3: =ROW()
A4: 46254 | B4: SO-01 | C4: 0.47222222 | D4: 0.53819444 | E4: Ortopedia | F4: =IF($E4="","",IFERROR(INDEX(Esp_Hab,MATCH($E4,Esp_Nome,0)),"—")) | G4: Artroscopia de ombro | H4: Dra. Delgado | I4: M | J4: Agendada | K4: =IF(OR($B4="",NOT(ISNUMBER($C4)),NOT(ISNUMBER($D4))),"",ROUND(MOD($D4-$C4,1)*1440,0)) | L4: =IF(NOT(ISNUMBER($K4)),0,IF(OR($K4<=0,$J4="Cancelada",$J4="Suspensa"),0,$K4+Limpeza_Min)) | M4: =IF($L4<=0,"",SUMPRODUCT((Mapa_Sala=$B4)*(Mapa_Data=$A4)*(Mapa_MinOcup>0)*((Mapa_RelIni<$R4)+((Mapa_RelIni=$R4)*(Mapa_Row<=$U4))))) | N4: =IF($L4<=0,"",MOD(Turno_Ini+($S4+Limpeza_Min)/1440,1)) | O4: =IF($L4<=0,"",MAX(0,IFERROR(INDEX(Mapa_RelIni,MATCH($B4&"#"&($M4+1),Mapa_Chave,0)),Turno_Min)-($S4+Limpeza_Min))) | P4: =IF($B4="","",IF($Q4="","OK",LEFT($Q4,LEN($Q4)-3))) | Q4: =IF($B4="","",IF(COUNTIF(Postos_Cod,$B4)=0,"Sala não cadastrada | ","")&IF(AND(COUNTIF(Postos_Cod,$B4)>0,IFERROR(INDEX(Postos_Tipo,MATCH($B4,Postos_Cod,0)),"")<>"Sala cirúrgica"),"Posto não é sala cirúrgica | ","")&IF(AND(COUNTIF(Postos_Cod,$B4)>0,IFERROR(INDEX(Postos_Status,MATCH($B4,Postos_Cod,0)),"")<>"Ativo"),"Sala não ativa | ","")&IF(COUNTIF(Esp_Nome,$E4)=0,"Especialidade não cadastrada | ","")&IF(COUNTIF(Lista_StatusCirurgia,$J4)=0,"Status inválido | ","")&IF(OR(NOT(ISNUMBER($C4)),NOT(ISNUMBER($D4))),"Horário inválido | ","")&IFERROR(IF(AND(ISNUMBER($C4),ISNUMBER($D4),MOD($D4-$C4,1)*1440<=0),"Duração nula ou negativa | ",""),"")&IF(AND($L4>0,OR($R4>=Turno_Min,$S4>Turno_Min)),"Fora da janela do plantão | ","")&IF(AND($L4>0,SUMPRODUCT((Mapa_Sala=$B4)*(Mapa_Data=$A4)*(Mapa_MinOcup>0)*(Mapa_RelIni<$S4)*(Mapa_RelFim>$R4))>1),"Sobreposição de horário na sala | ","")&IFERROR(IF(AND(ISNUMBER($K4),$K4>0,COUNTIF(Esp_Nome,$E4)>0,$K4>3*INDEX(Esp_Dur,MATCH($E4,Esp_Nome,0))),"Duração atípica (>3x a média) | ",""),"")) | R4: =IF(NOT(ISNUMBER($C4)),0,ROUND(MOD($C4-Turno_Ini,1)*1440,0)) | S4: =IF($L4<=0,0,$R4+$K4) | T4: =IF($M4="","",$B4&"#"&$M4) | U4: =ROW()
A5: 46254 | B5: SO-01 | C5: 0.55208333 | D5: 0.61458333 | E5: Traumatologia | F5: =IF($E5="","",IFERROR(INDEX(Esp_Hab,MATCH($E5,Esp_Nome,0)),"—")) | G5: Redução de fratura de rádio | H5: Dr. Esteves | I5: M | J5: Agendada | K5: =IF(OR($B5="",NOT(ISNUMBER($C5)),NOT(ISNUMBER($D5))),"",ROUND(MOD($D5-$C5,1)*1440,0)) | L5: =IF(NOT(ISNUMBER($K5)),0,IF(OR($K5<=0,$J5="Cancelada",$J5="Suspensa"),0,$K5+Limpeza_Min)) | M5: =IF($L5<=0,"",SUMPRODUCT((Mapa_Sala=$B5)*(Mapa_Data=$A5)*(Mapa_MinOcup>0)*((Mapa_RelIni<$R5)+((Mapa_RelIni=$R5)*(Mapa_Row<=$U5))))) | N5: =IF($L5<=0,"",MOD(Turno_Ini+($S5+Limpeza_Min)/1440,1)) | O5: =IF($L5<=0,"",MAX(0,IFERROR(INDEX(Mapa_RelIni,MATCH($B5&"#"&($M5+1),Mapa_Chave,0)),Turno_Min)-($S5+Limpeza_Min))) | P5: =IF($B5="","",IF($Q5="","OK",LEFT($Q5,LEN($Q5)-3))) | Q5: =IF($B5="","",IF(COUNTIF(Postos_Cod,$B5)=0,"Sala não cadastrada | ","")&IF(AND(COUNTIF(Postos_Cod,$B5)>0,IFERROR(INDEX(Postos_Tipo,MATCH($B5,Postos_Cod,0)),"")<>"Sala cirúrgica"),"Posto não é sala cirúrgica | ","")&IF(AND(COUNTIF(Postos_Cod,$B5)>0,IFERROR(INDEX(Postos_Status,MATCH($B5,Postos_Cod,0)),"")<>"Ativo"),"Sala não ativa | ","")&IF(COUNTIF(Esp_Nome,$E5)=0,"Especialidade não cadastrada | ","")&IF(COUNTIF(Lista_StatusCirurgia,$J5)=0,"Status inválido | ","")&IF(OR(NOT(ISNUMBER($C5)),NOT(ISNUMBER($D5))),"Horário inválido | ","")&IFERROR(IF(AND(ISNUMBER($C5),ISNUMBER($D5),MOD($D5-$C5,1)*1440<=0),"Duração nula ou negativa | ",""),"")&IF(AND($L5>0,OR($R5>=Turno_Min,$S5>Turno_Min)),"Fora da janela do plantão | ","")&IF(AND($L5>0,SUMPRODUCT((Mapa_Sala=$B5)*(Mapa_Data=$A5)*(Mapa_MinOcup>0)*(Mapa_RelIni<$S5)*(Mapa_RelFim>$R5))>1),"Sobreposição de horário na sala | ","")&IFERROR(IF(AND(ISNUMBER($K5),$K5>0,COUNTIF(Esp_Nome,$E5)>0,$K5>3*INDEX(Esp_Dur,MATCH($E5,Esp_Nome,0))),"Duração atípica (>3x a média) | ",""),"")) | R5: =IF(NOT(ISNUMBER($C5)),0,ROUND(MOD($C5-Turno_Ini,1)*1440,0)) | S5: =IF($L5<=0,0,$R5+$K5) | T5: =IF($M5="","",$B5&"#"&$M5) | U5: =ROW()
A6: 46254 | B6: SO-01 | C6: 0.62847222 | D6: 0.71180556 | E6: Ortopedia | F6: =IF($E6="","",IFERROR(INDEX(Esp_Hab,MATCH($E6,Esp_Nome,0)),"—")) | G6: Artroplastia total de quadril | H6: Dra. Fialho | I6: M | J6: Agendada | K6: =IF(OR($B6="",NOT(ISNUMBER($C6)),NOT(ISNUMBER($D6))),"",ROUND(MOD($D6-$C6,1)*1440,0)) | L6: =IF(NOT(ISNUMBER($K6)),0,IF(OR($K6<=0,$J6="Cancelada",$J6="Suspensa"),0,$K6+Limpeza_Min)) | M6: =IF($L6<=0,"",SUMPRODUCT((Mapa_Sala=$B6)*(Mapa_Data=$A6)*(Mapa_MinOcup>0)*((Mapa_RelIni<$R6)+((Mapa_RelIni=$R6)*(Mapa_Row<=$U6))))) | N6: =IF($L6<=0,"",MOD(Turno_Ini+($S6+Limpeza_Min)/1440,1)) | O6: =IF($L6<=0,"",MAX(0,IFERROR(INDEX(Mapa_RelIni,MATCH($B6&"#"&($M6+1),Mapa_Chave,0)),Turno_Min)-($S6+Limpeza_Min))) | P6: =IF($B6="","",IF($Q6="","OK",LEFT($Q6,LEN($Q6)-3))) | Q6: =IF($B6="","",IF(COUNTIF(Postos_Cod,$B6)=0,"Sala não cadastrada | ","")&IF(AND(COUNTIF(Postos_Cod,$B6)>0,IFERROR(INDEX(Postos_Tipo,MATCH($B6,Postos_Cod,0)),"")<>"Sala cirúrgica"),"Posto não é sala cirúrgica | ","")&IF(AND(COUNTIF(Postos_Cod,$B6)>0,IFERROR(INDEX(Postos_Status,MATCH($B6,Postos_Cod,0)),"")<>"Ativo"),"Sala não ativa | ","")&IF(COUNTIF(Esp_Nome,$E6)=0,"Especialidade não cadastrada | ","")&IF(COUNTIF(Lista_StatusCirurgia,$J6)=0,"Status inválido | ","")&IF(OR(NOT(ISNUMBER($C6)),NOT(ISNUMBER($D6))),"Horário inválido | ","")&IFERROR(IF(AND(ISNUMBER($C6),ISNUMBER($D6),MOD($D6-$C6,1)*1440<=0),"Duração nula ou negativa | ",""),"")&IF(AND($L6>0,OR($R6>=Turno_Min,$S6>Turno_Min)),"Fora da janela do plantão | ","")&IF(AND($L6>0,SUMPRODUCT((Mapa_Sala=$B6)*(Mapa_Data=$A6)*(Mapa_MinOcup>0)*(Mapa_RelIni<$S6)*(Mapa_RelFim>$R6))>1),"Sobreposição de horário na sala | ","")&IFERROR(IF(AND(ISNUMBER($K6),$K6>0,COUNTIF(Esp_Nome,$E6)>0,$K6>3*INDEX(Esp_Dur,MATCH($E6,Esp_Nome,0))),"Duração atípica (>3x a média) | ",""),"")) | R6: =IF(NOT(ISNUMBER($C6)),0,ROUND(MOD($C6-Turno_Ini,1)*1440,0)) | S6: =IF($L6<=0,0,$R6+$K6) | T6: =IF($M6="","",$B6&"#"&$M6) | U6: =ROW()
A7: 46254 | B7: SO-02 | C7: 0.29166667 | D7: 0.34722222 | E7: Cirurgia Geral | F7: =IF($E7="","",IFERROR(INDEX(Esp_Hab,MATCH($E7,Esp_Nome,0)),"—")) | G7: Colecistectomia videolaparoscópica | H7: Dra. Bernardes | I7: P | J7: Agendada | K7: =IF(OR($B7="",NOT(ISNUMBER($C7)),NOT(ISNUMBER($D7))),"",ROUND(MOD($D7-$C7,1)*1440,0)) | L7: =IF(NOT(ISNUMBER($K7)),0,IF(OR($K7<=0,$J7="Cancelada",$J7="Suspensa"),0,$K7+Limpeza_Min)) | M7: =IF($L7<=0,"",SUMPRODUCT((Mapa_Sala=$B7)*(Mapa_Data=$A7)*(Mapa_MinOcup>0)*((Mapa_RelIni<$R7)+((Mapa_RelIni=$R7)*(Mapa_Row<=$U7))))) | N7: =IF($L7<=0,"",MOD(Turno_Ini+($S7+Limpeza_Min)/1440,1)) | O7: =IF($L7<=0,"",MAX(0,IFERROR(INDEX(Mapa_RelIni,MATCH($B7&"#"&($M7+1),Mapa_Chave,0)),Turno_Min)-($S7+Limpeza_Min))) | P7: =IF($B7="","",IF($Q7="","OK",LEFT($Q7,LEN($Q7)-3))) | Q7: =IF($B7="","",IF(COUNTIF(Postos_Cod,$B7)=0,"Sala não cadastrada | ","")&IF(AND(COUNTIF(Postos_Cod,$B7)>0,IFERROR(INDEX(Postos_Tipo,MATCH($B7,Postos_Cod,0)),"")<>"Sala cirúrgica"),"Posto não é sala cirúrgica | ","")&IF(AND(COUNTIF(Postos_Cod,$B7)>0,IFERROR(INDEX(Postos_Status,MATCH($B7,Postos_Cod,0)),"")<>"Ativo"),"Sala não ativa | ","")&IF(COUNTIF(Esp_Nome,$E7)=0,"Especialidade não cadastrada | ","")&IF(COUNTIF(Lista_StatusCirurgia,$J7)=0,"Status inválido | ","")&IF(OR(NOT(ISNUMBER($C7)),NOT(ISNUMBER($D7))),"Horário inválido | ","")&IFERROR(IF(AND(ISNUMBER($C7),ISNUMBER($D7),MOD($D7-$C7,1)*1440<=0),"Duração nula ou negativa | ",""),"")&IF(AND($L7>0,OR($R7>=Turno_Min,$S7>Turno_Min)),"Fora da janela do plantão | ","")&IF(AND($L7>0,SUMPRODUCT((Mapa_Sala=$B7)*(Mapa_Data=$A7)*(Mapa_MinOcup>0)*(Mapa_RelIni<$S7)*(Mapa_RelFim>$R7))>1),"Sobreposição de horário na sala | ","")&IFERROR(IF(AND(ISNUMBER($K7),$K7>0,COUNTIF(Esp_Nome,$E7)>0,$K7>3*INDEX(Esp_Dur,MATCH($E7,Esp_Nome,0))),"Duração atípica (>3x a média) | ",""),"")) | R7: =IF(NOT(ISNUMBER($C7)),0,ROUND(MOD($C7-Turno_Ini,1)*1440,0)) | S7: =IF($L7<=0,0,$R7+$K7) | T7: =IF($M7="","",$B7&"#"&$M7) | U7: =ROW()
A8: 46254 | B8: SO-02 | C8: 0.36111111 | D8: 0.45138889 | E8: Cirurgia Bariátrica | F8: =IF($E8="","",IFERROR(INDEX(Esp_Hab,MATCH($E8,Esp_Nome,0)),"—")) | G8: Gastrectomia vertical | H8: Dr. Coelho | I8: M | J8: Agendada | K8: =IF(OR($B8="",NOT(ISNUMBER($C8)),NOT(ISNUMBER($D8))),"",ROUND(MOD($D8-$C8,1)*1440,0)) | L8: =IF(NOT(ISNUMBER($K8)),0,IF(OR($K8<=0,$J8="Cancelada",$J8="Suspensa"),0,$K8+Limpeza_Min)) | M8: =IF($L8<=0,"",SUMPRODUCT((Mapa_Sala=$B8)*(Mapa_Data=$A8)*(Mapa_MinOcup>0)*((Mapa_RelIni<$R8)+((Mapa_RelIni=$R8)*(Mapa_Row<=$U8))))) | N8: =IF($L8<=0,"",MOD(Turno_Ini+($S8+Limpeza_Min)/1440,1)) | O8: =IF($L8<=0,"",MAX(0,IFERROR(INDEX(Mapa_RelIni,MATCH($B8&"#"&($M8+1),Mapa_Chave,0)),Turno_Min)-($S8+Limpeza_Min))) | P8: =IF($B8="","",IF($Q8="","OK",LEFT($Q8,LEN($Q8)-3))) | Q8: =IF($B8="","",IF(COUNTIF(Postos_Cod,$B8)=0,"Sala não cadastrada | ","")&IF(AND(COUNTIF(Postos_Cod,$B8)>0,IFERROR(INDEX(Postos_Tipo,MATCH($B8,Postos_Cod,0)),"")<>"Sala cirúrgica"),"Posto não é sala cirúrgica | ","")&IF(AND(COUNTIF(Postos_Cod,$B8)>0,IFERROR(INDEX(Postos_Status,MATCH($B8,Postos_Cod,0)),"")<>"Ativo"),"Sala não ativa | ","")&IF(COUNTIF(Esp_Nome,$E8)=0,"Especialidade não cadastrada | ","")&IF(COUNTIF(Lista_StatusCirurgia,$J8)=0,"Status inválido | ","")&IF(OR(NOT(ISNUMBER($C8)),NOT(ISNUMBER($D8))),"Horário inválido | ","")&IFERROR(IF(AND(ISNUMBER($C8),ISNUMBER($D8),MOD($D8-$C8,1)*1440<=0),"Duração nula ou negativa | ",""),"")&IF(AND($L8>0,OR($R8>=Turno_Min,$S8>Turno_Min)),"Fora da janela do plantão | ","")&IF(AND($L8>0,SUMPRODUCT((Mapa_Sala=$B8)*(Mapa_Data=$A8)*(Mapa_MinOcup>0)*(Mapa_RelIni<$S8)*(Mapa_RelFim>$R8))>1),"Sobreposição de horário na sala | ","")&IFERROR(IF(AND(ISNUMBER($K8),$K8>0,COUNTIF(Esp_Nome,$E8)>0,$K8>3*INDEX(Esp_Dur,MATCH($E8,Esp_Nome,0))),"Duração atípica (>3x a média) | ",""),"")) | R8: =IF(NOT(ISNUMBER($C8)),0,ROUND(MOD($C8-Turno_Ini,1)*1440,0)) | S8: =IF($L8<=0,0,$R8+$K8) | T8: =IF($M8="","",$B8&"#"&$M8) | U8: =ROW()
A9: 46254 | B9: SO-02 | C9: 0.50694444 | D9: 0.55208333 | E9: Cirurgia Pediátrica | F9: =IF($E9="","",IFERROR(INDEX(Esp_Hab,MATCH($E9,Esp_Nome,0)),"—")) | G9: Postectomia | H9: Dra. Delgado | I9: P | J9: Cancelada | K9: =IF(OR($B9="",NOT(ISNUMBER($C9)),NOT(ISNUMBER($D9))),"",ROUND(MOD($D9-$C9,1)*1440,0)) | L9: =IF(NOT(ISNUMBER($K9)),0,IF(OR($K9<=0,$J9="Cancelada",$J9="Suspensa"),0,$K9+Limpeza_Min)) | M9: =IF($L9<=0,"",SUMPRODUCT((Mapa_Sala=$B9)*(Mapa_Data=$A9)*(Mapa_MinOcup>0)*((Mapa_RelIni<$R9)+((Mapa_RelIni=$R9)*(Mapa_Row<=$U9))))) | N9: =IF($L9<=0,"",MOD(Turno_Ini+($S9+Limpeza_Min)/1440,1)) | O9: =IF($L9<=0,"",MAX(0,IFERROR(INDEX(Mapa_RelIni,MATCH($B9&"#"&($M9+1),Mapa_Chave,0)),Turno_Min)-($S9+Limpeza_Min))) | P9: =IF($B9="","",IF($Q9="","OK",LEFT($Q9,LEN($Q9)-3))) | Q9: =IF($B9="","",IF(COUNTIF(Postos_Cod,$B9)=0,"Sala não cadastrada | ","")&IF(AND(COUNTIF(Postos_Cod,$B9)>0,IFERROR(INDEX(Postos_Tipo,MATCH($B9,Postos_Cod,0)),"")<>"Sala cirúrgica"),"Posto não é sala cirúrgica | ","")&IF(AND(COUNTIF(Postos_Cod,$B9)>0,IFERROR(INDEX(Postos_Status,MATCH($B9,Postos_Cod,0)),"")<>"Ativo"),"Sala não ativa | ","")&IF(COUNTIF(Esp_Nome,$E9)=0,"Especialidade não cadastrada | ","")&IF(COUNTIF(Lista_StatusCirurgia,$J9)=0,"Status inválido | ","")&IF(OR(NOT(ISNUMBER($C9)),NOT(ISNUMBER($D9))),"Horário inválido | ","")&IFERROR(IF(AND(ISNUMBER($C9),ISNUMBER($D9),MOD($D9-$C9,1)*1440<=0),"Duração nula ou negativa | ",""),"")&IF(AND($L9>0,OR($R9>=Turno_Min,$S9>Turno_Min)),"Fora da janela do plantão | ","")&IF(AND($L9>0,SUMPRODUCT((Mapa_Sala=$B9)*(Mapa_Data=$A9)*(Mapa_MinOcup>0)*(Mapa_RelIni<$S9)*(Mapa_RelFim>$R9))>1),"Sobreposição de horário na sala | ","")&IFERROR(IF(AND(ISNUMBER($K9),$K9>0,COUNTIF(Esp_Nome,$E9)>0,$K9>3*INDEX(Esp_Dur,MATCH($E9,Esp_Nome,0))),"Duração atípica (>3x a média) | ",""),"")) | R9: =IF(NOT(ISNUMBER($C9)),0,ROUND(MOD($C9-Turno_Ini,1)*1440,0)) | S9: =IF($L9<=0,0,$R9+$K9) | T9: =IF($M9="","",$B9&"#"&$M9) | U9: =ROW()
A10: 46254 | B10: SO-02 | C10: 0.56597222 | D10: 0.63194444 | E10: Cirurgia Geral | F10: =IF($E10="","",IFERROR(INDEX(Esp_Hab,MATCH($E10,Esp_Nome,0)),"—")) | G10: Colecistectomia videolaparoscópica | H10: Dr. Esteves | I10: M | J10: Agendada | K10: =IF(OR($B10="",NOT(ISNUMBER($C10)),NOT(ISNUMBER($D10))),"",ROUND(MOD($D10-$C10,1)*1440,0)) | L10: =IF(NOT(ISNUMBER($K10)),0,IF(OR($K10<=0,$J10="Cancelada",$J10="Suspensa"),0,$K10+Limpeza_Min)) | M10: =IF($L10<=0,"",SUMPRODUCT((Mapa_Sala=$B10)*(Mapa_Data=$A10)*(Mapa_MinOcup>0)*((Mapa_RelIni<$R10)+((Mapa_RelIni=$R10)*(Mapa_Row<=$U10))))) | N10: =IF($L10<=0,"",MOD(Turno_Ini+($S10+Limpeza_Min)/1440,1)) | O10: =IF($L10<=0,"",MAX(0,IFERROR(INDEX(Mapa_RelIni,MATCH($B10&"#"&($M10+1),Mapa_Chave,0)),Turno_Min)-($S10+Limpeza_Min))) | P10: =IF($B10="","",IF($Q10="","OK",LEFT($Q10,LEN($Q10)-3))) | Q10: =IF($B10="","",IF(COUNTIF(Postos_Cod,$B10)=0,"Sala não cadastrada | ","")&IF(AND(COUNTIF(Postos_Cod,$B10)>0,IFERROR(INDEX(Postos_Tipo,MATCH($B10,Postos_Cod,0)),"")<>"Sala cirúrgica"),"Posto não é sala cirúrgica | ","")&IF(AND(COUNTIF(Postos_Cod,$B10)>0,IFERROR(INDEX(Postos_Status,MATCH($B10,Postos_Cod,0)),"")<>"Ativo"),"Sala não ativa | ","")&IF(COUNTIF(Esp_Nome,$E10)=0,"Especialidade não cadastrada | ","")&IF(COUNTIF(Lista_StatusCirurgia,$J10)=0,"Status inválido | ","")&IF(OR(NOT(ISNUMBER($C10)),NOT(ISNUMBER($D10))),"Horário inválido | ","")&IFERROR(IF(AND(ISNUMBER($C10),ISNUMBER($D10),MOD($D10-$C10,1)*1440<=0),"Duração nula ou negativa | ",""),"")&IF(AND($L10>0,OR($R10>=Turno_Min,$S10>Turno_Min)),"Fora da janela do plantão | ","")&IF(AND($L10>0,SUMPRODUCT((Mapa_Sala=$B10)*(Mapa_Data=$A10)*(Mapa_MinOcup>0)*(Mapa_RelIni<$S10)*(Mapa_RelFim>$R10))>1),"Sobreposição de horário na sala | ","")&IFERROR(IF(AND(ISNUMBER($K10),$K10>0,COUNTIF(Esp_Nome,$E10)>0,$K10>3*INDEX(Esp_Dur,MATCH($E10,Esp_Nome,0))),"Duração atípica (>3x a média) | ",""),"")) | R10: =IF(NOT(ISNUMBER($C10)),0,ROUND(MOD($C10-Turno_Ini,1)*1440,0)) | S10: =IF($L10<=0,0,$R10+$K10) | T10: =IF($M10="","",$B10&"#"&$M10) | U10: =ROW()
A11: 46254 | B11: SO-02 | C11: 0.64583333 | D11: 0.73958333 | E11: Cirurgia Bariátrica | F11: =IF($E11="","",IFERROR(INDEX(Esp_Hab,MATCH($E11,Esp_Nome,0)),"—")) | G11: Gastroplastia em Y de Roux | H11: Dra. Fialho | I11: M | J11: Agendada | K11: =IF(OR($B11="",NOT(ISNUMBER($C11)),NOT(ISNUMBER($D11))),"",ROUND(MOD($D11-$C11,1)*1440,0)) | L11: =IF(NOT(ISNUMBER($K11)),0,IF(OR($K11<=0,$J11="Cancelada",$J11="Suspensa"),0,$K11+Limpeza_Min)) | M11: =IF($L11<=0,"",SUMPRODUCT((Mapa_Sala=$B11)*(Mapa_Data=$A11)*(Mapa_MinOcup>0)*((Mapa_RelIni<$R11)+((Mapa_RelIni=$R11)*(Mapa_Row<=$U11))))) | N11: =IF($L11<=0,"",MOD(Turno_Ini+($S11+Limpeza_Min)/1440,1)) | O11: =IF($L11<=0,"",MAX(0,IFERROR(INDEX(Mapa_RelIni,MATCH($B11&"#"&($M11+1),Mapa_Chave,0)),Turno_Min)-($S11+Limpeza_Min))) | P11: =IF($B11="","",IF($Q11="","OK",LEFT($Q11,LEN($Q11)-3))) | Q11: =IF($B11="","",IF(COUNTIF(Postos_Cod,$B11)=0,"Sala não cadastrada | ","")&IF(AND(COUNTIF(Postos_Cod,$B11)>0,IFERROR(INDEX(Postos_Tipo,MATCH($B11,Postos_Cod,0)),"")<>"Sala cirúrgica"),"Posto não é sala cirúrgica | ","")&IF(AND(COUNTIF(Postos_Cod,$B11)>0,IFERROR(INDEX(Postos_Status,MATCH($B11,Postos_Cod,0)),"")<>"Ativo"),"Sala não ativa | ","")&IF(COUNTIF(Esp_Nome,$E11)=0,"Especialidade não cadastrada | ","")&IF(COUNTIF(Lista_StatusCirurgia,$J11)=0,"Status inválido | ","")&IF(OR(NOT(ISNUMBER($C11)),NOT(ISNUMBER($D11))),"Horário inválido | ","")&IFERROR(IF(AND(ISNUMBER($C11),ISNUMBER($D11),MOD($D11-$C11,1)*1440<=0),"Duração nula ou negativa | ",""),"")&IF(AND($L11>0,OR($R11>=Turno_Min,$S11>Turno_Min)),"Fora da janela do plantão | ","")&IF(AND($L11>0,SUMPRODUCT((Mapa_Sala=$B11)*(Mapa_Data=$A11)*(Mapa_MinOcup>0)*(Mapa_RelIni<$S11)*(Mapa_RelFim>$R11))>1),"Sobreposição de horário na sala | ","")&IFERROR(IF(AND(ISNUMBER($K11),$K11>0,COUNTIF(Esp_Nome,$E11)>0,$K11>3*INDEX(Esp_Dur,MATCH($E11,Esp_Nome,0))),"Duração atípica (>3x a média) | ",""),"")) | R11: =IF(NOT(ISNUMBER($C11)),0,ROUND(MOD($C11-Turno_Ini,1)*1440,0)) | S11: =IF($L11<=0,0,$R11+$K11) | T11: =IF($M11="","",$B11&"#"&$M11) | U11: =ROW()
A12: 46254 | B12: SO-03 | C12: 0.29166667 | D12: 0.46527778 | E12: Neurocirurgia | F12: =IF($E12="","",IFERROR(INDEX(Esp_Hab,MATCH($E12,Esp_Nome,0)),"—")) | G12: Craniotomia para tumor | H12: Dra. Hirano | I12: G | J12: Agendada | K12: =IF(OR($B12="",NOT(ISNUMBER($C12)),NOT(ISNUMBER($D12))),"",ROUND(MOD($D12-$C12,1)*1440,0)) | L12: =IF(NOT(ISNUMBER($K12)),0,IF(OR($K12<=0,$J12="Cancelada",$J12="Suspensa"),0,$K12+Limpeza_Min)) | M12: =IF($L12<=0,"",SUMPRODUCT((Mapa_Sala=$B12)*(Mapa_Data=$A12)*(Mapa_MinOcup>0)*((Mapa_RelIni<$R12)+((Mapa_RelIni=$R12)*(Mapa_Row<=$U12))))) | N12: =IF($L12<=0,"",MOD(Turno_Ini+($S12+Limpeza_Min)/1440,1)) | O12: =IF($L12<=0,"",MAX(0,IFERROR(INDEX(Mapa_RelIni,MATCH($B12&"#"&($M12+1),Mapa_Chave,0)),Turno_Min)-($S12+Limpeza_Min))) | P12: =IF($B12="","",IF($Q12="","OK",LEFT($Q12,LEN($Q12)-3))) | Q12: =IF($B12="","",IF(COUNTIF(Postos_Cod,$B12)=0,"Sala não cadastrada | ","")&IF(AND(COUNTIF(Postos_Cod,$B12)>0,IFERROR(INDEX(Postos_Tipo,MATCH($B12,Postos_Cod,0)),"")<>"Sala cirúrgica"),"Posto não é sala cirúrgica | ","")&IF(AND(COUNTIF(Postos_Cod,$B12)>0,IFERROR(INDEX(Postos_Status,MATCH($B12,Postos_Cod,0)),"")<>"Ativo"),"Sala não ativa | ","")&IF(COUNTIF(Esp_Nome,$E12)=0,"Especialidade não cadastrada | ","")&IF(COUNTIF(Lista_StatusCirurgia,$J12)=0,"Status inválido | ","")&IF(OR(NOT(ISNUMBER($C12)),NOT(ISNUMBER($D12))),"Horário inválido | ","")&IFERROR(IF(AND(ISNUMBER($C12),ISNUMBER($D12),MOD($D12-$C12,1)*1440<=0),"Duração nula ou negativa | ",""),"")&IF(AND($L12>0,OR($R12>=Turno_Min,$S12>Turno_Min)),"Fora da janela do plantão | ","")&IF(AND($L12>0,SUMPRODUCT((Mapa_Sala=$B12)*(Mapa_Data=$A12)*(Mapa_MinOcup>0)*(Mapa_RelIni<$S12)*(Mapa_RelFim>$R12))>1),"Sobreposição de horário na sala | ","")&IFERROR(IF(AND(ISNUMBER($K12),$K12>0,COUNTIF(Esp_Nome,$E12)>0,$K12>3*INDEX(Esp_Dur,MATCH($E12,Esp_Nome,0))),"Duração atípica (>3x a média) | ",""),"")) | R12: =IF(NOT(ISNUMBER($C12)),0,ROUND(MOD($C12-Turno_Ini,1)*1440,0)) | S12: =IF($L12<=0,0,$R12+$K12) | T12: =IF($M12="","",$B12&"#"&$M12) | U12: =ROW()
A13: 46254 | B13: SO-03 | C13: 0.47916667 | D13: 0.62152778 | E13: Neurocirurgia | F13: =IF($E13="","",IFERROR(INDEX(Esp_Hab,MATCH($E13,Esp_Nome,0)),"—")) | G13: Artrodese lombar | H13: Dr. Iglesias | I13: G | J13: Agendada | K13: =IF(OR($B13="",NOT(ISNUMBER($C13)),NOT(ISNUMBER($D13))),"",ROUND(MOD($D13-$C13,1)*1440,0)) | L13: =IF(NOT(ISNUMBER($K13)),0,IF(OR($K13<=0,$J13="Cancelada",$J13="Suspensa"),0,$K13+Limpeza_Min)) | M13: =IF($L13<=0,"",SUMPRODUCT((Mapa_Sala=$B13)*(Mapa_Data=$A13)*(Mapa_MinOcup>0)*((Mapa_RelIni<$R13)+((Mapa_RelIni=$R13)*(Mapa_Row<=$U13))))) | N13: =IF($L13<=0,"",MOD(Turno_Ini+($S13+Limpeza_Min)/1440,1)) | O13: =IF($L13<=0,"",MAX(0,IFERROR(INDEX(Mapa_RelIni,MATCH($B13&"#"&($M13+1),Mapa_Chave,0)),Turno_Min)-($S13+Limpeza_Min))) | P13: =IF($B13="","",IF($Q13="","OK",LEFT($Q13,LEN($Q13)-3))) | Q13: =IF($B13="","",IF(COUNTIF(Postos_Cod,$B13)=0,"Sala não cadastrada | ","")&IF(AND(COUNTIF(Postos_Cod,$B13)>0,IFERROR(INDEX(Postos_Tipo,MATCH($B13,Postos_Cod,0)),"")<>"Sala cirúrgica"),"Posto não é sala cirúrgica | ","")&IF(AND(COUNTIF(Postos_Cod,$B13)>0,IFERROR(INDEX(Postos_Status,MATCH($B13,Postos_Cod,0)),"")<>"Ativo"),"Sala não ativa | ","")&IF(COUNTIF(Esp_Nome,$E13)=0,"Especialidade não cadastrada | ","")&IF(COUNTIF(Lista_StatusCirurgia,$J13)=0,"Status inválido | ","")&IF(OR(NOT(ISNUMBER($C13)),NOT(ISNUMBER($D13))),"Horário inválido | ","")&IFERROR(IF(AND(ISNUMBER($C13),ISNUMBER($D13),MOD($D13-$C13,1)*1440<=0),"Duração nula ou negativa | ",""),"")&IF(AND($L13>0,OR($R13>=Turno_Min,$S13>Turno_Min)),"Fora da janela do plantão | ","")&IF(AND($L13>0,SUMPRODUCT((Mapa_Sala=$B13)*(Mapa_Data=$A13)*(Mapa_MinOcup>0)*(Mapa_RelIni<$S13)*(Mapa_RelFim>$R13))>1),"Sobreposição de horário na sala | ","")&IFERROR(IF(AND(ISNUMBER($K13),$K13>0,COUNTIF(Esp_Nome,$E13)>0,$K13>3*INDEX(Esp_Dur,MATCH($E13,Esp_Nome,0))),"Duração atípica (>3x a média) | ",""),"")) | R13: =IF(NOT(ISNUMBER($C13)),0,ROUND(MOD($C13-Turno_Ini,1)*1440,0)) | S13: =IF($L13<=0,0,$R13+$K13) | T13: =IF($M13="","",$B13&"#"&$M13) | U13: =ROW()
... A34: 46254 | B34: SO-08 | C34: 0.61458333 | D34: 0.69791667 | E34: Buco-Maxilo-Facial | F34: =IF($E34="","",IFERROR(INDEX(Esp_Hab,MATCH($E34,Esp_Nome,0)),"—")) | G34: Osteotomia mandibular | H34: Dra. Hirano | I34: M | J34: Agendada | K34: =IF(OR($B34="",NOT(ISNUMBER($C34)),NOT(ISNUMBER($D34))),"",ROUND(MOD($D34-$C34,1)*1440,0)) | L34: =IF(NOT(ISNUMBER($K34)),0,IF(OR($K34<=0,$J34="Cancelada",$J34="Suspensa"),0,$K34+Limpeza_Min)) | M34: =IF($L34<=0,"",SUMPRODUCT((Mapa_Sala=$B34)*(Mapa_Data=$A34)*(Mapa_MinOcup>0)*((Mapa_RelIni<$R34)+((Mapa_RelIni=$R34)*(Mapa_Row<=$U34))))) | N34: =IF($L34<=0,"",MOD(Turno_Ini+($S34+Limpeza_Min)/1440,1)) | O34: =IF($L34<=0,"",MAX(0,IFERROR(INDEX(Mapa_RelIni,MATCH($B34&"#"&($M34+1),Mapa_Chave,0)),Turno_Min)-($S34+Limpeza_Min))) | P34: =IF($B34="","",IF($Q34="","OK",LEFT($Q34,LEN($Q34)-3))) | Q34: =IF($B34="","",IF(COUNTIF(Postos_Cod,$B34)=0,"Sala não cadastrada | ","")&IF(AND(COUNTIF(Postos_Cod,$B34)>0,IFERROR(INDEX(Postos_Tipo,MATCH($B34,Postos_Cod,0)),"")<>"Sala cirúrgica"),"Posto não é sala cirúrgica | ","")&IF(AND(COUNTIF(Postos_Cod,$B34)>0,IFERROR(INDEX(Postos_Status,MATCH($B34,Postos_Cod,0)),"")<>"Ativo"),"Sala não ativa | ","")&IF(COUNTIF(Esp_Nome,$E34)=0,"Especialidade não cadastrada | ","")&IF(COUNTIF(Lista_StatusCirurgia,$J34)=0,"Status inválido | ","")&IF(OR(NOT(ISNUMBER($C34)),NOT(ISNUMBER($D34))),"Horário inválido | ","")&IFERROR(IF(AND(ISNUMBER($C34),ISNUMBER($D34),MOD($D34-$C34,1)*1440<=0),"Duração nula ou negativa | ",""),"")&IF(AND($L34>0,OR($R34>=Turno_Min,$S34>Turno_Min)),"Fora da janela do plantão | ","")&IF(AND($L34>0,SUMPRODUCT((Mapa_Sala=$B34)*(Mapa_Data=$A34)*(Mapa_MinOcup>0)*(Mapa_RelIni<$S34)*(Mapa_RelFim>$R34))>1),"Sobreposição de horário na sala | ","")&IFERROR(IF(AND(ISNUMBER($K34),$K34>0,COUNTIF(Esp_Nome,$E34)>0,$K34>3*INDEX(Esp_Dur,MATCH($E34,Esp_Nome,0))),"Duração atípica (>3x a média) | ",""),"")) | R34: =IF(NOT(ISNUMBER($C34)),0,ROUND(MOD($C34-Turno_Ini,1)*1440,0)) | S34: =IF($L34<=0,0,$R34+$K34) | T34: =IF($M34="","",$B34&"#"&$M34) | U34: =ROW()
F35: =IF($E35="","",IFERROR(INDEX(Esp_Hab,MATCH($E35,Esp_Nome,0)),"—")) | K35: =IF(OR($B35="",NOT(ISNUMBER($C35)),NOT(ISNUMBER($D35))),"",ROUND(MOD($D35-$C35,1)*1440,0)) | L35: =IF(NOT(ISNUMBER($K35)),0,IF(OR($K35<=0,$J35="Cancelada",$J35="Suspensa"),0,$K35+Limpeza_Min)) | M35: =IF($L35<=0,"",SUMPRODUCT((Mapa_Sala=$B35)*(Mapa_Data=$A35)*(Mapa_MinOcup>0)*((Mapa_RelIni<$R35)+((Mapa_RelIni=$R35)*(Mapa_Row<=$U35))))) | N35: =IF($L35<=0,"",MOD(Turno_Ini+($S35+Limpeza_Min)/1440,1)) | O35: =IF($L35<=0,"",MAX(0,IFERROR(INDEX(Mapa_RelIni,MATCH($B35&"#"&($M35+1),Mapa_Chave,0)),Turno_Min)-($S35+Limpeza_Min))) | P35: =IF($B35="","",IF($Q35="","OK",LEFT($Q35,LEN($Q35)-3))) | Q35: =IF($B35="","",IF(COUNTIF(Postos_Cod,$B35)=0,"Sala não cadastrada | ","")&IF(AND(COUNTIF(Postos_Cod,$B35)>0,IFERROR(INDEX(Postos_Tipo,MATCH($B35,Postos_Cod,0)),"")<>"Sala cirúrgica"),"Posto não é sala cirúrgica | ","")&IF(AND(COUNTIF(Postos_Cod,$B35)>0,IFERROR(INDEX(Postos_Status,MATCH($B35,Postos_Cod,0)),"")<>"Ativo"),"Sala não ativa | ","")&IF(COUNTIF(Esp_Nome,$E35)=0,"Especialidade não cadastrada | ","")&IF(COUNTIF(Lista_StatusCirurgia,$J35)=0,"Status inválido | ","")&IF(OR(NOT(ISNUMBER($C35)),NOT(ISNUMBER($D35))),"Horário inválido | ","")&IFERROR(IF(AND(ISNUMBER($C35),ISNUMBER($D35),MOD($D35-$C35,1)*1440<=0),"Duração nula ou negativa | ",""),"")&IF(AND($L35>0,OR($R35>=Turno_Min,$S35>Turno_Min)),"Fora da janela do plantão | ","")&IF(AND($L35>0,SUMPRODUCT((Mapa_Sala=$B35)*(Mapa_Data=$A35)*(Mapa_MinOcup>0)*(Mapa_RelIni<$S35)*(Mapa_RelFim>$R35))>1),"Sobreposição de horário na sala | ","")&IFERROR(IF(AND(ISNUMBER($K35),$K35>0,COUNTIF(Esp_Nome,$E35)>0,$K35>3*INDEX(Esp_Dur,MATCH($E35,Esp_Nome,0))),"Duração atípica (>3x a média) | ",""),"")) | R35: =IF(NOT(ISNUMBER($C35)),0,ROUND(MOD($C35-Turno_Ini,1)*1440,0)) | S35: =IF($L35<=0,0,$R35+$K35) | T35: =IF($M35="","",$B35&"#"&$M35) | U35: =ROW()
F36: =IF($E36="","",IFERROR(INDEX(Esp_Hab,MATCH($E36,Esp_Nome,0)),"—")) | K36: =IF(OR($B36="",NOT(ISNUMBER($C36)),NOT(ISNUMBER($D36))),"",ROUND(MOD($D36-$C36,1)*1440,0)) | L36: =IF(NOT(ISNUMBER($K36)),0,IF(OR($K36<=0,$J36="Cancelada",$J36="Suspensa"),0,$K36+Limpeza_Min)) | M36: =IF($L36<=0,"",SUMPRODUCT((Mapa_Sala=$B36)*(Mapa_Data=$A36)*(Mapa_MinOcup>0)*((Mapa_RelIni<$R36)+((Mapa_RelIni=$R36)*(Mapa_Row<=$U36))))) | N36: =IF($L36<=0,"",MOD(Turno_Ini+($S36+Limpeza_Min)/1440,1)) | O36: =IF($L36<=0,"",MAX(0,IFERROR(INDEX(Mapa_RelIni,MATCH($B36&"#"&($M36+1),Mapa_Chave,0)),Turno_Min)-($S36+Limpeza_Min))) | P36: =IF($B36="","",IF($Q36="","OK",LEFT($Q36,LEN($Q36)-3))) | Q36: =IF($B36="","",IF(COUNTIF(Postos_Cod,$B36)=0,"Sala não cadastrada | ","")&IF(AND(COUNTIF(Postos_Cod,$B36)>0,IFERROR(INDEX(Postos_Tipo,MATCH($B36,Postos_Cod,0)),"")<>"Sala cirúrgica"),"Posto não é sala cirúrgica | ","")&IF(AND(COUNTIF(Postos_Cod,$B36)>0,IFERROR(INDEX(Postos_Status,MATCH($B36,Postos_Cod,0)),"")<>"Ativo"),"Sala não ativa | ","")&IF(COUNTIF(Esp_Nome,$E36)=0,"Especialidade não cadastrada | ","")&IF(COUNTIF(Lista_StatusCirurgia,$J36)=0,"Status inválido | ","")&IF(OR(NOT(ISNUMBER($C36)),NOT(ISNUMBER($D36))),"Horário inválido | ","")&IFERROR(IF(AND(ISNUMBER($C36),ISNUMBER($D36),MOD($D36-$C36,1)*1440<=0),"Duração nula ou negativa | ",""),"")&IF(AND($L36>0,OR($R36>=Turno_Min,$S36>Turno_Min)),"Fora da janela do plantão | ","")&IF(AND($L36>0,SUMPRODUCT((Mapa_Sala=$B36)*(Mapa_Data=$A36)*(Mapa_MinOcup>0)*(Mapa_RelIni<$S36)*(Mapa_RelFim>$R36))>1),"Sobreposição de horário na sala | ","")&IFERROR(IF(AND(ISNUMBER($K36),$K36>0,COUNTIF(Esp_Nome,$E36)>0,$K36>3*INDEX(Esp_Dur,MATCH($E36,Esp_Nome,0))),"Duração atípica (>3x a média) | ",""),"")) | R36: =IF(NOT(ISNUMBER($C36)),0,ROUND(MOD($C36-Turno_Ini,1)*1440,0)) | S36: =IF($L36<=0,0,$R36+$K36) | T36: =IF($M36="","",$B36&"#"&$M36) | U36: =ROW()
F37: =IF($E37="","",IFERROR(INDEX(Esp_Hab,MATCH($E37,Esp_Nome,0)),"—")) | K37: =IF(OR($B37="",NOT(ISNUMBER($C37)),NOT(ISNUMBER($D37))),"",ROUND(MOD($D37-$C37,1)*1440,0)) | L37: =IF(NOT(ISNUMBER($K37)),0,IF(OR($K37<=0,$J37="Cancelada",$J37="Suspensa"),0,$K37+Limpeza_Min)) | M37: =IF($L37<=0,"",SUMPRODUCT((Mapa_Sala=$B37)*(Mapa_Data=$A37)*(Mapa_MinOcup>0)*((Mapa_RelIni<$R37)+((Mapa_RelIni=$R37)*(Mapa_Row<=$U37))))) | N37: =IF($L37<=0,"",MOD(Turno_Ini+($S37+Limpeza_Min)/1440,1)) | O37: =IF($L37<=0,"",MAX(0,IFERROR(INDEX(Mapa_RelIni,MATCH($B37&"#"&($M37+1),Mapa_Chave,0)),Turno_Min)-($S37+Limpeza_Min))) | P37: =IF($B37="","",IF($Q37="","OK",LEFT($Q37,LEN($Q37)-3))) | Q37: =IF($B37="","",IF(COUNTIF(Postos_Cod,$B37)=0,"Sala não cadastrada | ","")&IF(AND(COUNTIF(Postos_Cod,$B37)>0,IFERROR(INDEX(Postos_Tipo,MATCH($B37,Postos_Cod,0)),"")<>"Sala cirúrgica"),"Posto não é sala cirúrgica | ","")&IF(AND(COUNTIF(Postos_Cod,$B37)>0,IFERROR(INDEX(Postos_Status,MATCH($B37,Postos_Cod,0)),"")<>"Ativo"),"Sala não ativa | ","")&IF(COUNTIF(Esp_Nome,$E37)=0,"Especialidade não cadastrada | ","")&IF(COUNTIF(Lista_StatusCirurgia,$J37)=0,"Status inválido | ","")&IF(OR(NOT(ISNUMBER($C37)),NOT(ISNUMBER($D37))),"Horário inválido | ","")&IFERROR(IF(AND(ISNUMBER($C37),ISNUMBER($D37),MOD($D37-$C37,1)*1440<=0),"Duração nula ou negativa | ",""),"")&IF(AND($L37>0,OR($R37>=Turno_Min,$S37>Turno_Min)),"Fora da janela do plantão | ","")&IF(AND($L37>0,SUMPRODUCT((Mapa_Sala=$B37)*(Mapa_Data=$A37)*(Mapa_MinOcup>0)*(Mapa_RelIni<$S37)*(Mapa_RelFim>$R37))>1),"Sobreposição de horário na sala | ","")&IFERROR(IF(AND(ISNUMBER($K37),$K37>0,COUNTIF(Esp_Nome,$E37)>0,$K37>3*INDEX(Esp_Dur,MATCH($E37,Esp_Nome,0))),"Duração atípica (>3x a média) | ",""),"")) | R37: =IF(NOT(ISNUMBER($C37)),0,ROUND(MOD($C37-Turno_Ini,1)*1440,0)) | S37: =IF($L37<=0,0,$R37+$K37) | T37: =IF($M37="","",$B37&"#"&$M37) | U37: =ROW()
F38: =IF($E38="","",IFERROR(INDEX(Esp_Hab,MATCH($E38,Esp_Nome,0)),"—")) | K38: =IF(OR($B38="",NOT(ISNUMBER($C38)),NOT(ISNUMBER($D38))),"",ROUND(MOD($D38-$C38,1)*1440,0)) | L38: =IF(NOT(ISNUMBER($K38)),0,IF(OR($K38<=0,$J38="Cancelada",$J38="Suspensa"),0,$K38+Limpeza_Min)) | M38: =IF($L38<=0,"",SUMPRODUCT((Mapa_Sala=$B38)*(Mapa_Data=$A38)*(Mapa_MinOcup>0)*((Mapa_RelIni<$R38)+((Mapa_RelIni=$R38)*(Mapa_Row<=$U38))))) | N38: =IF($L38<=0,"",MOD(Turno_Ini+($S38+Limpeza_Min)/1440,1)) | O38: =IF($L38<=0,"",MAX(0,IFERROR(INDEX(Mapa_RelIni,MATCH($B38&"#"&($M38+1),Mapa_Chave,0)),Turno_Min)-($S38+Limpeza_Min))) | P38: =IF($B38="","",IF($Q38="","OK",LEFT($Q38,LEN($Q38)-3))) | Q38: =IF($B38="","",IF(COUNTIF(Postos_Cod,$B38)=0,"Sala não cadastrada | ","")&IF(AND(COUNTIF(Postos_Cod,$B38)>0,IFERROR(INDEX(Postos_Tipo,MATCH($B38,Postos_Cod,0)),"")<>"Sala cirúrgica"),"Posto não é sala cirúrgica | ","")&IF(AND(COUNTIF(Postos_Cod,$B38)>0,IFERROR(INDEX(Postos_Status,MATCH($B38,Postos_Cod,0)),"")<>"Ativo"),"Sala não ativa | ","")&IF(COUNTIF(Esp_Nome,$E38)=0,"Especialidade não cadastrada | ","")&IF(COUNTIF(Lista_StatusCirurgia,$J38)=0,"Status inválido | ","")&IF(OR(NOT(ISNUMBER($C38)),NOT(ISNUMBER($D38))),"Horário inválido | ","")&IFERROR(IF(AND(ISNUMBER($C38),ISNUMBER($D38),MOD($D38-$C38,1)*1440<=0),"Duração nula ou negativa | ",""),"")&IF(AND($L38>0,OR($R38>=Turno_Min,$S38>Turno_Min)),"Fora da janela do plantão | ","")&IF(AND($L38>0,SUMPRODUCT((Mapa_Sala=$B38)*(Mapa_Data=$A38)*(Mapa_MinOcup>0)*(Mapa_RelIni<$S38)*(Mapa_RelFim>$R38))>1),"Sobreposição de horário na sala | ","")&IFERROR(IF(AND(ISNUMBER($K38),$K38>0,COUNTIF(Esp_Nome,$E38)>0,$K38>3*INDEX(Esp_Dur,MATCH($E38,Esp_Nome,0))),"Duração atípica (>3x a média) | ",""),"")) | R38: =IF(NOT(ISNUMBER($C38)),0,ROUND(MOD($C38-Turno_Ini,1)*1440,0)) | S38: =IF($L38<=0,0,$R38+$K38) | T38: =IF($M38="","",$B38&"#"&$M38) | U38: =ROW()
F39: =IF($E39="","",IFERROR(INDEX(Esp_Hab,MATCH($E39,Esp_Nome,0)),"—")) | K39: =IF(OR($B39="",NOT(ISNUMBER($C39)),NOT(ISNUMBER($D39))),"",ROUND(MOD($D39-$C39,1)*1440,0)) | L39: =IF(NOT(ISNUMBER($K39)),0,IF(OR($K39<=0,$J39="Cancelada",$J39="Suspensa"),0,$K39+Limpeza_Min)) | M39: =IF($L39<=0,"",SUMPRODUCT((Mapa_Sala=$B39)*(Mapa_Data=$A39)*(Mapa_MinOcup>0)*((Mapa_RelIni<$R39)+((Mapa_RelIni=$R39)*(Mapa_Row<=$U39))))) | N39: =IF($L39<=0,"",MOD(Turno_Ini+($S39+Limpeza_Min)/1440,1)) | O39: =IF($L39<=0,"",MAX(0,IFERROR(INDEX(Mapa_RelIni,MATCH($B39&"#"&($M39+1),Mapa_Chave,0)),Turno_Min)-($S39+Limpeza_Min))) | P39: =IF($B39="","",IF($Q39="","OK",LEFT($Q39,LEN($Q39)-3))) | Q39: =IF($B39="","",IF(COUNTIF(Postos_Cod,$B39)=0,"Sala não cadastrada | ","")&IF(AND(COUNTIF(Postos_Cod,$B39)>0,IFERROR(INDEX(Postos_Tipo,MATCH($B39,Postos_Cod,0)),"")<>"Sala cirúrgica"),"Posto não é sala cirúrgica | ","")&IF(AND(COUNTIF(Postos_Cod,$B39)>0,IFERROR(INDEX(Postos_Status,MATCH($B39,Postos_Cod,0)),"")<>"Ativo"),"Sala não ativa | ","")&IF(COUNTIF(Esp_Nome,$E39)=0,"Especialidade não cadastrada | ","")&IF(COUNTIF(Lista_StatusCirurgia,$J39)=0,"Status inválido | ","")&IF(OR(NOT(ISNUMBER($C39)),NOT(ISNUMBER($D39))),"Horário inválido | ","")&IFERROR(IF(AND(ISNUMBER($C39),ISNUMBER($D39),MOD($D39-$C39,1)*1440<=0),"Duração nula ou negativa | ",""),"")&IF(AND($L39>0,OR($R39>=Turno_Min,$S39>Turno_Min)),"Fora da janela do plantão | ","")&IF(AND($L39>0,SUMPRODUCT((Mapa_Sala=$B39)*(Mapa_Data=$A39)*(Mapa_MinOcup>0)*(Mapa_RelIni<$S39)*(Mapa_RelFim>$R39))>1),"Sobreposição de horário na sala | ","")&IFERROR(IF(AND(ISNUMBER($K39),$K39>0,COUNTIF(Esp_Nome,$E39)>0,$K39>3*INDEX(Esp_Dur,MATCH($E39,Esp_Nome,0))),"Duração atípica (>3x a média) | ",""),"")) | R39: =IF(NOT(ISNUMBER($C39)),0,ROUND(MOD($C39-Turno_Ini,1)*1440,0)) | S39: =IF($L39<=0,0,$R39+$K39) | T39: =IF($M39="","",$B39&"#"&$M39) | U39: =ROW()
F40: =IF($E40="","",IFERROR(INDEX(Esp_Hab,MATCH($E40,Esp_Nome,0)),"—")) | K40: =IF(OR($B40="",NOT(ISNUMBER($C40)),NOT(ISNUMBER($D40))),"",ROUND(MOD($D40-$C40,1)*1440,0)) | L40: =IF(NOT(ISNUMBER($K40)),0,IF(OR($K40<=0,$J40="Cancelada",$J40="Suspensa"),0,$K40+Limpeza_Min)) | M40: =IF($L40<=0,"",SUMPRODUCT((Mapa_Sala=$B40)*(Mapa_Data=$A40)*(Mapa_MinOcup>0)*((Mapa_RelIni<$R40)+((Mapa_RelIni=$R40)*(Mapa_Row<=$U40))))) | N40: =IF($L40<=0,"",MOD(Turno_Ini+($S40+Limpeza_Min)/1440,1)) | O40: =IF($L40<=0,"",MAX(0,IFERROR(INDEX(Mapa_RelIni,MATCH($B40&"#"&($M40+1),Mapa_Chave,0)),Turno_Min)-($S40+Limpeza_Min))) | P40: =IF($B40="","",IF($Q40="","OK",LEFT($Q40,LEN($Q40)-3))) | Q40: =IF($B40="","",IF(COUNTIF(Postos_Cod,$B40)=0,"Sala não cadastrada | ","")&IF(AND(COUNTIF(Postos_Cod,$B40)>0,IFERROR(INDEX(Postos_Tipo,MATCH($B40,Postos_Cod,0)),"")<>"Sala cirúrgica"),"Posto não é sala cirúrgica | ","")&IF(AND(COUNTIF(Postos_Cod,$B40)>0,IFERROR(INDEX(Postos_Status,MATCH($B40,Postos_Cod,0)),"")<>"Ativo"),"Sala não ativa | ","")&IF(COUNTIF(Esp_Nome,$E40)=0,"Especialidade não cadastrada | ","")&IF(COUNTIF(Lista_StatusCirurgia,$J40)=0,"Status inválido | ","")&IF(OR(NOT(ISNUMBER($C40)),NOT(ISNUMBER($D40))),"Horário inválido | ","")&IFERROR(IF(AND(ISNUMBER($C40),ISNUMBER($D40),MOD($D40-$C40,1)*1440<=0),"Duração nula ou negativa | ",""),"")&IF(AND($L40>0,OR($R40>=Turno_Min,$S40>Turno_Min)),"Fora da janela do plantão | ","")&IF(AND($L40>0,SUMPRODUCT((Mapa_Sala=$B40)*(Mapa_Data=$A40)*(Mapa_MinOcup>0)*(Mapa_RelIni<$S40)*(Mapa_RelFim>$R40))>1),"Sobreposição de horário na sala | ","")&IFERROR(IF(AND(ISNUMBER($K40),$K40>0,COUNTIF(Esp_Nome,$E40)>0,$K40>3*INDEX(Esp_Dur,MATCH($E40,Esp_Nome,0))),"Duração atípica (>3x a média) | ",""),"")) | R40: =IF(NOT(ISNUMBER($C40)),0,ROUND(MOD($C40-Turno_Ini,1)*1440,0)) | S40: =IF($L40<=0,0,$R40+$K40) | T40: =IF($M40="","",$B40&"#"&$M40) | U40: =ROW()
F41: =IF($E41="","",IFERROR(INDEX(Esp_Hab,MATCH($E41,Esp_Nome,0)),"—")) | K41: =IF(OR($B41="",NOT(ISNUMBER($C41)),NOT(ISNUMBER($D41))),"",ROUND(MOD($D41-$C41,1)*1440,0)) | L41: =IF(NOT(ISNUMBER($K41)),0,IF(OR($K41<=0,$J41="Cancelada",$J41="Suspensa"),0,$K41+Limpeza_Min)) | M41: =IF($L41<=0,"",SUMPRODUCT((Mapa_Sala=$B41)*(Mapa_Data=$A41)*(Mapa_MinOcup>0)*((Mapa_RelIni<$R41)+((Mapa_RelIni=$R41)*(Mapa_Row<=$U41))))) | N41: =IF($L41<=0,"",MOD(Turno_Ini+($S41+Limpeza_Min)/1440,1)) | O41: =IF($L41<=0,"",MAX(0,IFERROR(INDEX(Mapa_RelIni,MATCH($B41&"#"&($M41+1),Mapa_Chave,0)),Turno_Min)-($S41+Limpeza_Min))) | P41: =IF($B41="","",IF($Q41="","OK",LEFT($Q41,LEN($Q41)-3))) | Q41: =IF($B41="","",IF(COUNTIF(Postos_Cod,$B41)=0,"Sala não cadastrada | ","")&IF(AND(COUNTIF(Postos_Cod,$B41)>0,IFERROR(INDEX(Postos_Tipo,MATCH($B41,Postos_Cod,0)),"")<>"Sala cirúrgica"),"Posto não é sala cirúrgica | ","")&IF(AND(COUNTIF(Postos_Cod,$B41)>0,IFERROR(INDEX(Postos_Status,MATCH($B41,Postos_Cod,0)),"")<>"Ativo"),"Sala não ativa | ","")&IF(COUNTIF(Esp_Nome,$E41)=0,"Especialidade não cadastrada | ","")&IF(COUNTIF(Lista_StatusCirurgia,$J41)=0,"Status inválido | ","")&IF(OR(NOT(ISNUMBER($C41)),NOT(ISNUMBER($D41))),"Horário inválido | ","")&IFERROR(IF(AND(ISNUMBER($C41),ISNUMBER($D41),MOD($D41-$C41,1)*1440<=0),"Duração nula ou negativa | ",""),"")&IF(AND($L41>0,OR($R41>=Turno_Min,$S41>Turno_Min)),"Fora da janela do plantão | ","")&IF(AND($L41>0,SUMPRODUCT((Mapa_Sala=$B41)*(Mapa_Data=$A41)*(Mapa_MinOcup>0)*(Mapa_RelIni<$S41)*(Mapa_RelFim>$R41))>1),"Sobreposição de horário na sala | ","")&IFERROR(IF(AND(ISNUMBER($K41),$K41>0,COUNTIF(Esp_Nome,$E41)>0,$K41>3*INDEX(Esp_Dur,MATCH($E41,Esp_Nome,0))),"Duração atípica (>3x a média) | ",""),"")) | R41: =IF(NOT(ISNUMBER($C41)),0,ROUND(MOD($C41-Turno_Ini,1)*1440,0)) | S41: =IF($L41<=0,0,$R41+$K41) | T41: =IF($M41="","",$B41&"#"&$M41) | U41: =ROW()
F42: =IF($E42="","",IFERROR(INDEX(Esp_Hab,MATCH($E42,Esp_Nome,0)),"—")) | K42: =IF(OR($B42="",NOT(ISNUMBER($C42)),NOT(ISNUMBER($D42))),"",ROUND(MOD($D42-$C42,1)*1440,0)) | L42: =IF(NOT(ISNUMBER($K42)),0,IF(OR($K42<=0,$J42="Cancelada",$J42="Suspensa"),0,$K42+Limpeza_Min)) | M42: =IF($L42<=0,"",SUMPRODUCT((Mapa_Sala=$B42)*(Mapa_Data=$A42)*(Mapa_MinOcup>0)*((Mapa_RelIni<$R42)+((Mapa_RelIni=$R42)*(Mapa_Row<=$U42))))) | N42: =IF($L42<=0,"",MOD(Turno_Ini+($S42+Limpeza_Min)/1440,1)) | O42: =IF($L42<=0,"",MAX(0,IFERROR(INDEX(Mapa_RelIni,MATCH($B42&"#"&($M42+1),Mapa_Chave,0)),Turno_Min)-($S42+Limpeza_Min))) | P42: =IF($B42="","",IF($Q42="","OK",LEFT($Q42,LEN($Q42)-3))) | Q42: =IF($B42="","",IF(COUNTIF(Postos_Cod,$B42)=0,"Sala não cadastrada | ","")&IF(AND(COUNTIF(Postos_Cod,$B42)>0,IFERROR(INDEX(Postos_Tipo,MATCH($B42,Postos_Cod,0)),"")<>"Sala cirúrgica"),"Posto não é sala cirúrgica | ","")&IF(AND(COUNTIF(Postos_Cod,$B42)>0,IFERROR(INDEX(Postos_Status,MATCH($B42,Postos_Cod,0)),"")<>"Ativo"),"Sala não ativa | ","")&IF(COUNTIF(Esp_Nome,$E42)=0,"Especialidade não cadastrada | ","")&IF(COUNTIF(Lista_StatusCirurgia,$J42)=0,"Status inválido | ","")&IF(OR(NOT(ISNUMBER($C42)),NOT(ISNUMBER($D42))),"Horário inválido | ","")&IFERROR(IF(AND(ISNUMBER($C42),ISNUMBER($D42),MOD($D42-$C42,1)*1440<=0),"Duração nula ou negativa | ",""),"")&IF(AND($L42>0,OR($R42>=Turno_Min,$S42>Turno_Min)),"Fora da janela do plantão | ","")&IF(AND($L42>0,SUMPRODUCT((Mapa_Sala=$B42)*(Mapa_Data=$A42)*(Mapa_MinOcup>0)*(Mapa_RelIni<$S42)*(Mapa_RelFim>$R42))>1),"Sobreposição de horário na sala | ","")&IFERROR(IF(AND(ISNUMBER($K42),$K42>0,COUNTIF(Esp_Nome,$E42)>0,$K42>3*INDEX(Esp_Dur,MATCH($E42,Esp_Nome,0))),"Duração atípica (>3x a média) | ",""),"")) | R42: =IF(NOT(ISNUMBER($C42)),0,ROUND(MOD($C42-Turno_Ini,1)*1440,0)) | S42: =IF($L42<=0,0,$R42+$K42) | T42: =IF($M42="","",$B42&"#"&$M42) | U42: =ROW()
F43: =IF($E43="","",IFERROR(INDEX(Esp_Hab,MATCH($E43,Esp_Nome,0)),"—")) | K43: =IF(OR($B43="",NOT(ISNUMBER($C43)),NOT(ISNUMBER($D43))),"",ROUND(MOD($D43-$C43,1)*1440,0)) | L43: =IF(NOT(ISNUMBER($K43)),0,IF(OR($K43<=0,$J43="Cancelada",$J43="Suspensa"),0,$K43+Limpeza_Min)) | M43: =IF($L43<=0,"",SUMPRODUCT((Mapa_Sala=$B43)*(Mapa_Data=$A43)*(Mapa_MinOcup>0)*((Mapa_RelIni<$R43)+((Mapa_RelIni=$R43)*(Mapa_Row<=$U43))))) | N43: =IF($L43<=0,"",MOD(Turno_Ini+($S43+Limpeza_Min)/1440,1)) | O43: =IF($L43<=0,"",MAX(0,IFERROR(INDEX(Mapa_RelIni,MATCH($B43&"#"&($M43+1),Mapa_Chave,0)),Turno_Min)-($S43+Limpeza_Min))) | P43: =IF($B43="","",IF($Q43="","OK",LEFT($Q43,LEN($Q43)-3))) | Q43: =IF($B43="","",IF(COUNTIF(Postos_Cod,$B43)=0,"Sala não cadastrada | ","")&IF(AND(COUNTIF(Postos_Cod,$B43)>0,IFERROR(INDEX(Postos_Tipo,MATCH($B43,Postos_Cod,0)),"")<>"Sala cirúrgica"),"Posto não é sala cirúrgica | ","")&IF(AND(COUNTIF(Postos_Cod,$B43)>0,IFERROR(INDEX(Postos_Status,MATCH($B43,Postos_Cod,0)),"")<>"Ativo"),"Sala não ativa | ","")&IF(COUNTIF(Esp_Nome,$E43)=0,"Especialidade não cadastrada | ","")&IF(COUNTIF(Lista_StatusCirurgia,$J43)=0,"Status inválido | ","")&IF(OR(NOT(ISNUMBER($C43)),NOT(ISNUMBER($D43))),"Horário inválido | ","")&IFERROR(IF(AND(ISNUMBER($C43),ISNUMBER($D43),MOD($D43-$C43,1)*1440<=0),"Duração nula ou negativa | ",""),"")&IF(AND($L43>0,OR($R43>=Turno_Min,$S43>Turno_Min)),"Fora da janela do plantão | ","")&IF(AND($L43>0,SUMPRODUCT((Mapa_Sala=$B43)*(Mapa_Data=$A43)*(Mapa_MinOcup>0)*(Mapa_RelIni<$S43)*(Mapa_RelFim>$R43))>1),"Sobreposição de horário na sala | ","")&IFERROR(IF(AND(ISNUMBER($K43),$K43>0,COUNTIF(Esp_Nome,$E43)>0,$K43>3*INDEX(Esp_Dur,MATCH($E43,Esp_Nome,0))),"Duração atípica (>3x a média) | ",""),"")) | R43: =IF(NOT(ISNUMBER($C43)),0,ROUND(MOD($C43-Turno_Ini,1)*1440,0)) | S43: =IF($L43<=0,0,$R43+$K43) | T43: =IF($M43="","",$B43&"#"&$M43) | U43: =ROW()
F44: =IF($E44="","",IFERROR(INDEX(Esp_Hab,MATCH($E44,Esp_Nome,0)),"—")) | K44: =IF(OR($B44="",NOT(ISNUMBER($C44)),NOT(ISNUMBER($D44))),"",ROUND(MOD($D44-$C44,1)*1440,0)) | L44: =IF(NOT(ISNUMBER($K44)),0,IF(OR($K44<=0,$J44="Cancelada",$J44="Suspensa"),0,$K44+Limpeza_Min)) | M44: =IF($L44<=0,"",SUMPRODUCT((Mapa_Sala=$B44)*(Mapa_Data=$A44)*(Mapa_MinOcup>0)*((Mapa_RelIni<$R44)+((Mapa_RelIni=$R44)*(Mapa_Row<=$U44))))) | N44: =IF($L44<=0,"",MOD(Turno_Ini+($S44+Limpeza_Min)/1440,1)) | O44: =IF($L44<=0,"",MAX(0,IFERROR(INDEX(Mapa_RelIni,MATCH($B44&"#"&($M44+1),Mapa_Chave,0)),Turno_Min)-($S44+Limpeza_Min))) | P44: =IF($B44="","",IF($Q44="","OK",LEFT($Q44,LEN($Q44)-3))) | Q44: =IF($B44="","",IF(COUNTIF(Postos_Cod,$B44)=0,"Sala não cadastrada | ","")&IF(AND(COUNTIF(Postos_Cod,$B44)>0,IFERROR(INDEX(Postos_Tipo,MATCH($B44,Postos_Cod,0)),"")<>"Sala cirúrgica"),"Posto não é sala cirúrgica | ","")&IF(AND(COUNTIF(Postos_Cod,$B44)>0,IFERROR(INDEX(Postos_Status,MATCH($B44,Postos_Cod,0)),"")<>"Ativo"),"Sala não ativa | ","")&IF(COUNTIF(Esp_Nome,$E44)=0,"Especialidade não cadastrada | ","")&IF(COUNTIF(Lista_StatusCirurgia,$J44)=0,"Status inválido | ","")&IF(OR(NOT(ISNUMBER($C44)),NOT(ISNUMBER($D44))),"Horário inválido | ","")&IFERROR(IF(AND(ISNUMBER($C44),ISNUMBER($D44),MOD($D44-$C44,1)*1440<=0),"Duração nula ou negativa | ",""),"")&IF(AND($L44>0,OR($R44>=Turno_Min,$S44>Turno_Min)),"Fora da janela do plantão | ","")&IF(AND($L44>0,SUMPRODUCT((Mapa_Sala=$B44)*(Mapa_Data=$A44)*(Mapa_MinOcup>0)*(Mapa_RelIni<$S44)*(Mapa_RelFim>$R44))>1),"Sobreposição de horário na sala | ","")&IFERROR(IF(AND(ISNUMBER($K44),$K44>0,COUNTIF(Esp_Nome,$E44)>0,$K44>3*INDEX(Esp_Dur,MATCH($E44,Esp_Nome,0))),"Duração atípica (>3x a média) | ",""),"")) | R44: =IF(NOT(ISNUMBER($C44)),0,ROUND(MOD($C44-Turno_Ini,1)*1440,0)) | S44: =IF($L44<=0,0,$R44+$K44) | T44: =IF($M44="","",$B44&"#"&$M44) | U44: =ROW()
F45: =IF($E45="","",IFERROR(INDEX(Esp_Hab,MATCH($E45,Esp_Nome,0)),"—")) | K45: =IF(OR($B45="",NOT(ISNUMBER($C45)),NOT(ISNUMBER($D45))),"",ROUND(MOD($D45-$C45,1)*1440,0)) | L45: =IF(NOT(ISNUMBER($K45)),0,IF(OR($K45<=0,$J45="Cancelada",$J45="Suspensa"),0,$K45+Limpeza_Min)) | M45: =IF($L45<=0,"",SUMPRODUCT((Mapa_Sala=$B45)*(Mapa_Data=$A45)*(Mapa_MinOcup>0)*((Mapa_RelIni<$R45)+((Mapa_RelIni=$R45)*(Mapa_Row<=$U45))))) | N45: =IF($L45<=0,"",MOD(Turno_Ini+($S45+Limpeza_Min)/1440,1)) | O45: =IF($L45<=0,"",MAX(0,IFERROR(INDEX(Mapa_RelIni,MATCH($B45&"#"&($M45+1),Mapa_Chave,0)),Turno_Min)-($S45+Limpeza_Min))) | P45: =IF($B45="","",IF($Q45="","OK",LEFT($Q45,LEN($Q45)-3))) | Q45: =IF($B45="","",IF(COUNTIF(Postos_Cod,$B45)=0,"Sala não cadastrada | ","")&IF(AND(COUNTIF(Postos_Cod,$B45)>0,IFERROR(INDEX(Postos_Tipo,MATCH($B45,Postos_Cod,0)),"")<>"Sala cirúrgica"),"Posto não é sala cirúrgica | ","")&IF(AND(COUNTIF(Postos_Cod,$B45)>0,IFERROR(INDEX(Postos_Status,MATCH($B45,Postos_Cod,0)),"")<>"Ativo"),"Sala não ativa | ","")&IF(COUNTIF(Esp_Nome,$E45)=0,"Especialidade não cadastrada | ","")&IF(COUNTIF(Lista_StatusCirurgia,$J45)=0,"Status inválido | ","")&IF(OR(NOT(ISNUMBER($C45)),NOT(ISNUMBER($D45))),"Horário inválido | ","")&IFERROR(IF(AND(ISNUMBER($C45),ISNUMBER($D45),MOD($D45-$C45,1)*1440<=0),"Duração nula ou negativa | ",""),"")&IF(AND($L45>0,OR($R45>=Turno_Min,$S45>Turno_Min)),"Fora da janela do plantão | ","")&IF(AND($L45>0,SUMPRODUCT((Mapa_Sala=$B45)*(Mapa_Data=$A45)*(Mapa_MinOcup>0)*(Mapa_RelIni<$S45)*(Mapa_RelFim>$R45))>1),"Sobreposição de horário na sala | ","")&IFERROR(IF(AND(ISNUMBER($K45),$K45>0,COUNTIF(Esp_Nome,$E45)>0,$K45>3*INDEX(Esp_Dur,MATCH($E45,Esp_Nome,0))),"Duração atípica (>3x a média) | ",""),"")) | R45: =IF(NOT(ISNUMBER($C45)),0,ROUND(MOD($C45-Turno_Ini,1)*1440,0)) | S45: =IF($L45<=0,0,$R45+$K45) | T45: =IF($M45="","",$B45&"#"&$M45) | U45: =ROW()
F46: =IF($E46="","",IFERROR(INDEX(Esp_Hab,MATCH($E46,Esp_Nome,0)),"—")) | K46: =IF(OR($B46="",NOT(ISNUMBER($C46)),NOT(ISNUMBER($D46))),"",ROUND(MOD($D46-$C46,1)*1440,0)) | L46: =IF(NOT(ISNUMBER($K46)),0,IF(OR($K46<=0,$J46="Cancelada",$J46="Suspensa"),0,$K46+Limpeza_Min)) | M46: =IF($L46<=0,"",SUMPRODUCT((Mapa_Sala=$B46)*(Mapa_Data=$A46)*(Mapa_MinOcup>0)*((Mapa_RelIni<$R46)+((Mapa_RelIni=$R46)*(Mapa_Row<=$U46))))) | N46: =IF($L46<=0,"",MOD(Turno_Ini+($S46+Limpeza_Min)/1440,1)) | O46: =IF($L46<=0,"",MAX(0,IFERROR(INDEX(Mapa_RelIni,MATCH($B46&"#"&($M46+1),Mapa_Chave,0)),Turno_Min)-($S46+Limpeza_Min))) | P46: =IF($B46="","",IF($Q46="","OK",LEFT($Q46,LEN($Q46)-3))) | Q46: =IF($B46="","",IF(COUNTIF(Postos_Cod,$B46)=0,"Sala não cadastrada | ","")&IF(AND(COUNTIF(Postos_Cod,$B46)>0,IFERROR(INDEX(Postos_Tipo,MATCH($B46,Postos_Cod,0)),"")<>"Sala cirúrgica"),"Posto não é sala cirúrgica | ","")&IF(AND(COUNTIF(Postos_Cod,$B46)>0,IFERROR(INDEX(Postos_Status,MATCH($B46,Postos_Cod,0)),"")<>"Ativo"),"Sala não ativa | ","")&IF(COUNTIF(Esp_Nome,$E46)=0,"Especialidade não cadastrada | ","")&IF(COUNTIF(Lista_StatusCirurgia,$J46)=0,"Status inválido | ","")&IF(OR(NOT(ISNUMBER($C46)),NOT(ISNUMBER($D46))),"Horário inválido | ","")&IFERROR(IF(AND(ISNUMBER($C46),ISNUMBER($D46),MOD($D46-$C46,1)*1440<=0),"Duração nula ou negativa | ",""),"")&IF(AND($L46>0,OR($R46>=Turno_Min,$S46>Turno_Min)),"Fora da janela do plantão | ","")&IF(AND($L46>0,SUMPRODUCT((Mapa_Sala=$B46)*(Mapa_Data=$A46)*(Mapa_MinOcup>0)*(Mapa_RelIni<$S46)*(Mapa_RelFim>$R46))>1),"Sobreposição de horário na sala | ","")&IFERROR(IF(AND(ISNUMBER($K46),$K46>0,COUNTIF(Esp_Nome,$E46)>0,$K46>3*INDEX(Esp_Dur,MATCH($E46,Esp_Nome,0))),"Duração atípica (>3x a média) | ",""),"")) | R46: =IF(NOT(ISNUMBER($C46)),0,ROUND(MOD($C46-Turno_Ini,1)*1440,0)) | S46: =IF($L46<=0,0,$R46+$K46) | T46: =IF($M46="","",$B46&"#"&$M46) | U46: =ROW()
... F201: =IF($E201="","",IFERROR(INDEX(Esp_Hab,MATCH($E201,Esp_Nome,0)),"—")) | K201: =IF(OR($B201="",NOT(ISNUMBER($C201)),NOT(ISNUMBER($D201))),"",ROUND(MOD($D201-$C201,1)*1440,0)) | L201: =IF(NOT(ISNUMBER($K201)),0,IF(OR($K201<=0,$J201="Cancelada",$J201="Suspensa"),0,$K201+Limpeza_Min)) | M201: =IF($L201<=0,"",SUMPRODUCT((Mapa_Sala=$B201)*(Mapa_Data=$A201)*(Mapa_MinOcup>0)*((Mapa_RelIni<$R201)+((Mapa_RelIni=$R201)*(Mapa_Row<=$U201))))) | N201: =IF($L201<=0,"",MOD(Turno_Ini+($S201+Limpeza_Min)/1440,1)) | O201: =IF($L201<=0,"",MAX(0,IFERROR(INDEX(Mapa_RelIni,MATCH($B201&"#"&($M201+1),Mapa_Chave,0)),Turno_Min)-($S201+Limpeza_Min))) | P201: =IF($B201="","",IF($Q201="","OK",LEFT($Q201,LEN($Q201)-3))) | Q201: =IF($B201="","",IF(COUNTIF(Postos_Cod,$B201)=0,"Sala não cadastrada | ","")&IF(AND(COUNTIF(Postos_Cod,$B201)>0,IFERROR(INDEX(Postos_Tipo,MATCH($B201,Postos_Cod,0)),"")<>"Sala cirúrgica"),"Posto não é sala cirúrgica | ","")&IF(AND(COUNTIF(Postos_Cod,$B201)>0,IFERROR(INDEX(Postos_Status,MATCH($B201,Postos_Cod,0)),"")<>"Ativo"),"Sala não ativa | ","")&IF(COUNTIF(Esp_Nome,$E201)=0,"Especialidade não cadastrada | ","")&IF(COUNTIF(Lista_StatusCirurgia,$J201)=0,"Status inválido | ","")&IF(OR(NOT(ISNUMBER($C201)),NOT(ISNUMBER($D201))),"Horário inválido | ","")&IFERROR(IF(AND(ISNUMBER($C201),ISNUMBER($D201),MOD($D201-$C201,1)*1440<=0),"Duração nula ou negativa | ",""),"")&IF(AND($L201>0,OR($R201>=Turno_Min,$S201>Turno_Min)),"Fora da janela do plantão | ","")&IF(AND($L201>0,SUMPRODUCT((Mapa_Sala=$B201)*(Mapa_Data=$A201)*(Mapa_MinOcup>0)*(Mapa_RelIni<$S201)*(Mapa_RelFim>$R201))>1),"Sobreposição de horário na sala | ","")&IFERROR(IF(AND(ISNUMBER($K201),$K201>0,COUNTIF(Esp_Nome,$E201)>0,$K201>3*INDEX(Esp_Dur,MATCH($E201,Esp_Nome,0))),"Duração atípica (>3x a média) | ",""),"")) | R201: =IF(NOT(ISNUMBER($C201)),0,ROUND(MOD($C201-Turno_Ini,1)*1440,0)) | S201: =IF($L201<=0,0,$R201+$K201) | T201: =IF($M201="","",$B201&"#"&$M201) | U201: =ROW()

Sheet Calc_Mix
A1: Chave | B1: Posto | C1: Tipo | D1: Habilidade de referência | E1: Min. agendados | F1: =IF('Habilidades'!$B$2="","",'Habilidades'!$B$2) | G1: =IF('Habilidades'!$B$3="","",'Habilidades'!$B$3) | H1: =IF('Habilidades'!$B$4="","",'Habilidades'!$B$4) | I1: =IF('Habilidades'!$B$5="","",'Habilidades'!$B$5) | J1: =IF('Habilidades'!$B$6="","",'Habilidades'!$B$6) | K1: =IF('Habilidades'!$B$7="","",'Habilidades'!$B$7) | L1: =IF('Habilidades'!$B$8="","",'Habilidades'!$B$8) | M1: =IF('Habilidades'!$B$9="","",'Habilidades'!$B$9) | N1: =IF('Habilidades'!$B$10="","",'Habilidades'!$B$10) | O1: =IF('Habilidades'!$B$11="","",'Habilidades'!$B$11) | P1: =IF('Habilidades'!$B$12="","",'Habilidades'!$B$12) | Q1: =IF('Habilidades'!$B$13="","",'Habilidades'!$B$13) | R1: =IF('Habilidades'!$B$14="","",'Habilidades'!$B$14) | S1: =IF('Habilidades'!$B$15="","",'Habilidades'!$B$15) | T1: Total do mix | U1: Min. do plantão | V1: Ocupação %
A2: =IF($B2="","",$B2) | B2: =IF('Postos'!$A$2="","",'Postos'!$A$2) | C2: =IF($B2="","",IFERROR(INDEX(Postos_Tipo,MATCH($B2,Postos_Cod,0)),"")) | D2: =IF($B2="","",IFERROR(INDEX(Postos_Hab,MATCH($B2,Postos_Cod,0)),"")) | E2: =IF(OR($B2="",$C2<>"Sala cirúrgica"),0,SUMIFS(Mapa_MinOcup,Mapa_Sala,$B2,Mapa_Data,Data_Mapa)) | F2: =IF($B2="",0,IF(OR($C2<>"Sala cirúrgica",$E2=0),IF(AND(F$1<>"",F$1=$D2),Turno_Min,0),IF(F$1="",0,SUMIFS(Mapa_MinOcup,Mapa_Sala,$B2,Mapa_Data,Data_Mapa,Mapa_Hab,F$1)))) | G2: =IF($B2="",0,IF(OR($C2<>"Sala cirúrgica",$E2=0),IF(AND(G$1<>"",G$1=$D2),Turno_Min,0),IF(G$1="",0,SUMIFS(Mapa_MinOcup,Mapa_Sala,$B2,Mapa_Data,Data_Mapa,Mapa_Hab,G$1)))) | H2: =IF($B2="",0,IF(OR($C2<>"Sala cirúrgica",$E2=0),IF(AND(H$1<>"",H$1=$D2),Turno_Min,0),IF(H$1="",0,SUMIFS(Mapa_MinOcup,Mapa_Sala,$B2,Mapa_Data,Data_Mapa,Mapa_Hab,H$1)))) | I2: =IF($B2="",0,IF(OR($C2<>"Sala cirúrgica",$E2=0),IF(AND(I$1<>"",I$1=$D2),Turno_Min,0),IF(I$1="",0,SUMIFS(Mapa_MinOcup,Mapa_Sala,$B2,Mapa_Data,Data_Mapa,Mapa_Hab,I$1)))) | J2: =IF($B2="",0,IF(OR($C2<>"Sala cirúrgica",$E2=0),IF(AND(J$1<>"",J$1=$D2),Turno_Min,0),IF(J$1="",0,SUMIFS(Mapa_MinOcup,Mapa_Sala,$B2,Mapa_Data,Data_Mapa,Mapa_Hab,J$1)))) | K2: =IF($B2="",0,IF(OR($C2<>"Sala cirúrgica",$E2=0),IF(AND(K$1<>"",K$1=$D2),Turno_Min,0),IF(K$1="",0,SUMIFS(Mapa_MinOcup,Mapa_Sala,$B2,Mapa_Data,Data_Mapa,Mapa_Hab,K$1)))) | L2: =IF($B2="",0,IF(OR($C2<>"Sala cirúrgica",$E2=0),IF(AND(L$1<>"",L$1=$D2),Turno_Min,0),IF(L$1="",0,SUMIFS(Mapa_MinOcup,Mapa_Sala,$B2,Mapa_Data,Data_Mapa,Mapa_Hab,L$1)))) | M2: =IF($B2="",0,IF(OR($C2<>"Sala cirúrgica",$E2=0),IF(AND(M$1<>"",M$1=$D2),Turno_Min,0),IF(M$1="",0,SUMIFS(Mapa_MinOcup,Mapa_Sala,$B2,Mapa_Data,Data_Mapa,Mapa_Hab,M$1)))) | ... S2: =IF($B2="",0,IF(OR($C2<>"Sala cirúrgica",$E2=0),IF(AND(S$1<>"",S$1=$D2),Turno_Min,0),IF(S$1="",0,SUMIFS(Mapa_MinOcup,Mapa_Sala,$B2,Mapa_Data,Data_Mapa,Mapa_Hab,S$1)))) | T2: =IF($B2="",0,SUM(F2:S2)) | U2: =IF($B2="",0,Turno_Min) | V2: =IF(OR($B2="",$C2<>"Sala cirúrgica"),"",$E2/Turno_Min)
A3: =IF($B3="","",$B3) | B3: =IF('Postos'!$A$3="","",'Postos'!$A$3) | C3: =IF($B3="","",IFERROR(INDEX(Postos_Tipo,MATCH($B3,Postos_Cod,0)),"")) | D3: =IF($B3="","",IFERROR(INDEX(Postos_Hab,MATCH($B3,Postos_Cod,0)),"")) | E3: =IF(OR($B3="",$C3<>"Sala cirúrgica"),0,SUMIFS(Mapa_MinOcup,Mapa_Sala,$B3,Mapa_Data,Data_Mapa)) | F3: =IF($B3="",0,IF(OR($C3<>"Sala cirúrgica",$E3=0),IF(AND(F$1<>"",F$1=$D3),Turno_Min,0),IF(F$1="",0,SUMIFS(Mapa_MinOcup,Mapa_Sala,$B3,Mapa_Data,Data_Mapa,Mapa_Hab,F$1)))) | G3: =IF($B3="",0,IF(OR($C3<>"Sala cirúrgica",$E3=0),IF(AND(G$1<>"",G$1=$D3),Turno_Min,0),IF(G$1="",0,SUMIFS(Mapa_MinOcup,Mapa_Sala,$B3,Mapa_Data,Data_Mapa,Mapa_Hab,G$1)))) | H3: =IF($B3="",0,IF(OR($C3<>"Sala cirúrgica",$E3=0),IF(AND(H$1<>"",H$1=$D3),Turno_Min,0),IF(H$1="",0,SUMIFS(Mapa_MinOcup,Mapa_Sala,$B3,Mapa_Data,Data_Mapa,Mapa_Hab,H$1)))) | I3: =IF($B3="",0,IF(OR($C3<>"Sala cirúrgica",$E3=0),IF(AND(I$1<>"",I$1=$D3),Turno_Min,0),IF(I$1="",0,SUMIFS(Mapa_MinOcup,Mapa_Sala,$B3,Mapa_Data,Data_Mapa,Mapa_Hab,I$1)))) | J3: =IF($B3="",0,IF(OR($C3<>"Sala cirúrgica",$E3=0),IF(AND(J$1<>"",J$1=$D3),Turno_Min,0),IF(J$1="",0,SUMIFS(Mapa_MinOcup,Mapa_Sala,$B3,Mapa_Data,Data_Mapa,Mapa_Hab,J$1)))) | K3: =IF($B3="",0,IF(OR($C3<>"Sala cirúrgica",$E3=0),IF(AND(K$1<>"",K$1=$D3),Turno_Min,0),IF(K$1="",0,SUMIFS(Mapa_MinOcup,Mapa_Sala,$B3,Mapa_Data,Data_Mapa,Mapa_Hab,K$1)))) | L3: =IF($B3="",0,IF(OR($C3<>"Sala cirúrgica",$E3=0),IF(AND(L$1<>"",L$1=$D3),Turno_Min,0),IF(L$1="",0,SUMIFS(Mapa_MinOcup,Mapa_Sala,$B3,Mapa_Data,Data_Mapa,Mapa_Hab,L$1)))) | M3: =IF($B3="",0,IF(OR($C3<>"Sala cirúrgica",$E3=0),IF(AND(M$1<>"",M$1=$D3),Turno_Min,0),IF(M$1="",0,SUMIFS(Mapa_MinOcup,Mapa_Sala,$B3,Mapa_Data,Data_Mapa,Mapa_Hab,M$1)))) | ... S3: =IF($B3="",0,IF(OR($C3<>"Sala cirúrgica",$E3=0),IF(AND(S$1<>"",S$1=$D3),Turno_Min,0),IF(S$1="",0,SUMIFS(Mapa_MinOcup,Mapa_Sala,$B3,Mapa_Data,Data_Mapa,Mapa_Hab,S$1)))) | T3: =IF($B3="",0,SUM(F3:S3)) | U3: =IF($B3="",0,Turno_Min) | V3: =IF(OR($B3="",$C3<>"Sala cirúrgica"),"",$E3/Turno_Min)
A4: =IF($B4="","",$B4) | B4: =IF('Postos'!$A$4="","",'Postos'!$A$4) | C4: =IF($B4="","",IFERROR(INDEX(Postos_Tipo,MATCH($B4,Postos_Cod,0)),"")) | D4: =IF($B4="","",IFERROR(INDEX(Postos_Hab,MATCH($B4,Postos_Cod,0)),"")) | E4: =IF(OR($B4="",$C4<>"Sala cirúrgica"),0,SUMIFS(Mapa_MinOcup,Mapa_Sala,$B4,Mapa_Data,Data_Mapa)) | F4: =IF($B4="",0,IF(OR($C4<>"Sala cirúrgica",$E4=0),IF(AND(F$1<>"",F$1=$D4),Turno_Min,0),IF(F$1="",0,SUMIFS(Mapa_MinOcup,Mapa_Sala,$B4,Mapa_Data,Data_Mapa,Mapa_Hab,F$1)))) | G4: =IF($B4="",0,IF(OR($C4<>"Sala cirúrgica",$E4=0),IF(AND(G$1<>"",G$1=$D4),Turno_Min,0),IF(G$1="",0,SUMIFS(Mapa_MinOcup,Mapa_Sala,$B4,Mapa_Data,Data_Mapa,Mapa_Hab,G$1)))) | H4: =IF($B4="",0,IF(OR($C4<>"Sala cirúrgica",$E4=0),IF(AND(H$1<>"",H$1=$D4),Turno_Min,0),IF(H$1="",0,SUMIFS(Mapa_MinOcup,Mapa_Sala,$B4,Mapa_Data,Data_Mapa,Mapa_Hab,H$1)))) | I4: =IF($B4="",0,IF(OR($C4<>"Sala cirúrgica",$E4=0),IF(AND(I$1<>"",I$1=$D4),Turno_Min,0),IF(I$1="",0,SUMIFS(Mapa_MinOcup,Mapa_Sala,$B4,Mapa_Data,Data_Mapa,Mapa_Hab,I$1)))) | J4: =IF($B4="",0,IF(OR($C4<>"Sala cirúrgica",$E4=0),IF(AND(J$1<>"",J$1=$D4),Turno_Min,0),IF(J$1="",0,SUMIFS(Mapa_MinOcup,Mapa_Sala,$B4,Mapa_Data,Data_Mapa,Mapa_Hab,J$1)))) | K4: =IF($B4="",0,IF(OR($C4<>"Sala cirúrgica",$E4=0),IF(AND(K$1<>"",K$1=$D4),Turno_Min,0),IF(K$1="",0,SUMIFS(Mapa_MinOcup,Mapa_Sala,$B4,Mapa_Data,Data_Mapa,Mapa_Hab,K$1)))) | L4: =IF($B4="",0,IF(OR($C4<>"Sala cirúrgica",$E4=0),IF(AND(L$1<>"",L$1=$D4),Turno_Min,0),IF(L$1="",0,SUMIFS(Mapa_MinOcup,Mapa_Sala,$B4,Mapa_Data,Data_Mapa,Mapa_Hab,L$1)))) | M4: =IF($B4="",0,IF(OR($C4<>"Sala cirúrgica",$E4=0),IF(AND(M$1<>"",M$1=$D4),Turno_Min,0),IF(M$1="",0,SUMIFS(Mapa_MinOcup,Mapa_Sala,$B4,Mapa_Data,Data_Mapa,Mapa_Hab,M$1)))) | ... S4: =IF($B4="",0,IF(OR($C4<>"Sala cirúrgica",$E4=0),IF(AND(S$1<>"",S$1=$D4),Turno_Min,0),IF(S$1="",0,SUMIFS(Mapa_MinOcup,Mapa_Sala,$B4,Mapa_Data,Data_Mapa,Mapa_Hab,S$1)))) | T4: =IF($B4="",0,SUM(F4:S4)) | U4: =IF($B4="",0,Turno_Min) | V4: =IF(OR($B4="",$C4<>"Sala cirúrgica"),"",$E4/Turno_Min)
A5: =IF($B5="","",$B5) | B5: =IF('Postos'!$A$5="","",'Postos'!$A$5) | C5: =IF($B5="","",IFERROR(INDEX(Postos_Tipo,MATCH($B5,Postos_Cod,0)),"")) | D5: =IF($B5="","",IFERROR(INDEX(Postos_Hab,MATCH($B5,Postos_Cod,0)),"")) | E5: =IF(OR($B5="",$C5<>"Sala cirúrgica"),0,SUMIFS(Mapa_MinOcup,Mapa_Sala,$B5,Mapa_Data,Data_Mapa)) | F5: =IF($B5="",0,IF(OR($C5<>"Sala cirúrgica",$E5=0),IF(AND(F$1<>"",F$1=$D5),Turno_Min,0),IF(F$1="",0,SUMIFS(Mapa_MinOcup,Mapa_Sala,$B5,Mapa_Data,Data_Mapa,Mapa_Hab,F$1)))) | G5: =IF($B5="",0,IF(OR($C5<>"Sala cirúrgica",$E5=0),IF(AND(G$1<>"",G$1=$D5),Turno_Min,0),IF(G$1="",0,SUMIFS(Mapa_MinOcup,Mapa_Sala,$B5,Mapa_Data,Data_Mapa,Mapa_Hab,G$1)))) | H5: =IF($B5="",0,IF(OR($C5<>"Sala cirúrgica",$E5=0),IF(AND(H$1<>"",H$1=$D5),Turno_Min,0),IF(H$1="",0,SUMIFS(Mapa_MinOcup,Mapa_Sala,$B5,Mapa_Data,Data_Mapa,Mapa_Hab,H$1)))) | I5: =IF($B5="",0,IF(OR($C5<>"Sala cirúrgica",$E5=0),IF(AND(I$1<>"",I$1=$D5),Turno_Min,0),IF(I$1="",0,SUMIFS(Mapa_MinOcup,Mapa_Sala,$B5,Mapa_Data,Data_Mapa,Mapa_Hab,I$1)))) | J5: =IF($B5="",0,IF(OR($C5<>"Sala cirúrgica",$E5=0),IF(AND(J$1<>"",J$1=$D5),Turno_Min,0),IF(J$1="",0,SUMIFS(Mapa_MinOcup,Mapa_Sala,$B5,Mapa_Data,Data_Mapa,Mapa_Hab,J$1)))) | K5: =IF($B5="",0,IF(OR($C5<>"Sala cirúrgica",$E5=0),IF(AND(K$1<>"",K$1=$D5),Turno_Min,0),IF(K$1="",0,SUMIFS(Mapa_MinOcup,Mapa_Sala,$B5,Mapa_Data,Data_Mapa,Mapa_Hab,K$1)))) | L5: =IF($B5="",0,IF(OR($C5<>"Sala cirúrgica",$E5=0),IF(AND(L$1<>"",L$1=$D5),Turno_Min,0),IF(L$1="",0,SUMIFS(Mapa_MinOcup,Mapa_Sala,$B5,Mapa_Data,Data_Mapa,Mapa_Hab,L$1)))) | M5: =IF($B5="",0,IF(OR($C5<>"Sala cirúrgica",$E5=0),IF(AND(M$1<>"",M$1=$D5),Turno_Min,0),IF(M$1="",0,SUMIFS(Mapa_MinOcup,Mapa_Sala,$B5,Mapa_Data,Data_Mapa,Mapa_Hab,M$1)))) | ... S5: =IF($B5="",0,IF(OR($C5<>"Sala cirúrgica",$E5=0),IF(AND(S$1<>"",S$1=$D5),Turno_Min,0),IF(S$1="",0,SUMIFS(Mapa_MinOcup,Mapa_Sala,$B5,Mapa_Data,Data_Mapa,Mapa_Hab,S$1)))) | T5: =IF($B5="",0,SUM(F5:S5)) | U5: =IF($B5="",0,Turno_Min) | V5: =IF(OR($B5="",$C5<>"Sala cirúrgica"),"",$E5/Turno_Min)
A6: =IF($B6="","",$B6) | B6: =IF('Postos'!$A$6="","",'Postos'!$A$6) | C6: =IF($B6="","",IFERROR(INDEX(Postos_Tipo,MATCH($B6,Postos_Cod,0)),"")) | D6: =IF($B6="","",IFERROR(INDEX(Postos_Hab,MATCH($B6,Postos_Cod,0)),"")) | E6: =IF(OR($B6="",$C6<>"Sala cirúrgica"),0,SUMIFS(Mapa_MinOcup,Mapa_Sala,$B6,Mapa_Data,Data_Mapa)) | F6: =IF($B6="",0,IF(OR($C6<>"Sala cirúrgica",$E6=0),IF(AND(F$1<>"",F$1=$D6),Turno_Min,0),IF(F$1="",0,SUMIFS(Mapa_MinOcup,Mapa_Sala,$B6,Mapa_Data,Data_Mapa,Mapa_Hab,F$1)))) | G6: =IF($B6="",0,IF(OR($C6<>"Sala cirúrgica",$E6=0),IF(AND(G$1<>"",G$1=$D6),Turno_Min,0),IF(G$1="",0,SUMIFS(Mapa_MinOcup,Mapa_Sala,$B6,Mapa_Data,Data_Mapa,Mapa_Hab,G$1)))) | H6: =IF($B6="",0,IF(OR($C6<>"Sala cirúrgica",$E6=0),IF(AND(H$1<>"",H$1=$D6),Turno_Min,0),IF(H$1="",0,SUMIFS(Mapa_MinOcup,Mapa_Sala,$B6,Mapa_Data,Data_Mapa,Mapa_Hab,H$1)))) | I6: =IF($B6="",0,IF(OR($C6<>"Sala cirúrgica",$E6=0),IF(AND(I$1<>"",I$1=$D6),Turno_Min,0),IF(I$1="",0,SUMIFS(Mapa_MinOcup,Mapa_Sala,$B6,Mapa_Data,Data_Mapa,Mapa_Hab,I$1)))) | J6: =IF($B6="",0,IF(OR($C6<>"Sala cirúrgica",$E6=0),IF(AND(J$1<>"",J$1=$D6),Turno_Min,0),IF(J$1="",0,SUMIFS(Mapa_MinOcup,Mapa_Sala,$B6,Mapa_Data,Data_Mapa,Mapa_Hab,J$1)))) | K6: =IF($B6="",0,IF(OR($C6<>"Sala cirúrgica",$E6=0),IF(AND(K$1<>"",K$1=$D6),Turno_Min,0),IF(K$1="",0,SUMIFS(Mapa_MinOcup,Mapa_Sala,$B6,Mapa_Data,Data_Mapa,Mapa_Hab,K$1)))) | L6: =IF($B6="",0,IF(OR($C6<>"Sala cirúrgica",$E6=0),IF(AND(L$1<>"",L$1=$D6),Turno_Min,0),IF(L$1="",0,SUMIFS(Mapa_MinOcup,Mapa_Sala,$B6,Mapa_Data,Data_Mapa,Mapa_Hab,L$1)))) | M6: =IF($B6="",0,IF(OR($C6<>"Sala cirúrgica",$E6=0),IF(AND(M$1<>"",M$1=$D6),Turno_Min,0),IF(M$1="",0,SUMIFS(Mapa_MinOcup,Mapa_Sala,$B6,Mapa_Data,Data_Mapa,Mapa_Hab,M$1)))) | ... S6: =IF($B6="",0,IF(OR($C6<>"Sala cirúrgica",$E6=0),IF(AND(S$1<>"",S$1=$D6),Turno_Min,0),IF(S$1="",0,SUMIFS(Mapa_MinOcup,Mapa_Sala,$B6,Mapa_Data,Data_Mapa,Mapa_Hab,S$1)))) | T6: =IF($B6="",0,SUM(F6:S6)) | U6: =IF($B6="",0,Turno_Min) | V6: =IF(OR($B6="",$C6<>"Sala cirúrgica"),"",$E6/Turno_Min)
A7: =IF($B7="","",$B7) | B7: =IF('Postos'!$A$7="","",'Postos'!$A$7) | C7: =IF($B7="","",IFERROR(INDEX(Postos_Tipo,MATCH($B7,Postos_Cod,0)),"")) | D7: =IF($B7="","",IFERROR(INDEX(Postos_Hab,MATCH($B7,Postos_Cod,0)),"")) | E7: =IF(OR($B7="",$C7<>"Sala cirúrgica"),0,SUMIFS(Mapa_MinOcup,Mapa_Sala,$B7,Mapa_Data,Data_Mapa)) | F7: =IF($B7="",0,IF(OR($C7<>"Sala cirúrgica",$E7=0),IF(AND(F$1<>"",F$1=$D7),Turno_Min,0),IF(F$1="",0,SUMIFS(Mapa_MinOcup,Mapa_Sala,$B7,Mapa_Data,Data_Mapa,Mapa_Hab,F$1)))) | G7: =IF($B7="",0,IF(OR($C7<>"Sala cirúrgica",$E7=0),IF(AND(G$1<>"",G$1=$D7),Turno_Min,0),IF(G$1="",0,SUMIFS(Mapa_MinOcup,Mapa_Sala,$B7,Mapa_Data,Data_Mapa,Mapa_Hab,G$1)))) | H7: =IF($B7="",0,IF(OR($C7<>"Sala cirúrgica",$E7=0),IF(AND(H$1<>"",H$1=$D7),Turno_Min,0),IF(H$1="",0,SUMIFS(Mapa_MinOcup,Mapa_Sala,$B7,Mapa_Data,Data_Mapa,Mapa_Hab,H$1)))) | I7: =IF($B7="",0,IF(OR($C7<>"Sala cirúrgica",$E7=0),IF(AND(I$1<>"",I$1=$D7),Turno_Min,0),IF(I$1="",0,SUMIFS(Mapa_MinOcup,Mapa_Sala,$B7,Mapa_Data,Data_Mapa,Mapa_Hab,I$1)))) | J7: =IF($B7="",0,IF(OR($C7<>"Sala cirúrgica",$E7=0),IF(AND(J$1<>"",J$1=$D7),Turno_Min,0),IF(J$1="",0,SUMIFS(Mapa_MinOcup,Mapa_Sala,$B7,Mapa_Data,Data_Mapa,Mapa_Hab,J$1)))) | K7: =IF($B7="",0,IF(OR($C7<>"Sala cirúrgica",$E7=0),IF(AND(K$1<>"",K$1=$D7),Turno_Min,0),IF(K$1="",0,SUMIFS(Mapa_MinOcup,Mapa_Sala,$B7,Mapa_Data,Data_Mapa,Mapa_Hab,K$1)))) | L7: =IF($B7="",0,IF(OR($C7<>"Sala cirúrgica",$E7=0),IF(AND(L$1<>"",L$1=$D7),Turno_Min,0),IF(L$1="",0,SUMIFS(Mapa_MinOcup,Mapa_Sala,$B7,Mapa_Data,Data_Mapa,Mapa_Hab,L$1)))) | M7: =IF($B7="",0,IF(OR($C7<>"Sala cirúrgica",$E7=0),IF(AND(M$1<>"",M$1=$D7),Turno_Min,0),IF(M$1="",0,SUMIFS(Mapa_MinOcup,Mapa_Sala,$B7,Mapa_Data,Data_Mapa,Mapa_Hab,M$1)))) | ... S7: =IF($B7="",0,IF(OR($C7<>"Sala cirúrgica",$E7=0),IF(AND(S$1<>"",S$1=$D7),Turno_Min,0),IF(S$1="",0,SUMIFS(Mapa_MinOcup,Mapa_Sala,$B7,Mapa_Data,Data_Mapa,Mapa_Hab,S$1)))) | T7: =IF($B7="",0,SUM(F7:S7)) | U7: =IF($B7="",0,Turno_Min) | V7: =IF(OR($B7="",$C7<>"Sala cirúrgica"),"",$E7/Turno_Min)
A8: =IF($B8="","",$B8) | B8: =IF('Postos'!$A$8="","",'Postos'!$A$8) | C8: =IF($B8="","",IFERROR(INDEX(Postos_Tipo,MATCH($B8,Postos_Cod,0)),"")) | D8: =IF($B8="","",IFERROR(INDEX(Postos_Hab,MATCH($B8,Postos_Cod,0)),"")) | E8: =IF(OR($B8="",$C8<>"Sala cirúrgica"),0,SUMIFS(Mapa_MinOcup,Mapa_Sala,$B8,Mapa_Data,Data_Mapa)) | F8: =IF($B8="",0,IF(OR($C8<>"Sala cirúrgica",$E8=0),IF(AND(F$1<>"",F$1=$D8),Turno_Min,0),IF(F$1="",0,SUMIFS(Mapa_MinOcup,Mapa_Sala,$B8,Mapa_Data,Data_Mapa,Mapa_Hab,F$1)))) | G8: =IF($B8="",0,IF(OR($C8<>"Sala cirúrgica",$E8=0),IF(AND(G$1<>"",G$1=$D8),Turno_Min,0),IF(G$1="",0,SUMIFS(Mapa_MinOcup,Mapa_Sala,$B8,Mapa_Data,Data_Mapa,Mapa_Hab,G$1)))) | H8: =IF($B8="",0,IF(OR($C8<>"Sala cirúrgica",$E8=0),IF(AND(H$1<>"",H$1=$D8),Turno_Min,0),IF(H$1="",0,SUMIFS(Mapa_MinOcup,Mapa_Sala,$B8,Mapa_Data,Data_Mapa,Mapa_Hab,H$1)))) | I8: =IF($B8="",0,IF(OR($C8<>"Sala cirúrgica",$E8=0),IF(AND(I$1<>"",I$1=$D8),Turno_Min,0),IF(I$1="",0,SUMIFS(Mapa_MinOcup,Mapa_Sala,$B8,Mapa_Data,Data_Mapa,Mapa_Hab,I$1)))) | J8: =IF($B8="",0,IF(OR($C8<>"Sala cirúrgica",$E8=0),IF(AND(J$1<>"",J$1=$D8),Turno_Min,0),IF(J$1="",0,SUMIFS(Mapa_MinOcup,Mapa_Sala,$B8,Mapa_Data,Data_Mapa,Mapa_Hab,J$1)))) | K8: =IF($B8="",0,IF(OR($C8<>"Sala cirúrgica",$E8=0),IF(AND(K$1<>"",K$1=$D8),Turno_Min,0),IF(K$1="",0,SUMIFS(Mapa_MinOcup,Mapa_Sala,$B8,Mapa_Data,Data_Mapa,Mapa_Hab,K$1)))) | L8: =IF($B8="",0,IF(OR($C8<>"Sala cirúrgica",$E8=0),IF(AND(L$1<>"",L$1=$D8),Turno_Min,0),IF(L$1="",0,SUMIFS(Mapa_MinOcup,Mapa_Sala,$B8,Mapa_Data,Data_Mapa,Mapa_Hab,L$1)))) | M8: =IF($B8="",0,IF(OR($C8<>"Sala cirúrgica",$E8=0),IF(AND(M$1<>"",M$1=$D8),Turno_Min,0),IF(M$1="",0,SUMIFS(Mapa_MinOcup,Mapa_Sala,$B8,Mapa_Data,Data_Mapa,Mapa_Hab,M$1)))) | ... S8: =IF($B8="",0,IF(OR($C8<>"Sala cirúrgica",$E8=0),IF(AND(S$1<>"",S$1=$D8),Turno_Min,0),IF(S$1="",0,SUMIFS(Mapa_MinOcup,Mapa_Sala,$B8,Mapa_Data,Data_Mapa,Mapa_Hab,S$1)))) | T8: =IF($B8="",0,SUM(F8:S8)) | U8: =IF($B8="",0,Turno_Min) | V8: =IF(OR($B8="",$C8<>"Sala cirúrgica"),"",$E8/Turno_Min)
A9: =IF($B9="","",$B9) | B9: =IF('Postos'!$A$9="","",'Postos'!$A$9) | C9: =IF($B9="","",IFERROR(INDEX(Postos_Tipo,MATCH($B9,Postos_Cod,0)),"")) | D9: =IF($B9="","",IFERROR(INDEX(Postos_Hab,MATCH($B9,Postos_Cod,0)),"")) | E9: =IF(OR($B9="",$C9<>"Sala cirúrgica"),0,SUMIFS(Mapa_MinOcup,Mapa_Sala,$B9,Mapa_Data,Data_Mapa)) | F9: =IF($B9="",0,IF(OR($C9<>"Sala cirúrgica",$E9=0),IF(AND(F$1<>"",F$1=$D9),Turno_Min,0),IF(F$1="",0,SUMIFS(Mapa_MinOcup,Mapa_Sala,$B9,Mapa_Data,Data_Mapa,Mapa_Hab,F$1)))) | G9: =IF($B9="",0,IF(OR($C9<>"Sala cirúrgica",$E9=0),IF(AND(G$1<>"",G$1=$D9),Turno_Min,0),IF(G$1="",0,SUMIFS(Mapa_MinOcup,Mapa_Sala,$B9,Mapa_Data,Data_Mapa,Mapa_Hab,G$1)))) | H9: =IF($B9="",0,IF(OR($C9<>"Sala cirúrgica",$E9=0),IF(AND(H$1<>"",H$1=$D9),Turno_Min,0),IF(H$1="",0,SUMIFS(Mapa_MinOcup,Mapa_Sala,$B9,Mapa_Data,Data_Mapa,Mapa_Hab,H$1)))) | I9: =IF($B9="",0,IF(OR($C9<>"Sala cirúrgica",$E9=0),IF(AND(I$1<>"",I$1=$D9),Turno_Min,0),IF(I$1="",0,SUMIFS(Mapa_MinOcup,Mapa_Sala,$B9,Mapa_Data,Data_Mapa,Mapa_Hab,I$1)))) | J9: =IF($B9="",0,IF(OR($C9<>"Sala cirúrgica",$E9=0),IF(AND(J$1<>"",J$1=$D9),Turno_Min,0),IF(J$1="",0,SUMIFS(Mapa_MinOcup,Mapa_Sala,$B9,Mapa_Data,Data_Mapa,Mapa_Hab,J$1)))) | K9: =IF($B9="",0,IF(OR($C9<>"Sala cirúrgica",$E9=0),IF(AND(K$1<>"",K$1=$D9),Turno_Min,0),IF(K$1="",0,SUMIFS(Mapa_MinOcup,Mapa_Sala,$B9,Mapa_Data,Data_Mapa,Mapa_Hab,K$1)))) | L9: =IF($B9="",0,IF(OR($C9<>"Sala cirúrgica",$E9=0),IF(AND(L$1<>"",L$1=$D9),Turno_Min,0),IF(L$1="",0,SUMIFS(Mapa_MinOcup,Mapa_Sala,$B9,Mapa_Data,Data_Mapa,Mapa_Hab,L$1)))) | M9: =IF($B9="",0,IF(OR($C9<>"Sala cirúrgica",$E9=0),IF(AND(M$1<>"",M$1=$D9),Turno_Min,0),IF(M$1="",0,SUMIFS(Mapa_MinOcup,Mapa_Sala,$B9,Mapa_Data,Data_Mapa,Mapa_Hab,M$1)))) | ... S9: =IF($B9="",0,IF(OR($C9<>"Sala cirúrgica",$E9=0),IF(AND(S$1<>"",S$1=$D9),Turno_Min,0),IF(S$1="",0,SUMIFS(Mapa_MinOcup,Mapa_Sala,$B9,Mapa_Data,Data_Mapa,Mapa_Hab,S$1)))) | T9: =IF($B9="",0,SUM(F9:S9)) | U9: =IF($B9="",0,Turno_Min) | V9: =IF(OR($B9="",$C9<>"Sala cirúrgica"),"",$E9/Turno_Min)
A10: =IF($B10="","",$B10) | B10: =IF('Postos'!$A$10="","",'Postos'!$A$10) | C10: =IF($B10="","",IFERROR(INDEX(Postos_Tipo,MATCH($B10,Postos_Cod,0)),"")) | D10: =IF($B10="","",IFERROR(INDEX(Postos_Hab,MATCH($B10,Postos_Cod,0)),"")) | E10: =IF(OR($B10="",$C10<>"Sala cirúrgica"),0,SUMIFS(Mapa_MinOcup,Mapa_Sala,$B10,Mapa_Data,Data_Mapa)) | F10: =IF($B10="",0,IF(OR($C10<>"Sala cirúrgica",$E10=0),IF(AND(F$1<>"",F$1=$D10),Turno_Min,0),IF(F$1="",0,SUMIFS(Mapa_MinOcup,Mapa_Sala,$B10,Mapa_Data,Data_Mapa,Mapa_Hab,F$1)))) | G10: =IF($B10="",0,IF(OR($C10<>"Sala cirúrgica",$E10=0),IF(AND(G$1<>"",G$1=$D10),Turno_Min,0),IF(G$1="",0,SUMIFS(Mapa_MinOcup,Mapa_Sala,$B10,Mapa_Data,Data_Mapa,Mapa_Hab,G$1)))) | H10: =IF($B10="",0,IF(OR($C10<>"Sala cirúrgica",$E10=0),IF(AND(H$1<>"",H$1=$D10),Turno_Min,0),IF(H$1="",0,SUMIFS(Mapa_MinOcup,Mapa_Sala,$B10,Mapa_Data,Data_Mapa,Mapa_Hab,H$1)))) | I10: =IF($B10="",0,IF(OR($C10<>"Sala cirúrgica",$E10=0),IF(AND(I$1<>"",I$1=$D10),Turno_Min,0),IF(I$1="",0,SUMIFS(Mapa_MinOcup,Mapa_Sala,$B10,Mapa_Data,Data_Mapa,Mapa_Hab,I$1)))) | J10: =IF($B10="",0,IF(OR($C10<>"Sala cirúrgica",$E10=0),IF(AND(J$1<>"",J$1=$D10),Turno_Min,0),IF(J$1="",0,SUMIFS(Mapa_MinOcup,Mapa_Sala,$B10,Mapa_Data,Data_Mapa,Mapa_Hab,J$1)))) | K10: =IF($B10="",0,IF(OR($C10<>"Sala cirúrgica",$E10=0),IF(AND(K$1<>"",K$1=$D10),Turno_Min,0),IF(K$1="",0,SUMIFS(Mapa_MinOcup,Mapa_Sala,$B10,Mapa_Data,Data_Mapa,Mapa_Hab,K$1)))) | L10: =IF($B10="",0,IF(OR($C10<>"Sala cirúrgica",$E10=0),IF(AND(L$1<>"",L$1=$D10),Turno_Min,0),IF(L$1="",0,SUMIFS(Mapa_MinOcup,Mapa_Sala,$B10,Mapa_Data,Data_Mapa,Mapa_Hab,L$1)))) | M10: =IF($B10="",0,IF(OR($C10<>"Sala cirúrgica",$E10=0),IF(AND(M$1<>"",M$1=$D10),Turno_Min,0),IF(M$1="",0,SUMIFS(Mapa_MinOcup,Mapa_Sala,$B10,Mapa_Data,Data_Mapa,Mapa_Hab,M$1)))) | ... S10: =IF($B10="",0,IF(OR($C10<>"Sala cirúrgica",$E10=0),IF(AND(S$1<>"",S$1=$D10),Turno_Min,0),IF(S$1="",0,SUMIFS(Mapa_MinOcup,Mapa_Sala,$B10,Mapa_Data,Data_Mapa,Mapa_Hab,S$1)))) | T10: =IF($B10="",0,SUM(F10:S10)) | U10: =IF($B10="",0,Turno_Min) | V10: =IF(OR($B10="",$C10<>"Sala cirúrgica"),"",$E10/Turno_Min)
A11: =IF($B11="","",$B11) | B11: =IF('Postos'!$A$11="","",'Postos'!$A$11) | C11: =IF($B11="","",IFERROR(INDEX(Postos_Tipo,MATCH($B11,Postos_Cod,0)),"")) | D11: =IF($B11="","",IFERROR(INDEX(Postos_Hab,MATCH($B11,Postos_Cod,0)),"")) | E11: =IF(OR($B11="",$C11<>"Sala cirúrgica"),0,SUMIFS(Mapa_MinOcup,Mapa_Sala,$B11,Mapa_Data,Data_Mapa)) | F11: =IF($B11="",0,IF(OR($C11<>"Sala cirúrgica",$E11=0),IF(AND(F$1<>"",F$1=$D11),Turno_Min,0),IF(F$1="",0,SUMIFS(Mapa_MinOcup,Mapa_Sala,$B11,Mapa_Data,Data_Mapa,Mapa_Hab,F$1)))) | G11: =IF($B11="",0,IF(OR($C11<>"Sala cirúrgica",$E11=0),IF(AND(G$1<>"",G$1=$D11),Turno_Min,0),IF(G$1="",0,SUMIFS(Mapa_MinOcup,Mapa_Sala,$B11,Mapa_Data,Data_Mapa,Mapa_Hab,G$1)))) | H11: =IF($B11="",0,IF(OR($C11<>"Sala cirúrgica",$E11=0),IF(AND(H$1<>"",H$1=$D11),Turno_Min,0),IF(H$1="",0,SUMIFS(Mapa_MinOcup,Mapa_Sala,$B11,Mapa_Data,Data_Mapa,Mapa_Hab,H$1)))) | I11: =IF($B11="",0,IF(OR($C11<>"Sala cirúrgica",$E11=0),IF(AND(I$1<>"",I$1=$D11),Turno_Min,0),IF(I$1="",0,SUMIFS(Mapa_MinOcup,Mapa_Sala,$B11,Mapa_Data,Data_Mapa,Mapa_Hab,I$1)))) | J11: =IF($B11="",0,IF(OR($C11<>"Sala cirúrgica",$E11=0),IF(AND(J$1<>"",J$1=$D11),Turno_Min,0),IF(J$1="",0,SUMIFS(Mapa_MinOcup,Mapa_Sala,$B11,Mapa_Data,Data_Mapa,Mapa_Hab,J$1)))) | K11: =IF($B11="",0,IF(OR($C11<>"Sala cirúrgica",$E11=0),IF(AND(K$1<>"",K$1=$D11),Turno_Min,0),IF(K$1="",0,SUMIFS(Mapa_MinOcup,Mapa_Sala,$B11,Mapa_Data,Data_Mapa,Mapa_Hab,K$1)))) | L11: =IF($B11="",0,IF(OR($C11<>"Sala cirúrgica",$E11=0),IF(AND(L$1<>"",L$1=$D11),Turno_Min,0),IF(L$1="",0,SUMIFS(Mapa_MinOcup,Mapa_Sala,$B11,Mapa_Data,Data_Mapa,Mapa_Hab,L$1)))) | M11: =IF($B11="",0,IF(OR($C11<>"Sala cirúrgica",$E11=0),IF(AND(M$1<>"",M$1=$D11),Turno_Min,0),IF(M$1="",0,SUMIFS(Mapa_MinOcup,Mapa_Sala,$B11,Mapa_Data,Data_Mapa,Mapa_Hab,M$1)))) | ... S11: =IF($B11="",0,IF(OR($C11<>"Sala cirúrgica",$E11=0),IF(AND(S$1<>"",S$1=$D11),Turno_Min,0),IF(S$1="",0,SUMIFS(Mapa_MinOcup,Mapa_Sala,$B11,Mapa_Data,Data_Mapa,Mapa_Hab,S$1)))) | T11: =IF($B11="",0,SUM(F11:S11)) | U11: =IF($B11="",0,Turno_Min) | V11: =IF(OR($B11="",$C11<>"Sala cirúrgica"),"",$E11/Turno_Min)
A12: =IF($B12="","",$B12) | B12: =IF('Postos'!$A$12="","",'Postos'!$A$12) | C12: =IF($B12="","",IFERROR(INDEX(Postos_Tipo,MATCH($B12,Postos_Cod,0)),"")) | D12: =IF($B12="","",IFERROR(INDEX(Postos_Hab,MATCH($B12,Postos_Cod,0)),"")) | E12: =IF(OR($B12="",$C12<>"Sala cirúrgica"),0,SUMIFS(Mapa_MinOcup,Mapa_Sala,$B12,Mapa_Data,Data_Mapa)) | F12: =IF($B12="",0,IF(OR($C12<>"Sala cirúrgica",$E12=0),IF(AND(F$1<>"",F$1=$D12),Turno_Min,0),IF(F$1="",0,SUMIFS(Mapa_MinOcup,Mapa_Sala,$B12,Mapa_Data,Data_Mapa,Mapa_Hab,F$1)))) | G12: =IF($B12="",0,IF(OR($C12<>"Sala cirúrgica",$E12=0),IF(AND(G$1<>"",G$1=$D12),Turno_Min,0),IF(G$1="",0,SUMIFS(Mapa_MinOcup,Mapa_Sala,$B12,Mapa_Data,Data_Mapa,Mapa_Hab,G$1)))) | H12: =IF($B12="",0,IF(OR($C12<>"Sala cirúrgica",$E12=0),IF(AND(H$1<>"",H$1=$D12),Turno_Min,0),IF(H$1="",0,SUMIFS(Mapa_MinOcup,Mapa_Sala,$B12,Mapa_Data,Data_Mapa,Mapa_Hab,H$1)))) | I12: =IF($B12="",0,IF(OR($C12<>"Sala cirúrgica",$E12=0),IF(AND(I$1<>"",I$1=$D12),Turno_Min,0),IF(I$1="",0,SUMIFS(Mapa_MinOcup,Mapa_Sala,$B12,Mapa_Data,Data_Mapa,Mapa_Hab,I$1)))) | J12: =IF($B12="",0,IF(OR($C12<>"Sala cirúrgica",$E12=0),IF(AND(J$1<>"",J$1=$D12),Turno_Min,0),IF(J$1="",0,SUMIFS(Mapa_MinOcup,Mapa_Sala,$B12,Mapa_Data,Data_Mapa,Mapa_Hab,J$1)))) | K12: =IF($B12="",0,IF(OR($C12<>"Sala cirúrgica",$E12=0),IF(AND(K$1<>"",K$1=$D12),Turno_Min,0),IF(K$1="",0,SUMIFS(Mapa_MinOcup,Mapa_Sala,$B12,Mapa_Data,Data_Mapa,Mapa_Hab,K$1)))) | L12: =IF($B12="",0,IF(OR($C12<>"Sala cirúrgica",$E12=0),IF(AND(L$1<>"",L$1=$D12),Turno_Min,0),IF(L$1="",0,SUMIFS(Mapa_MinOcup,Mapa_Sala,$B12,Mapa_Data,Data_Mapa,Mapa_Hab,L$1)))) | M12: =IF($B12="",0,IF(OR($C12<>"Sala cirúrgica",$E12=0),IF(AND(M$1<>"",M$1=$D12),Turno_Min,0),IF(M$1="",0,SUMIFS(Mapa_MinOcup,Mapa_Sala,$B12,Mapa_Data,Data_Mapa,Mapa_Hab,M$1)))) | ... S12: =IF($B12="",0,IF(OR($C12<>"Sala cirúrgica",$E12=0),IF(AND(S$1<>"",S$1=$D12),Turno_Min,0),IF(S$1="",0,SUMIFS(Mapa_MinOcup,Mapa_Sala,$B12,Mapa_Data,Data_Mapa,Mapa_Hab,S$1)))) | T12: =IF($B12="",0,SUM(F12:S12)) | U12: =IF($B12="",0,Turno_Min) | V12: =IF(OR($B12="",$C12<>"Sala cirúrgica"),"",$E12/Turno_Min)
A13: =IF($B13="","",$B13) | B13: =IF('Postos'!$A$13="","",'Postos'!$A$13) | C13: =IF($B13="","",IFERROR(INDEX(Postos_Tipo,MATCH($B13,Postos_Cod,0)),"")) | D13: =IF($B13="","",IFERROR(INDEX(Postos_Hab,MATCH($B13,Postos_Cod,0)),"")) | E13: =IF(OR($B13="",$C13<>"Sala cirúrgica"),0,SUMIFS(Mapa_MinOcup,Mapa_Sala,$B13,Mapa_Data,Data_Mapa)) | F13: =IF($B13="",0,IF(OR($C13<>"Sala cirúrgica",$E13=0),IF(AND(F$1<>"",F$1=$D13),Turno_Min,0),IF(F$1="",0,SUMIFS(Mapa_MinOcup,Mapa_Sala,$B13,Mapa_Data,Data_Mapa,Mapa_Hab,F$1)))) | G13: =IF($B13="",0,IF(OR($C13<>"Sala cirúrgica",$E13=0),IF(AND(G$1<>"",G$1=$D13),Turno_Min,0),IF(G$1="",0,SUMIFS(Mapa_MinOcup,Mapa_Sala,$B13,Mapa_Data,Data_Mapa,Mapa_Hab,G$1)))) | H13: =IF($B13="",0,IF(OR($C13<>"Sala cirúrgica",$E13=0),IF(AND(H$1<>"",H$1=$D13),Turno_Min,0),IF(H$1="",0,SUMIFS(Mapa_MinOcup,Mapa_Sala,$B13,Mapa_Data,Data_Mapa,Mapa_Hab,H$1)))) | I13: =IF($B13="",0,IF(OR($C13<>"Sala cirúrgica",$E13=0),IF(AND(I$1<>"",I$1=$D13),Turno_Min,0),IF(I$1="",0,SUMIFS(Mapa_MinOcup,Mapa_Sala,$B13,Mapa_Data,Data_Mapa,Mapa_Hab,I$1)))) | J13: =IF($B13="",0,IF(OR($C13<>"Sala cirúrgica",$E13=0),IF(AND(J$1<>"",J$1=$D13),Turno_Min,0),IF(J$1="",0,SUMIFS(Mapa_MinOcup,Mapa_Sala,$B13,Mapa_Data,Data_Mapa,Mapa_Hab,J$1)))) | K13: =IF($B13="",0,IF(OR($C13<>"Sala cirúrgica",$E13=0),IF(AND(K$1<>"",K$1=$D13),Turno_Min,0),IF(K$1="",0,SUMIFS(Mapa_MinOcup,Mapa_Sala,$B13,Mapa_Data,Data_Mapa,Mapa_Hab,K$1)))) | L13: =IF($B13="",0,IF(OR($C13<>"Sala cirúrgica",$E13=0),IF(AND(L$1<>"",L$1=$D13),Turno_Min,0),IF(L$1="",0,SUMIFS(Mapa_MinOcup,Mapa_Sala,$B13,Mapa_Data,Data_Mapa,Mapa_Hab,L$1)))) | M13: =IF($B13="",0,IF(OR($C13<>"Sala cirúrgica",$E13=0),IF(AND(M$1<>"",M$1=$D13),Turno_Min,0),IF(M$1="",0,SUMIFS(Mapa_MinOcup,Mapa_Sala,$B13,Mapa_Data,Data_Mapa,Mapa_Hab,M$1)))) | ... S13: =IF($B13="",0,IF(OR($C13<>"Sala cirúrgica",$E13=0),IF(AND(S$1<>"",S$1=$D13),Turno_Min,0),IF(S$1="",0,SUMIFS(Mapa_MinOcup,Mapa_Sala,$B13,Mapa_Data,Data_Mapa,Mapa_Hab,S$1)))) | T13: =IF($B13="",0,SUM(F13:S13)) | U13: =IF($B13="",0,Turno_Min) | V13: =IF(OR($B13="",$C13<>"Sala cirúrgica"),"",$E13/Turno_Min)
A14: =IF($B14="","",$B14) | B14: =IF('Postos'!$A$14="","",'Postos'!$A$14) | C14: =IF($B14="","",IFERROR(INDEX(Postos_Tipo,MATCH($B14,Postos_Cod,0)),"")) | D14: =IF($B14="","",IFERROR(INDEX(Postos_Hab,MATCH($B14,Postos_Cod,0)),"")) | E14: =IF(OR($B14="",$C14<>"Sala cirúrgica"),0,SUMIFS(Mapa_MinOcup,Mapa_Sala,$B14,Mapa_Data,Data_Mapa)) | F14: =IF($B14="",0,IF(OR($C14<>"Sala cirúrgica",$E14=0),IF(AND(F$1<>"",F$1=$D14),Turno_Min,0),IF(F$1="",0,SUMIFS(Mapa_MinOcup,Mapa_Sala,$B14,Mapa_Data,Data_Mapa,Mapa_Hab,F$1)))) | G14: =IF($B14="",0,IF(OR($C14<>"Sala cirúrgica",$E14=0),IF(AND(G$1<>"",G$1=$D14),Turno_Min,0),IF(G$1="",0,SUMIFS(Mapa_MinOcup,Mapa_Sala,$B14,Mapa_Data,Data_Mapa,Mapa_Hab,G$1)))) | H14: =IF($B14="",0,IF(OR($C14<>"Sala cirúrgica",$E14=0),IF(AND(H$1<>"",H$1=$D14),Turno_Min,0),IF(H$1="",0,SUMIFS(Mapa_MinOcup,Mapa_Sala,$B14,Mapa_Data,Data_Mapa,Mapa_Hab,H$1)))) | I14: =IF($B14="",0,IF(OR($C14<>"Sala cirúrgica",$E14=0),IF(AND(I$1<>"",I$1=$D14),Turno_Min,0),IF(I$1="",0,SUMIFS(Mapa_MinOcup,Mapa_Sala,$B14,Mapa_Data,Data_Mapa,Mapa_Hab,I$1)))) | J14: =IF($B14="",0,IF(OR($C14<>"Sala cirúrgica",$E14=0),IF(AND(J$1<>"",J$1=$D14),Turno_Min,0),IF(J$1="",0,SUMIFS(Mapa_MinOcup,Mapa_Sala,$B14,Mapa_Data,Data_Mapa,Mapa_Hab,J$1)))) | K14: =IF($B14="",0,IF(OR($C14<>"Sala cirúrgica",$E14=0),IF(AND(K$1<>"",K$1=$D14),Turno_Min,0),IF(K$1="",0,SUMIFS(Mapa_MinOcup,Mapa_Sala,$B14,Mapa_Data,Data_Mapa,Mapa_Hab,K$1)))) | L14: =IF($B14="",0,IF(OR($C14<>"Sala cirúrgica",$E14=0),IF(AND(L$1<>"",L$1=$D14),Turno_Min,0),IF(L$1="",0,SUMIFS(Mapa_MinOcup,Mapa_Sala,$B14,Mapa_Data,Data_Mapa,Mapa_Hab,L$1)))) | M14: =IF($B14="",0,IF(OR($C14<>"Sala cirúrgica",$E14=0),IF(AND(M$1<>"",M$1=$D14),Turno_Min,0),IF(M$1="",0,SUMIFS(Mapa_MinOcup,Mapa_Sala,$B14,Mapa_Data,Data_Mapa,Mapa_Hab,M$1)))) | ... S14: =IF($B14="",0,IF(OR($C14<>"Sala cirúrgica",$E14=0),IF(AND(S$1<>"",S$1=$D14),Turno_Min,0),IF(S$1="",0,SUMIFS(Mapa_MinOcup,Mapa_Sala,$B14,Mapa_Data,Data_Mapa,Mapa_Hab,S$1)))) | T14: =IF($B14="",0,SUM(F14:S14)) | U14: =IF($B14="",0,Turno_Min) | V14: =IF(OR($B14="",$C14<>"Sala cirúrgica"),"",$E14/Turno_Min)
A15: =IF($B15="","",$B15) | B15: =IF('Postos'!$A$15="","",'Postos'!$A$15) | C15: =IF($B15="","",IFERROR(INDEX(Postos_Tipo,MATCH($B15,Postos_Cod,0)),"")) | D15: =IF($B15="","",IFERROR(INDEX(Postos_Hab,MATCH($B15,Postos_Cod,0)),"")) | E15: =IF(OR($B15="",$C15<>"Sala cirúrgica"),0,SUMIFS(Mapa_MinOcup,Mapa_Sala,$B15,Mapa_Data,Data_Mapa)) | F15: =IF($B15="",0,IF(OR($C15<>"Sala cirúrgica",$E15=0),IF(AND(F$1<>"",F$1=$D15),Turno_Min,0),IF(F$1="",0,SUMIFS(Mapa_MinOcup,Mapa_Sala,$B15,Mapa_Data,Data_Mapa,Mapa_Hab,F$1)))) | G15: =IF($B15="",0,IF(OR($C15<>"Sala cirúrgica",$E15=0),IF(AND(G$1<>"",G$1=$D15),Turno_Min,0),IF(G$1="",0,SUMIFS(Mapa_MinOcup,Mapa_Sala,$B15,Mapa_Data,Data_Mapa,Mapa_Hab,G$1)))) | H15: =IF($B15="",0,IF(OR($C15<>"Sala cirúrgica",$E15=0),IF(AND(H$1<>"",H$1=$D15),Turno_Min,0),IF(H$1="",0,SUMIFS(Mapa_MinOcup,Mapa_Sala,$B15,Mapa_Data,Data_Mapa,Mapa_Hab,H$1)))) | I15: =IF($B15="",0,IF(OR($C15<>"Sala cirúrgica",$E15=0),IF(AND(I$1<>"",I$1=$D15),Turno_Min,0),IF(I$1="",0,SUMIFS(Mapa_MinOcup,Mapa_Sala,$B15,Mapa_Data,Data_Mapa,Mapa_Hab,I$1)))) | J15: =IF($B15="",0,IF(OR($C15<>"Sala cirúrgica",$E15=0),IF(AND(J$1<>"",J$1=$D15),Turno_Min,0),IF(J$1="",0,SUMIFS(Mapa_MinOcup,Mapa_Sala,$B15,Mapa_Data,Data_Mapa,Mapa_Hab,J$1)))) | K15: =IF($B15="",0,IF(OR($C15<>"Sala cirúrgica",$E15=0),IF(AND(K$1<>"",K$1=$D15),Turno_Min,0),IF(K$1="",0,SUMIFS(Mapa_MinOcup,Mapa_Sala,$B15,Mapa_Data,Data_Mapa,Mapa_Hab,K$1)))) | L15: =IF($B15="",0,IF(OR($C15<>"Sala cirúrgica",$E15=0),IF(AND(L$1<>"",L$1=$D15),Turno_Min,0),IF(L$1="",0,SUMIFS(Mapa_MinOcup,Mapa_Sala,$B15,Mapa_Data,Data_Mapa,Mapa_Hab,L$1)))) | M15: =IF($B15="",0,IF(OR($C15<>"Sala cirúrgica",$E15=0),IF(AND(M$1<>"",M$1=$D15),Turno_Min,0),IF(M$1="",0,SUMIFS(Mapa_MinOcup,Mapa_Sala,$B15,Mapa_Data,Data_Mapa,Mapa_Hab,M$1)))) | ... S15: =IF($B15="",0,IF(OR($C15<>"Sala cirúrgica",$E15=0),IF(AND(S$1<>"",S$1=$D15),Turno_Min,0),IF(S$1="",0,SUMIFS(Mapa_MinOcup,Mapa_Sala,$B15,Mapa_Data,Data_Mapa,Mapa_Hab,S$1)))) | T15: =IF($B15="",0,SUM(F15:S15)) | U15: =IF($B15="",0,Turno_Min) | V15: =IF(OR($B15="",$C15<>"Sala cirúrgica"),"",$E15/Turno_Min)
A16: =IF($B16="","",$B16) | B16: =IF('Postos'!$A$16="","",'Postos'!$A$16) | C16: =IF($B16="","",IFERROR(INDEX(Postos_Tipo,MATCH($B16,Postos_Cod,0)),"")) | D16: =IF($B16="","",IFERROR(INDEX(Postos_Hab,MATCH($B16,Postos_Cod,0)),"")) | E16: =IF(OR($B16="",$C16<>"Sala cirúrgica"),0,SUMIFS(Mapa_MinOcup,Mapa_Sala,$B16,Mapa_Data,Data_Mapa)) | F16: =IF($B16="",0,IF(OR($C16<>"Sala cirúrgica",$E16=0),IF(AND(F$1<>"",F$1=$D16),Turno_Min,0),IF(F$1="",0,SUMIFS(Mapa_MinOcup,Mapa_Sala,$B16,Mapa_Data,Data_Mapa,Mapa_Hab,F$1)))) | G16: =IF($B16="",0,IF(OR($C16<>"Sala cirúrgica",$E16=0),IF(AND(G$1<>"",G$1=$D16),Turno_Min,0),IF(G$1="",0,SUMIFS(Mapa_MinOcup,Mapa_Sala,$B16,Mapa_Data,Data_Mapa,Mapa_Hab,G$1)))) | H16: =IF($B16="",0,IF(OR($C16<>"Sala cirúrgica",$E16=0),IF(AND(H$1<>"",H$1=$D16),Turno_Min,0),IF(H$1="",0,SUMIFS(Mapa_MinOcup,Mapa_Sala,$B16,Mapa_Data,Data_Mapa,Mapa_Hab,H$1)))) | I16: =IF($B16="",0,IF(OR($C16<>"Sala cirúrgica",$E16=0),IF(AND(I$1<>"",I$1=$D16),Turno_Min,0),IF(I$1="",0,SUMIFS(Mapa_MinOcup,Mapa_Sala,$B16,Mapa_Data,Data_Mapa,Mapa_Hab,I$1)))) | J16: =IF($B16="",0,IF(OR($C16<>"Sala cirúrgica",$E16=0),IF(AND(J$1<>"",J$1=$D16),Turno_Min,0),IF(J$1="",0,SUMIFS(Mapa_MinOcup,Mapa_Sala,$B16,Mapa_Data,Data_Mapa,Mapa_Hab,J$1)))) | K16: =IF($B16="",0,IF(OR($C16<>"Sala cirúrgica",$E16=0),IF(AND(K$1<>"",K$1=$D16),Turno_Min,0),IF(K$1="",0,SUMIFS(Mapa_MinOcup,Mapa_Sala,$B16,Mapa_Data,Data_Mapa,Mapa_Hab,K$1)))) | L16: =IF($B16="",0,IF(OR($C16<>"Sala cirúrgica",$E16=0),IF(AND(L$1<>"",L$1=$D16),Turno_Min,0),IF(L$1="",0,SUMIFS(Mapa_MinOcup,Mapa_Sala,$B16,Mapa_Data,Data_Mapa,Mapa_Hab,L$1)))) | M16: =IF($B16="",0,IF(OR($C16<>"Sala cirúrgica",$E16=0),IF(AND(M$1<>"",M$1=$D16),Turno_Min,0),IF(M$1="",0,SUMIFS(Mapa_MinOcup,Mapa_Sala,$B16,Mapa_Data,Data_Mapa,Mapa_Hab,M$1)))) | ... S16: =IF($B16="",0,IF(OR($C16<>"Sala cirúrgica",$E16=0),IF(AND(S$1<>"",S$1=$D16),Turno_Min,0),IF(S$1="",0,SUMIFS(Mapa_MinOcup,Mapa_Sala,$B16,Mapa_Data,Data_Mapa,Mapa_Hab,S$1)))) | T16: =IF($B16="",0,SUM(F16:S16)) | U16: =IF($B16="",0,Turno_Min) | V16: =IF(OR($B16="",$C16<>"Sala cirúrgica"),"",$E16/Turno_Min)
A17: =IF($B17="","",$B17) | B17: =IF('Postos'!$A$17="","",'Postos'!$A$17) | C17: =IF($B17="","",IFERROR(INDEX(Postos_Tipo,MATCH($B17,Postos_Cod,0)),"")) | D17: =IF($B17="","",IFERROR(INDEX(Postos_Hab,MATCH($B17,Postos_Cod,0)),"")) | E17: =IF(OR($B17="",$C17<>"Sala cirúrgica"),0,SUMIFS(Mapa_MinOcup,Mapa_Sala,$B17,Mapa_Data,Data_Mapa)) | F17: =IF($B17="",0,IF(OR($C17<>"Sala cirúrgica",$E17=0),IF(AND(F$1<>"",F$1=$D17),Turno_Min,0),IF(F$1="",0,SUMIFS(Mapa_MinOcup,Mapa_Sala,$B17,Mapa_Data,Data_Mapa,Mapa_Hab,F$1)))) | G17: =IF($B17="",0,IF(OR($C17<>"Sala cirúrgica",$E17=0),IF(AND(G$1<>"",G$1=$D17),Turno_Min,0),IF(G$1="",0,SUMIFS(Mapa_MinOcup,Mapa_Sala,$B17,Mapa_Data,Data_Mapa,Mapa_Hab,G$1)))) | H17: =IF($B17="",0,IF(OR($C17<>"Sala cirúrgica",$E17=0),IF(AND(H$1<>"",H$1=$D17),Turno_Min,0),IF(H$1="",0,SUMIFS(Mapa_MinOcup,Mapa_Sala,$B17,Mapa_Data,Data_Mapa,Mapa_Hab,H$1)))) | I17: =IF($B17="",0,IF(OR($C17<>"Sala cirúrgica",$E17=0),IF(AND(I$1<>"",I$1=$D17),Turno_Min,0),IF(I$1="",0,SUMIFS(Mapa_MinOcup,Mapa_Sala,$B17,Mapa_Data,Data_Mapa,Mapa_Hab,I$1)))) | J17: =IF($B17="",0,IF(OR($C17<>"Sala cirúrgica",$E17=0),IF(AND(J$1<>"",J$1=$D17),Turno_Min,0),IF(J$1="",0,SUMIFS(Mapa_MinOcup,Mapa_Sala,$B17,Mapa_Data,Data_Mapa,Mapa_Hab,J$1)))) | K17: =IF($B17="",0,IF(OR($C17<>"Sala cirúrgica",$E17=0),IF(AND(K$1<>"",K$1=$D17),Turno_Min,0),IF(K$1="",0,SUMIFS(Mapa_MinOcup,Mapa_Sala,$B17,Mapa_Data,Data_Mapa,Mapa_Hab,K$1)))) | L17: =IF($B17="",0,IF(OR($C17<>"Sala cirúrgica",$E17=0),IF(AND(L$1<>"",L$1=$D17),Turno_Min,0),IF(L$1="",0,SUMIFS(Mapa_MinOcup,Mapa_Sala,$B17,Mapa_Data,Data_Mapa,Mapa_Hab,L$1)))) | M17: =IF($B17="",0,IF(OR($C17<>"Sala cirúrgica",$E17=0),IF(AND(M$1<>"",M$1=$D17),Turno_Min,0),IF(M$1="",0,SUMIFS(Mapa_MinOcup,Mapa_Sala,$B17,Mapa_Data,Data_Mapa,Mapa_Hab,M$1)))) | ... S17: =IF($B17="",0,IF(OR($C17<>"Sala cirúrgica",$E17=0),IF(AND(S$1<>"",S$1=$D17),Turno_Min,0),IF(S$1="",0,SUMIFS(Mapa_MinOcup,Mapa_Sala,$B17,Mapa_Data,Data_Mapa,Mapa_Hab,S$1)))) | T17: =IF($B17="",0,SUM(F17:S17)) | U17: =IF($B17="",0,Turno_Min) | V17: =IF(OR($B17="",$C17<>"Sala cirúrgica"),"",$E17/Turno_Min)

Sheet Calc_Afinidade
A1: Matrícula | B1: Nome do técnico | C1: Situação na data | D1: =IF('Calc_Mix'!$B$2="","",'Calc_Mix'!$B$2) | E1: =IF('Calc_Mix'!$B$3="","",'Calc_Mix'!$B$3) | F1: =IF('Calc_Mix'!$B$4="","",'Calc_Mix'!$B$4) | G1: =IF('Calc_Mix'!$B$5="","",'Calc_Mix'!$B$5) | H1: =IF('Calc_Mix'!$B$6="","",'Calc_Mix'!$B$6) | I1: =IF('Calc_Mix'!$B$7="","",'Calc_Mix'!$B$7) | J1: =IF('Calc_Mix'!$B$8="","",'Calc_Mix'!$B$8) | K1: =IF('Calc_Mix'!$B$9="","",'Calc_Mix'!$B$9) | L1: =IF('Calc_Mix'!$B$10="","",'Calc_Mix'!$B$10) | M1: =IF('Calc_Mix'!$B$11="","",'Calc_Mix'!$B$11) | N1: =IF('Calc_Mix'!$B$12="","",'Calc_Mix'!$B$12) | O1: =IF('Calc_Mix'!$B$13="","",'Calc_Mix'!$B$13) | P1: =IF('Calc_Mix'!$B$14="","",'Calc_Mix'!$B$14) | Q1: =IF('Calc_Mix'!$B$15="","",'Calc_Mix'!$B$15) | R1: =IF('Calc_Mix'!$B$16="","",'Calc_Mix'!$B$16) | S1: =IF('Calc_Mix'!$B$17="","",'Calc_Mix'!$B$17)
A2: =IF('Matriz_Habilidades'!A2="","",'Matriz_Habilidades'!A2) | B2: =IF('Matriz_Habilidades'!B2="","",'Matriz_Habilidades'!B2) | C2: =IF($A2="","",IFERROR(INDEX(Equipe_Situacao,MATCH($B2,Equipe_Nome,0)),"?")) | D2: =IF(OR($B2="",$C2<>"Disponível",'Calc_Mix'!$T$2=0,COUNTIF(Esc_Tec1,$B2)+COUNTIF(Esc_Tec2,$B2)>0,SUMPRODUCT('Calc_Mix'!$F$2:$S$2,'Matriz_Habilidades'!$D2:$Q2)=0),"",SUMPRODUCT('Calc_Mix'!$F$2:$S$2,'Matriz_Habilidades'!$D2:$Q2)/'Calc_Mix'!$T$2+ROW()*0.000001) | E2: =IF(OR($B2="",$C2<>"Disponível",'Calc_Mix'!$T$3=0,COUNTIF(Esc_Tec1,$B2)+COUNTIF(Esc_Tec2,$B2)>0,SUMPRODUCT('Calc_Mix'!$F$3:$S$3,'Matriz_Habilidades'!$D2:$Q2)=0),"",SUMPRODUCT('Calc_Mix'!$F$3:$S$3,'Matriz_Habilidades'!$D2:$Q2)/'Calc_Mix'!$T$3+ROW()*0.000001) | F2: =IF(OR($B2="",$C2<>"Disponível",'Calc_Mix'!$T$4=0,COUNTIF(Esc_Tec1,$B2)+COUNTIF(Esc_Tec2,$B2)>0,SUMPRODUCT('Calc_Mix'!$F$4:$S$4,'Matriz_Habilidades'!$D2:$Q2)=0),"",SUMPRODUCT('Calc_Mix'!$F$4:$S$4,'Matriz_Habilidades'!$D2:$Q2)/'Calc_Mix'!$T$4+ROW()*0.000001) | G2: =IF(OR($B2="",$C2<>"Disponível",'Calc_Mix'!$T$5=0,COUNTIF(Esc_Tec1,$B2)+COUNTIF(Esc_Tec2,$B2)>0,SUMPRODUCT('Calc_Mix'!$F$5:$S$5,'Matriz_Habilidades'!$D2:$Q2)=0),"",SUMPRODUCT('Calc_Mix'!$F$5:$S$5,'Matriz_Habilidades'!$D2:$Q2)/'Calc_Mix'!$T$5+ROW()*0.000001) | H2: =IF(OR($B2="",$C2<>"Disponível",'Calc_Mix'!$T$6=0,COUNTIF(Esc_Tec1,$B2)+COUNTIF(Esc_Tec2,$B2)>0,SUMPRODUCT('Calc_Mix'!$F$6:$S$6,'Matriz_Habilidades'!$D2:$Q2)=0),"",SUMPRODUCT('Calc_Mix'!$F$6:$S$6,'Matriz_Habilidades'!$D2:$Q2)/'Calc_Mix'!$T$6+ROW()*0.000001) | I2: =IF(OR($B2="",$C2<>"Disponível",'Calc_Mix'!$T$7=0,COUNTIF(Esc_Tec1,$B2)+COUNTIF(Esc_Tec2,$B2)>0,SUMPRODUCT('Calc_Mix'!$F$7:$S$7,'Matriz_Habilidades'!$D2:$Q2)=0),"",SUMPRODUCT('Calc_Mix'!$F$7:$S$7,'Matriz_Habilidades'!$D2:$Q2)/'Calc_Mix'!$T$7+ROW()*0.000001) | J2: =IF(OR($B2="",$C2<>"Disponível",'Calc_Mix'!$T$8=0,COUNTIF(Esc_Tec1,$B2)+COUNTIF(Esc_Tec2,$B2)>0,SUMPRODUCT('Calc_Mix'!$F$8:$S$8,'Matriz_Habilidades'!$D2:$Q2)=0),"",SUMPRODUCT('Calc_Mix'!$F$8:$S$8,'Matriz_Habilidades'!$D2:$Q2)/'Calc_Mix'!$T$8+ROW()*0.000001) | K2: =IF(OR($B2="",$C2<>"Disponível",'Calc_Mix'!$T$9=0,COUNTIF(Esc_Tec1,$B2)+COUNTIF(Esc_Tec2,$B2)>0,SUMPRODUCT('Calc_Mix'!$F$9:$S$9,'Matriz_Habilidades'!$D2:$Q2)=0),"",SUMPRODUCT('Calc_Mix'!$F$9:$S$9,'Matriz_Habilidades'!$D2:$Q2)/'Calc_Mix'!$T$9+ROW()*0.000001) | L2: =IF(OR($B2="",$C2<>"Disponível",'Calc_Mix'!$T$10=0,COUNTIF(Esc_Tec1,$B2)+COUNTIF(Esc_Tec2,$B2)>0,SUMPRODUCT('Calc_Mix'!$F$10:$S$10,'Matriz_Habilidades'!$D2:$Q2)=0),"",SUMPRODUCT('Calc_Mix'!$F$10:$S$10,'Matriz_Habilidades'!$D2:$Q2)/'Calc_Mix'!$T$10+ROW()*0.000001) | M2: =IF(OR($B2="",$C2<>"Disponível",'Calc_Mix'!$T$11=0,COUNTIF(Esc_Tec1,$B2)+COUNTIF(Esc_Tec2,$B2)>0,SUMPRODUCT('Calc_Mix'!$F$11:$S$11,'Matriz_Habilidades'!$D2:$Q2)=0),"",SUMPRODUCT('Calc_Mix'!$F$11:$S$11,'Matriz_Habilidades'!$D2:$Q2)/'Calc_Mix'!$T$11+ROW()*0.000001) | N2: =IF(OR($B2="",$C2<>"Disponível",'Calc_Mix'!$T$12=0,COUNTIF(Esc_Tec1,$B2)+COUNTIF(Esc_Tec2,$B2)>0,SUMPRODUCT('Calc_Mix'!$F$12:$S$12,'Matriz_Habilidades'!$D2:$Q2)=0),"",SUMPRODUCT('Calc_Mix'!$F$12:$S$12,'Matriz_Habilidades'!$D2:$Q2)/'Calc_Mix'!$T$12+ROW()*0.000001) | O2: =IF(OR($B2="",$C2<>"Disponível",'Calc_Mix'!$T$13=0,COUNTIF(Esc_Tec1,$B2)+COUNTIF(Esc_Tec2,$B2)>0,SUMPRODUCT('Calc_Mix'!$F$13:$S$13,'Matriz_Habilidades'!$D2:$Q2)=0),"",SUMPRODUCT('Calc_Mix'!$F$13:$S$13,'Matriz_Habilidades'!$D2:$Q2)/'Calc_Mix'!$T$13+ROW()*0.000001) | P2: =IF(OR($B2="",$C2<>"Disponível",'Calc_Mix'!$T$14=0,COUNTIF(Esc_Tec1,$B2)+COUNTIF(Esc_Tec2,$B2)>0,SUMPRODUCT('Calc_Mix'!$F$14:$S$14,'Matriz_Habilidades'!$D2:$Q2)=0),"",SUMPRODUCT('Calc_Mix'!$F$14:$S$14,'Matriz_Habilidades'!$D2:$Q2)/'Calc_Mix'!$T$14+ROW()*0.000001) | Q2: =IF(OR($B2="",$C2<>"Disponível",'Calc_Mix'!$T$15=0,COUNTIF(Esc_Tec1,$B2)+COUNTIF(Esc_Tec2,$B2)>0,SUMPRODUCT('Calc_Mix'!$F$15:$S$15,'Matriz_Habilidades'!$D2:$Q2)=0),"",SUMPRODUCT('Calc_Mix'!$F$15:$S$15,'Matriz_Habilidades'!$D2:$Q2)/'Calc_Mix'!$T$15+ROW()*0.000001) | R2: =IF(OR($B2="",$C2<>"Disponível",'Calc_Mix'!$T$16=0,COUNTIF(Esc_Tec1,$B2)+COUNTIF(Esc_Tec2,$B2)>0,SUMPRODUCT('Calc_Mix'!$F$16:$S$16,'Matriz_Habilidades'!$D2:$Q2)=0),"",SUMPRODUCT('Calc_Mix'!$F$16:$S$16,'Matriz_Habilidades'!$D2:$Q2)/'Calc_Mix'!$T$16+ROW()*0.000001) | S2: =IF(OR($B2="",$C2<>"Disponível",'Calc_Mix'!$T$17=0,COUNTIF(Esc_Tec1,$B2)+COUNTIF(Esc_Tec2,$B2)>0,SUMPRODUCT('Calc_Mix'!$F$17:$S$17,'Matriz_Habilidades'!$D2:$Q2)=0),"",SUMPRODUCT('Calc_Mix'!$F$17:$S$17,'Matriz_Habilidades'!$D2:$Q2)/'Calc_Mix'!$T$17+ROW()*0.000001)
A3: =IF('Matriz_Habilidades'!A3="","",'Matriz_Habilidades'!A3) | B3: =IF('Matriz_Habilidades'!B3="","",'Matriz_Habilidades'!B3) | C3: =IF($A3="","",IFERROR(INDEX(Equipe_Situacao,MATCH($B3,Equipe_Nome,0)),"?")) | D3: =IF(OR($B3="",$C3<>"Disponível",'Calc_Mix'!$T$2=0,COUNTIF(Esc_Tec1,$B3)+COUNTIF(Esc_Tec2,$B3)>0,SUMPRODUCT('Calc_Mix'!$F$2:$S$2,'Matriz_Habilidades'!$D3:$Q3)=0),"",SUMPRODUCT('Calc_Mix'!$F$2:$S$2,'Matriz_Habilidades'!$D3:$Q3)/'Calc_Mix'!$T$2+ROW()*0.000001) | E3: =IF(OR($B3="",$C3<>"Disponível",'Calc_Mix'!$T$3=0,COUNTIF(Esc_Tec1,$B3)+COUNTIF(Esc_Tec2,$B3)>0,SUMPRODUCT('Calc_Mix'!$F$3:$S$3,'Matriz_Habilidades'!$D3:$Q3)=0),"",SUMPRODUCT('Calc_Mix'!$F$3:$S$3,'Matriz_Habilidades'!$D3:$Q3)/'Calc_Mix'!$T$3+ROW()*0.000001) | F3: =IF(OR($B3="",$C3<>"Disponível",'Calc_Mix'!$T$4=0,COUNTIF(Esc_Tec1,$B3)+COUNTIF(Esc_Tec2,$B3)>0,SUMPRODUCT('Calc_Mix'!$F$4:$S$4,'Matriz_Habilidades'!$D3:$Q3)=0),"",SUMPRODUCT('Calc_Mix'!$F$4:$S$4,'Matriz_Habilidades'!$D3:$Q3)/'Calc_Mix'!$T$4+ROW()*0.000001) | G3: =IF(OR($B3="",$C3<>"Disponível",'Calc_Mix'!$T$5=0,COUNTIF(Esc_Tec1,$B3)+COUNTIF(Esc_Tec2,$B3)>0,SUMPRODUCT('Calc_Mix'!$F$5:$S$5,'Matriz_Habilidades'!$D3:$Q3)=0),"",SUMPRODUCT('Calc_Mix'!$F$5:$S$5,'Matriz_Habilidades'!$D3:$Q3)/'Calc_Mix'!$T$5+ROW()*0.000001) | H3: =IF(OR($B3="",$C3<>"Disponível",'Calc_Mix'!$T$6=0,COUNTIF(Esc_Tec1,$B3)+COUNTIF(Esc_Tec2,$B3)>0,SUMPRODUCT('Calc_Mix'!$F$6:$S$6,'Matriz_Habilidades'!$D3:$Q3)=0),"",SUMPRODUCT('Calc_Mix'!$F$6:$S$6,'Matriz_Habilidades'!$D3:$Q3)/'Calc_Mix'!$T$6+ROW()*0.000001) | I3: =IF(OR($B3="",$C3<>"Disponível",'Calc_Mix'!$T$7=0,COUNTIF(Esc_Tec1,$B3)+COUNTIF(Esc_Tec2,$B3)>0,SUMPRODUCT('Calc_Mix'!$F$7:$S$7,'Matriz_Habilidades'!$D3:$Q3)=0),"",SUMPRODUCT('Calc_Mix'!$F$7:$S$7,'Matriz_Habilidades'!$D3:$Q3)/'Calc_Mix'!$T$7+ROW()*0.000001) | J3: =IF(OR($B3="",$C3<>"Disponível",'Calc_Mix'!$T$8=0,COUNTIF(Esc_Tec1,$B3)+COUNTIF(Esc_Tec2,$B3)>0,SUMPRODUCT('Calc_Mix'!$F$8:$S$8,'Matriz_Habilidades'!$D3:$Q3)=0),"",SUMPRODUCT('Calc_Mix'!$F$8:$S$8,'Matriz_Habilidades'!$D3:$Q3)/'Calc_Mix'!$T$8+ROW()*0.000001) | K3: =IF(OR($B3="",$C3<>"Disponível",'Calc_Mix'!$T$9=0,COUNTIF(Esc_Tec1,$B3)+COUNTIF(Esc_Tec2,$B3)>0,SUMPRODUCT('Calc_Mix'!$F$9:$S$9,'Matriz_Habilidades'!$D3:$Q3)=0),"",SUMPRODUCT('Calc_Mix'!$F$9:$S$9,'Matriz_Habilidades'!$D3:$Q3)/'Calc_Mix'!$T$9+ROW()*0.000001) | L3: =IF(OR($B3="",$C3<>"Disponível",'Calc_Mix'!$T$10=0,COUNTIF(Esc_Tec1,$B3)+COUNTIF(Esc_Tec2,$B3)>0,SUMPRODUCT('Calc_Mix'!$F$10:$S$10,'Matriz_Habilidades'!$D3:$Q3)=0),"",SUMPRODUCT('Calc_Mix'!$F$10:$S$10,'Matriz_Habilidades'!$D3:$Q3)/'Calc_Mix'!$T$10+ROW()*0.000001) | M3: =IF(OR($B3="",$C3<>"Disponível",'Calc_Mix'!$T$11=0,COUNTIF(Esc_Tec1,$B3)+COUNTIF(Esc_Tec2,$B3)>0,SUMPRODUCT('Calc_Mix'!$F$11:$S$11,'Matriz_Habilidades'!$D3:$Q3)=0),"",SUMPRODUCT('Calc_Mix'!$F$11:$S$11,'Matriz_Habilidades'!$D3:$Q3)/'Calc_Mix'!$T$11+ROW()*0.000001) | N3: =IF(OR($B3="",$C3<>"Disponível",'Calc_Mix'!$T$12=0,COUNTIF(Esc_Tec1,$B3)+COUNTIF(Esc_Tec2,$B3)>0,SUMPRODUCT('Calc_Mix'!$F$12:$S$12,'Matriz_Habilidades'!$D3:$Q3)=0),"",SUMPRODUCT('Calc_Mix'!$F$12:$S$12,'Matriz_Habilidades'!$D3:$Q3)/'Calc_Mix'!$T$12+ROW()*0.000001) | O3: =IF(OR($B3="",$C3<>"Disponível",'Calc_Mix'!$T$13=0,COUNTIF(Esc_Tec1,$B3)+COUNTIF(Esc_Tec2,$B3)>0,SUMPRODUCT('Calc_Mix'!$F$13:$S$13,'Matriz_Habilidades'!$D3:$Q3)=0),"",SUMPRODUCT('Calc_Mix'!$F$13:$S$13,'Matriz_Habilidades'!$D3:$Q3)/'Calc_Mix'!$T$13+ROW()*0.000001) | P3: =IF(OR($B3="",$C3<>"Disponível",'Calc_Mix'!$T$14=0,COUNTIF(Esc_Tec1,$B3)+COUNTIF(Esc_Tec2,$B3)>0,SUMPRODUCT('Calc_Mix'!$F$14:$S$14,'Matriz_Habilidades'!$D3:$Q3)=0),"",SUMPRODUCT('Calc_Mix'!$F$14:$S$14,'Matriz_Habilidades'!$D3:$Q3)/'Calc_Mix'!$T$14+ROW()*0.000001) | Q3: =IF(OR($B3="",$C3<>"Disponível",'Calc_Mix'!$T$15=0,COUNTIF(Esc_Tec1,$B3)+COUNTIF(Esc_Tec2,$B3)>0,SUMPRODUCT('Calc_Mix'!$F$15:$S$15,'Matriz_Habilidades'!$D3:$Q3)=0),"",SUMPRODUCT('Calc_Mix'!$F$15:$S$15,'Matriz_Habilidades'!$D3:$Q3)/'Calc_Mix'!$T$15+ROW()*0.000001) | R3: =IF(OR($B3="",$C3<>"Disponível",'Calc_Mix'!$T$16=0,COUNTIF(Esc_Tec1,$B3)+COUNTIF(Esc_Tec2,$B3)>0,SUMPRODUCT('Calc_Mix'!$F$16:$S$16,'Matriz_Habilidades'!$D3:$Q3)=0),"",SUMPRODUCT('Calc_Mix'!$F$16:$S$16,'Matriz_Habilidades'!$D3:$Q3)/'Calc_Mix'!$T$16+ROW()*0.000001) | S3: =IF(OR($B3="",$C3<>"Disponível",'Calc_Mix'!$T$17=0,COUNTIF(Esc_Tec1,$B3)+COUNTIF(Esc_Tec2,$B3)>0,SUMPRODUCT('Calc_Mix'!$F$17:$S$17,'Matriz_Habilidades'!$D3:$Q3)=0),"",SUMPRODUCT('Calc_Mix'!$F$17:$S$17,'Matriz_Habilidades'!$D3:$Q3)/'Calc_Mix'!$T$17+ROW()*0.000001)
A4: =IF('Matriz_Habilidades'!A4="","",'Matriz_Habilidades'!A4) | B4: =IF('Matriz_Habilidades'!B4="","",'Matriz_Habilidades'!B4) | C4: =IF($A4="","",IFERROR(INDEX(Equipe_Situacao,MATCH($B4,Equipe_Nome,0)),"?")) | D4: =IF(OR($B4="",$C4<>"Disponível",'Calc_Mix'!$T$2=0,COUNTIF(Esc_Tec1,$B4)+COUNTIF(Esc_Tec2,$B4)>0,SUMPRODUCT('Calc_Mix'!$F$2:$S$2,'Matriz_Habilidades'!$D4:$Q4)=0),"",SUMPRODUCT('Calc_Mix'!$F$2:$S$2,'Matriz_Habilidades'!$D4:$Q4)/'Calc_Mix'!$T$2+ROW()*0.000001) | E4: =IF(OR($B4="",$C4<>"Disponível",'Calc_Mix'!$T$3=0,COUNTIF(Esc_Tec1,$B4)+COUNTIF(Esc_Tec2,$B4)>0,SUMPRODUCT('Calc_Mix'!$F$3:$S$3,'Matriz_Habilidades'!$D4:$Q4)=0),"",SUMPRODUCT('Calc_Mix'!$F$3:$S$3,'Matriz_Habilidades'!$D4:$Q4)/'Calc_Mix'!$T$3+ROW()*0.000001) | F4: =IF(OR($B4="",$C4<>"Disponível",'Calc_Mix'!$T$4=0,COUNTIF(Esc_Tec1,$B4)+COUNTIF(Esc_Tec2,$B4)>0,SUMPRODUCT('Calc_Mix'!$F$4:$S$4,'Matriz_Habilidades'!$D4:$Q4)=0),"",SUMPRODUCT('Calc_Mix'!$F$4:$S$4,'Matriz_Habilidades'!$D4:$Q4)/'Calc_Mix'!$T$4+ROW()*0.000001) | G4: =IF(OR($B4="",$C4<>"Disponível",'Calc_Mix'!$T$5=0,COUNTIF(Esc_Tec1,$B4)+COUNTIF(Esc_Tec2,$B4)>0,SUMPRODUCT('Calc_Mix'!$F$5:$S$5,'Matriz_Habilidades'!$D4:$Q4)=0),"",SUMPRODUCT('Calc_Mix'!$F$5:$S$5,'Matriz_Habilidades'!$D4:$Q4)/'Calc_Mix'!$T$5+ROW()*0.000001) | H4: =IF(OR($B4="",$C4<>"Disponível",'Calc_Mix'!$T$6=0,COUNTIF(Esc_Tec1,$B4)+COUNTIF(Esc_Tec2,$B4)>0,SUMPRODUCT('Calc_Mix'!$F$6:$S$6,'Matriz_Habilidades'!$D4:$Q4)=0),"",SUMPRODUCT('Calc_Mix'!$F$6:$S$6,'Matriz_Habilidades'!$D4:$Q4)/'Calc_Mix'!$T$6+ROW()*0.000001) | I4: =IF(OR($B4="",$C4<>"Disponível",'Calc_Mix'!$T$7=0,COUNTIF(Esc_Tec1,$B4)+COUNTIF(Esc_Tec2,$B4)>0,SUMPRODUCT('Calc_Mix'!$F$7:$S$7,'Matriz_Habilidades'!$D4:$Q4)=0),"",SUMPRODUCT('Calc_Mix'!$F$7:$S$7,'Matriz_Habilidades'!$D4:$Q4)/'Calc_Mix'!$T$7+ROW()*0.000001) | J4: =IF(OR($B4="",$C4<>"Disponível",'Calc_Mix'!$T$8=0,COUNTIF(Esc_Tec1,$B4)+COUNTIF(Esc_Tec2,$B4)>0,SUMPRODUCT('Calc_Mix'!$F$8:$S$8,'Matriz_Habilidades'!$D4:$Q4)=0),"",SUMPRODUCT('Calc_Mix'!$F$8:$S$8,'Matriz_Habilidades'!$D4:$Q4)/'Calc_Mix'!$T$8+ROW()*0.000001) | K4: =IF(OR($B4="",$C4<>"Disponível",'Calc_Mix'!$T$9=0,COUNTIF(Esc_Tec1,$B4)+COUNTIF(Esc_Tec2,$B4)>0,SUMPRODUCT('Calc_Mix'!$F$9:$S$9,'Matriz_Habilidades'!$D4:$Q4)=0),"",SUMPRODUCT('Calc_Mix'!$F$9:$S$9,'Matriz_Habilidades'!$D4:$Q4)/'Calc_Mix'!$T$9+ROW()*0.000001) | L4: =IF(OR($B4="",$C4<>"Disponível",'Calc_Mix'!$T$10=0,COUNTIF(Esc_Tec1,$B4)+COUNTIF(Esc_Tec2,$B4)>0,SUMPRODUCT('Calc_Mix'!$F$10:$S$10,'Matriz_Habilidades'!$D4:$Q4)=0),"",SUMPRODUCT('Calc_Mix'!$F$10:$S$10,'Matriz_Habilidades'!$D4:$Q4)/'Calc_Mix'!$T$10+ROW()*0.000001) | M4: =IF(OR($B4="",$C4<>"Disponível",'Calc_Mix'!$T$11=0,COUNTIF(Esc_Tec1,$B4)+COUNTIF(Esc_Tec2,$B4)>0,SUMPRODUCT('Calc_Mix'!$F$11:$S$11,'Matriz_Habilidades'!$D4:$Q4)=0),"",SUMPRODUCT('Calc_Mix'!$F$11:$S$11,'Matriz_Habilidades'!$D4:$Q4)/'Calc_Mix'!$T$11+ROW()*0.000001) | N4: =IF(OR($B4="",$C4<>"Disponível",'Calc_Mix'!$T$12=0,COUNTIF(Esc_Tec1,$B4)+COUNTIF(Esc_Tec2,$B4)>0,SUMPRODUCT('Calc_Mix'!$F$12:$S$12,'Matriz_Habilidades'!$D4:$Q4)=0),"",SUMPRODUCT('Calc_Mix'!$F$12:$S$12,'Matriz_Habilidades'!$D4:$Q4)/'Calc_Mix'!$T$12+ROW()*0.000001) | O4: =IF(OR($B4="",$C4<>"Disponível",'Calc_Mix'!$T$13=0,COUNTIF(Esc_Tec1,$B4)+COUNTIF(Esc_Tec2,$B4)>0,SUMPRODUCT('Calc_Mix'!$F$13:$S$13,'Matriz_Habilidades'!$D4:$Q4)=0),"",SUMPRODUCT('Calc_Mix'!$F$13:$S$13,'Matriz_Habilidades'!$D4:$Q4)/'Calc_Mix'!$T$13+ROW()*0.000001) | P4: =IF(OR($B4="",$C4<>"Disponível",'Calc_Mix'!$T$14=0,COUNTIF(Esc_Tec1,$B4)+COUNTIF(Esc_Tec2,$B4)>0,SUMPRODUCT('Calc_Mix'!$F$14:$S$14,'Matriz_Habilidades'!$D4:$Q4)=0),"",SUMPRODUCT('Calc_Mix'!$F$14:$S$14,'Matriz_Habilidades'!$D4:$Q4)/'Calc_Mix'!$T$14+ROW()*0.000001) | Q4: =IF(OR($B4="",$C4<>"Disponível",'Calc_Mix'!$T$15=0,COUNTIF(Esc_Tec1,$B4)+COUNTIF(Esc_Tec2,$B4)>0,SUMPRODUCT('Calc_Mix'!$F$15:$S$15,'Matriz_Habilidades'!$D4:$Q4)=0),"",SUMPRODUCT('Calc_Mix'!$F$15:$S$15,'Matriz_Habilidades'!$D4:$Q4)/'Calc_Mix'!$T$15+ROW()*0.000001) | R4: =IF(OR($B4="",$C4<>"Disponível",'Calc_Mix'!$T$16=0,COUNTIF(Esc_Tec1,$B4)+COUNTIF(Esc_Tec2,$B4)>0,SUMPRODUCT('Calc_Mix'!$F$16:$S$16,'Matriz_Habilidades'!$D4:$Q4)=0),"",SUMPRODUCT('Calc_Mix'!$F$16:$S$16,'Matriz_Habilidades'!$D4:$Q4)/'Calc_Mix'!$T$16+ROW()*0.000001) | S4: =IF(OR($B4="",$C4<>"Disponível",'Calc_Mix'!$T$17=0,COUNTIF(Esc_Tec1,$B4)+COUNTIF(Esc_Tec2,$B4)>0,SUMPRODUCT('Calc_Mix'!$F$17:$S$17,'Matriz_Habilidades'!$D4:$Q4)=0),"",SUMPRODUCT('Calc_Mix'!$F$17:$S$17,'Matriz_Habilidades'!$D4:$Q4)/'Calc_Mix'!$T$17+ROW()*0.000001)
A5: =IF('Matriz_Habilidades'!A5="","",'Matriz_Habilidades'!A5) | B5: =IF('Matriz_Habilidades'!B5="","",'Matriz_Habilidades'!B5) | C5: =IF($A5="","",IFERROR(INDEX(Equipe_Situacao,MATCH($B5,Equipe_Nome,0)),"?")) | D5: =IF(OR($B5="",$C5<>"Disponível",'Calc_Mix'!$T$2=0,COUNTIF(Esc_Tec1,$B5)+COUNTIF(Esc_Tec2,$B5)>0,SUMPRODUCT('Calc_Mix'!$F$2:$S$2,'Matriz_Habilidades'!$D5:$Q5)=0),"",SUMPRODUCT('Calc_Mix'!$F$2:$S$2,'Matriz_Habilidades'!$D5:$Q5)/'Calc_Mix'!$T$2+ROW()*0.000001) | E5: =IF(OR($B5="",$C5<>"Disponível",'Calc_Mix'!$T$3=0,COUNTIF(Esc_Tec1,$B5)+COUNTIF(Esc_Tec2,$B5)>0,SUMPRODUCT('Calc_Mix'!$F$3:$S$3,'Matriz_Habilidades'!$D5:$Q5)=0),"",SUMPRODUCT('Calc_Mix'!$F$3:$S$3,'Matriz_Habilidades'!$D5:$Q5)/'Calc_Mix'!$T$3+ROW()*0.000001) | F5: =IF(OR($B5="",$C5<>"Disponível",'Calc_Mix'!$T$4=0,COUNTIF(Esc_Tec1,$B5)+COUNTIF(Esc_Tec2,$B5)>0,SUMPRODUCT('Calc_Mix'!$F$4:$S$4,'Matriz_Habilidades'!$D5:$Q5)=0),"",SUMPRODUCT('Calc_Mix'!$F$4:$S$4,'Matriz_Habilidades'!$D5:$Q5)/'Calc_Mix'!$T$4+ROW()*0.000001) | G5: =IF(OR($B5="",$C5<>"Disponível",'Calc_Mix'!$T$5=0,COUNTIF(Esc_Tec1,$B5)+COUNTIF(Esc_Tec2,$B5)>0,SUMPRODUCT('Calc_Mix'!$F$5:$S$5,'Matriz_Habilidades'!$D5:$Q5)=0),"",SUMPRODUCT('Calc_Mix'!$F$5:$S$5,'Matriz_Habilidades'!$D5:$Q5)/'Calc_Mix'!$T$5+ROW()*0.000001) | H5: =IF(OR($B5="",$C5<>"Disponível",'Calc_Mix'!$T$6=0,COUNTIF(Esc_Tec1,$B5)+COUNTIF(Esc_Tec2,$B5)>0,SUMPRODUCT('Calc_Mix'!$F$6:$S$6,'Matriz_Habilidades'!$D5:$Q5)=0),"",SUMPRODUCT('Calc_Mix'!$F$6:$S$6,'Matriz_Habilidades'!$D5:$Q5)/'Calc_Mix'!$T$6+ROW()*0.000001) | I5: =IF(OR($B5="",$C5<>"Disponível",'Calc_Mix'!$T$7=0,COUNTIF(Esc_Tec1,$B5)+COUNTIF(Esc_Tec2,$B5)>0,SUMPRODUCT('Calc_Mix'!$F$7:$S$7,'Matriz_Habilidades'!$D5:$Q5)=0),"",SUMPRODUCT('Calc_Mix'!$F$7:$S$7,'Matriz_Habilidades'!$D5:$Q5)/'Calc_Mix'!$T$7+ROW()*0.000001) | J5: =IF(OR($B5="",$C5<>"Disponível",'Calc_Mix'!$T$8=0,COUNTIF(Esc_Tec1,$B5)+COUNTIF(Esc_Tec2,$B5)>0,SUMPRODUCT('Calc_Mix'!$F$8:$S$8,'Matriz_Habilidades'!$D5:$Q5)=0),"",SUMPRODUCT('Calc_Mix'!$F$8:$S$8,'Matriz_Habilidades'!$D5:$Q5)/'Calc_Mix'!$T$8+ROW()*0.000001) | K5: =IF(OR($B5="",$C5<>"Disponível",'Calc_Mix'!$T$9=0,COUNTIF(Esc_Tec1,$B5)+COUNTIF(Esc_Tec2,$B5)>0,SUMPRODUCT('Calc_Mix'!$F$9:$S$9,'Matriz_Habilidades'!$D5:$Q5)=0),"",SUMPRODUCT('Calc_Mix'!$F$9:$S$9,'Matriz_Habilidades'!$D5:$Q5)/'Calc_Mix'!$T$9+ROW()*0.000001) | L5: =IF(OR($B5="",$C5<>"Disponível",'Calc_Mix'!$T$10=0,COUNTIF(Esc_Tec1,$B5)+COUNTIF(Esc_Tec2,$B5)>0,SUMPRODUCT('Calc_Mix'!$F$10:$S$10,'Matriz_Habilidades'!$D5:$Q5)=0),"",SUMPRODUCT('Calc_Mix'!$F$10:$S$10,'Matriz_Habilidades'!$D5:$Q5)/'Calc_Mix'!$T$10+ROW()*0.000001) | M5: =IF(OR($B5="",$C5<>"Disponível",'Calc_Mix'!$T$11=0,COUNTIF(Esc_Tec1,$B5)+COUNTIF(Esc_Tec2,$B5)>0,SUMPRODUCT('Calc_Mix'!$F$11:$S$11,'Matriz_Habilidades'!$D5:$Q5)=0),"",SUMPRODUCT('Calc_Mix'!$F$11:$S$11,'Matriz_Habilidades'!$D5:$Q5)/'Calc_Mix'!$T$11+ROW()*0.000001) | N5: =IF(OR($B5="",$C5<>"Disponível",'Calc_Mix'!$T$12=0,COUNTIF(Esc_Tec1,$B5)+COUNTIF(Esc_Tec2,$B5)>0,SUMPRODUCT('Calc_Mix'!$F$12:$S$12,'Matriz_Habilidades'!$D5:$Q5)=0),"",SUMPRODUCT('Calc_Mix'!$F$12:$S$12,'Matriz_Habilidades'!$D5:$Q5)/'Calc_Mix'!$T$12+ROW()*0.000001) | O5: =IF(OR($B5="",$C5<>"Disponível",'Calc_Mix'!$T$13=0,COUNTIF(Esc_Tec1,$B5)+COUNTIF(Esc_Tec2,$B5)>0,SUMPRODUCT('Calc_Mix'!$F$13:$S$13,'Matriz_Habilidades'!$D5:$Q5)=0),"",SUMPRODUCT('Calc_Mix'!$F$13:$S$13,'Matriz_Habilidades'!$D5:$Q5)/'Calc_Mix'!$T$13+ROW()*0.000001) | P5: =IF(OR($B5="",$C5<>"Disponível",'Calc_Mix'!$T$14=0,COUNTIF(Esc_Tec1,$B5)+COUNTIF(Esc_Tec2,$B5)>0,SUMPRODUCT('Calc_Mix'!$F$14:$S$14,'Matriz_Habilidades'!$D5:$Q5)=0),"",SUMPRODUCT('Calc_Mix'!$F$14:$S$14,'Matriz_Habilidades'!$D5:$Q5)/'Calc_Mix'!$T$14+ROW()*0.000001) | Q5: =IF(OR($B5="",$C5<>"Disponível",'Calc_Mix'!$T$15=0,COUNTIF(Esc_Tec1,$B5)+COUNTIF(Esc_Tec2,$B5)>0,SUMPRODUCT('Calc_Mix'!$F$15:$S$15,'Matriz_Habilidades'!$D5:$Q5)=0),"",SUMPRODUCT('Calc_Mix'!$F$15:$S$15,'Matriz_Habilidades'!$D5:$Q5)/'Calc_Mix'!$T$15+ROW()*0.000001) | R5: =IF(OR($B5="",$C5<>"Disponível",'Calc_Mix'!$T$16=0,COUNTIF(Esc_Tec1,$B5)+COUNTIF(Esc_Tec2,$B5)>0,SUMPRODUCT('Calc_Mix'!$F$16:$S$16,'Matriz_Habilidades'!$D5:$Q5)=0),"",SUMPRODUCT('Calc_Mix'!$F$16:$S$16,'Matriz_Habilidades'!$D5:$Q5)/'Calc_Mix'!$T$16+ROW()*0.000001) | S5: =IF(OR($B5="",$C5<>"Disponível",'Calc_Mix'!$T$17=0,COUNTIF(Esc_Tec1,$B5)+COUNTIF(Esc_Tec2,$B5)>0,SUMPRODUCT('Calc_Mix'!$F$17:$S$17,'Matriz_Habilidades'!$D5:$Q5)=0),"",SUMPRODUCT('Calc_Mix'!$F$17:$S$17,'Matriz_Habilidades'!$D5:$Q5)/'Calc_Mix'!$T$17+ROW()*0.000001)
A6: =IF('Matriz_Habilidades'!A6="","",'Matriz_Habilidades'!A6) | B6: =IF('Matriz_Habilidades'!B6="","",'Matriz_Habilidades'!B6) | C6: =IF($A6="","",IFERROR(INDEX(Equipe_Situacao,MATCH($B6,Equipe_Nome,0)),"?")) | D6: =IF(OR($B6="",$C6<>"Disponível",'Calc_Mix'!$T$2=0,COUNTIF(Esc_Tec1,$B6)+COUNTIF(Esc_Tec2,$B6)>0,SUMPRODUCT('Calc_Mix'!$F$2:$S$2,'Matriz_Habilidades'!$D6:$Q6)=0),"",SUMPRODUCT('Calc_Mix'!$F$2:$S$2,'Matriz_Habilidades'!$D6:$Q6)/'Calc_Mix'!$T$2+ROW()*0.000001) | E6: =IF(OR($B6="",$C6<>"Disponível",'Calc_Mix'!$T$3=0,COUNTIF(Esc_Tec1,$B6)+COUNTIF(Esc_Tec2,$B6)>0,SUMPRODUCT('Calc_Mix'!$F$3:$S$3,'Matriz_Habilidades'!$D6:$Q6)=0),"",SUMPRODUCT('Calc_Mix'!$F$3:$S$3,'Matriz_Habilidades'!$D6:$Q6)/'Calc_Mix'!$T$3+ROW()*0.000001) | F6: =IF(OR($B6="",$C6<>"Disponível",'Calc_Mix'!$T$4=0,COUNTIF(Esc_Tec1,$B6)+COUNTIF(Esc_Tec2,$B6)>0,SUMPRODUCT('Calc_Mix'!$F$4:$S$4,'Matriz_Habilidades'!$D6:$Q6)=0),"",SUMPRODUCT('Calc_Mix'!$F$4:$S$4,'Matriz_Habilidades'!$D6:$Q6)/'Calc_Mix'!$T$4+ROW()*0.000001) | G6: =IF(OR($B6="",$C6<>"Disponível",'Calc_Mix'!$T$5=0,COUNTIF(Esc_Tec1,$B6)+COUNTIF(Esc_Tec2,$B6)>0,SUMPRODUCT('Calc_Mix'!$F$5:$S$5,'Matriz_Habilidades'!$D6:$Q6)=0),"",SUMPRODUCT('Calc_Mix'!$F$5:$S$5,'Matriz_Habilidades'!$D6:$Q6)/'Calc_Mix'!$T$5+ROW()*0.000001) | H6: =IF(OR($B6="",$C6<>"Disponível",'Calc_Mix'!$T$6=0,COUNTIF(Esc_Tec1,$B6)+COUNTIF(Esc_Tec2,$B6)>0,SUMPRODUCT('Calc_Mix'!$F$6:$S$6,'Matriz_Habilidades'!$D6:$Q6)=0),"",SUMPRODUCT('Calc_Mix'!$F$6:$S$6,'Matriz_Habilidades'!$D6:$Q6)/'Calc_Mix'!$T$6+ROW()*0.000001) | I6: =IF(OR($B6="",$C6<>"Disponível",'Calc_Mix'!$T$7=0,COUNTIF(Esc_Tec1,$B6)+COUNTIF(Esc_Tec2,$B6)>0,SUMPRODUCT('Calc_Mix'!$F$7:$S$7,'Matriz_Habilidades'!$D6:$Q6)=0),"",SUMPRODUCT('Calc_Mix'!$F$7:$S$7,'Matriz_Habilidades'!$D6:$Q6)/'Calc_Mix'!$T$7+ROW()*0.000001) | J6: =IF(OR($B6="",$C6<>"Disponível",'Calc_Mix'!$T$8=0,COUNTIF(Esc_Tec1,$B6)+COUNTIF(Esc_Tec2,$B6)>0,SUMPRODUCT('Calc_Mix'!$F$8:$S$8,'Matriz_Habilidades'!$D6:$Q6)=0),"",SUMPRODUCT('Calc_Mix'!$F$8:$S$8,'Matriz_Habilidades'!$D6:$Q6)/'Calc_Mix'!$T$8+ROW()*0.000001) | K6: =IF(OR($B6="",$C6<>"Disponível",'Calc_Mix'!$T$9=0,COUNTIF(Esc_Tec1,$B6)+COUNTIF(Esc_Tec2,$B6)>0,SUMPRODUCT('Calc_Mix'!$F$9:$S$9,'Matriz_Habilidades'!$D6:$Q6)=0),"",SUMPRODUCT('Calc_Mix'!$F$9:$S$9,'Matriz_Habilidades'!$D6:$Q6)/'Calc_Mix'!$T$9+ROW()*0.000001) | L6: =IF(OR($B6="",$C6<>"Disponível",'Calc_Mix'!$T$10=0,COUNTIF(Esc_Tec1,$B6)+COUNTIF(Esc_Tec2,$B6)>0,SUMPRODUCT('Calc_Mix'!$F$10:$S$10,'Matriz_Habilidades'!$D6:$Q6)=0),"",SUMPRODUCT('Calc_Mix'!$F$10:$S$10,'Matriz_Habilidades'!$D6:$Q6)/'Calc_Mix'!$T$10+ROW()*0.000001) | M6: =IF(OR($B6="",$C6<>"Disponível",'Calc_Mix'!$T$11=0,COUNTIF(Esc_Tec1,$B6)+COUNTIF(Esc_Tec2,$B6)>0,SUMPRODUCT('Calc_Mix'!$F$11:$S$11,'Matriz_Habilidades'!$D6:$Q6)=0),"",SUMPRODUCT('Calc_Mix'!$F$11:$S$11,'Matriz_Habilidades'!$D6:$Q6)/'Calc_Mix'!$T$11+ROW()*0.000001) | N6: =IF(OR($B6="",$C6<>"Disponível",'Calc_Mix'!$T$12=0,COUNTIF(Esc_Tec1,$B6)+COUNTIF(Esc_Tec2,$B6)>0,SUMPRODUCT('Calc_Mix'!$F$12:$S$12,'Matriz_Habilidades'!$D6:$Q6)=0),"",SUMPRODUCT('Calc_Mix'!$F$12:$S$12,'Matriz_Habilidades'!$D6:$Q6)/'Calc_Mix'!$T$12+ROW()*0.000001) | O6: =IF(OR($B6="",$C6<>"Disponível",'Calc_Mix'!$T$13=0,COUNTIF(Esc_Tec1,$B6)+COUNTIF(Esc_Tec2,$B6)>0,SUMPRODUCT('Calc_Mix'!$F$13:$S$13,'Matriz_Habilidades'!$D6:$Q6)=0),"",SUMPRODUCT('Calc_Mix'!$F$13:$S$13,'Matriz_Habilidades'!$D6:$Q6)/'Calc_Mix'!$T$13+ROW()*0.000001) | P6: =IF(OR($B6="",$C6<>"Disponível",'Calc_Mix'!$T$14=0,COUNTIF(Esc_Tec1,$B6)+COUNTIF(Esc_Tec2,$B6)>0,SUMPRODUCT('Calc_Mix'!$F$14:$S$14,'Matriz_Habilidades'!$D6:$Q6)=0),"",SUMPRODUCT('Calc_Mix'!$F$14:$S$14,'Matriz_Habilidades'!$D6:$Q6)/'Calc_Mix'!$T$14+ROW()*0.000001) | Q6: =IF(OR($B6="",$C6<>"Disponível",'Calc_Mix'!$T$15=0,COUNTIF(Esc_Tec1,$B6)+COUNTIF(Esc_Tec2,$B6)>0,SUMPRODUCT('Calc_Mix'!$F$15:$S$15,'Matriz_Habilidades'!$D6:$Q6)=0),"",SUMPRODUCT('Calc_Mix'!$F$15:$S$15,'Matriz_Habilidades'!$D6:$Q6)/'Calc_Mix'!$T$15+ROW()*0.000001) | R6: =IF(OR($B6="",$C6<>"Disponível",'Calc_Mix'!$T$16=0,COUNTIF(Esc_Tec1,$B6)+COUNTIF(Esc_Tec2,$B6)>0,SUMPRODUCT('Calc_Mix'!$F$16:$S$16,'Matriz_Habilidades'!$D6:$Q6)=0),"",SUMPRODUCT('Calc_Mix'!$F$16:$S$16,'Matriz_Habilidades'!$D6:$Q6)/'Calc_Mix'!$T$16+ROW()*0.000001) | S6: =IF(OR($B6="",$C6<>"Disponível",'Calc_Mix'!$T$17=0,COUNTIF(Esc_Tec1,$B6)+COUNTIF(Esc_Tec2,$B6)>0,SUMPRODUCT('Calc_Mix'!$F$17:$S$17,'Matriz_Habilidades'!$D6:$Q6)=0),"",SUMPRODUCT('Calc_Mix'!$F$17:$S$17,'Matriz_Habilidades'!$D6:$Q6)/'Calc_Mix'!$T$17+ROW()*0.000001)
A7: =IF('Matriz_Habilidades'!A7="","",'Matriz_Habilidades'!A7) | B7: =IF('Matriz_Habilidades'!B7="","",'Matriz_Habilidades'!B7) | C7: =IF($A7="","",IFERROR(INDEX(Equipe_Situacao,MATCH($B7,Equipe_Nome,0)),"?")) | D7: =IF(OR($B7="",$C7<>"Disponível",'Calc_Mix'!$T$2=0,COUNTIF(Esc_Tec1,$B7)+COUNTIF(Esc_Tec2,$B7)>0,SUMPRODUCT('Calc_Mix'!$F$2:$S$2,'Matriz_Habilidades'!$D7:$Q7)=0),"",SUMPRODUCT('Calc_Mix'!$F$2:$S$2,'Matriz_Habilidades'!$D7:$Q7)/'Calc_Mix'!$T$2+ROW()*0.000001) | E7: =IF(OR($B7="",$C7<>"Disponível",'Calc_Mix'!$T$3=0,COUNTIF(Esc_Tec1,$B7)+COUNTIF(Esc_Tec2,$B7)>0,SUMPRODUCT('Calc_Mix'!$F$3:$S$3,'Matriz_Habilidades'!$D7:$Q7)=0),"",SUMPRODUCT('Calc_Mix'!$F$3:$S$3,'Matriz_Habilidades'!$D7:$Q7)/'Calc_Mix'!$T$3+ROW()*0.000001) | F7: =IF(OR($B7="",$C7<>"Disponível",'Calc_Mix'!$T$4=0,COUNTIF(Esc_Tec1,$B7)+COUNTIF(Esc_Tec2,$B7)>0,SUMPRODUCT('Calc_Mix'!$F$4:$S$4,'Matriz_Habilidades'!$D7:$Q7)=0),"",SUMPRODUCT('Calc_Mix'!$F$4:$S$4,'Matriz_Habilidades'!$D7:$Q7)/'Calc_Mix'!$T$4+ROW()*0.000001) | G7: =IF(OR($B7="",$C7<>"Disponível",'Calc_Mix'!$T$5=0,COUNTIF(Esc_Tec1,$B7)+COUNTIF(Esc_Tec2,$B7)>0,SUMPRODUCT('Calc_Mix'!$F$5:$S$5,'Matriz_Habilidades'!$D7:$Q7)=0),"",SUMPRODUCT('Calc_Mix'!$F$5:$S$5,'Matriz_Habilidades'!$D7:$Q7)/'Calc_Mix'!$T$5+ROW()*0.000001) | H7: =IF(OR($B7="",$C7<>"Disponível",'Calc_Mix'!$T$6=0,COUNTIF(Esc_Tec1,$B7)+COUNTIF(Esc_Tec2,$B7)>0,SUMPRODUCT('Calc_Mix'!$F$6:$S$6,'Matriz_Habilidades'!$D7:$Q7)=0),"",SUMPRODUCT('Calc_Mix'!$F$6:$S$6,'Matriz_Habilidades'!$D7:$Q7)/'Calc_Mix'!$T$6+ROW()*0.000001) | I7: =IF(OR($B7="",$C7<>"Disponível",'Calc_Mix'!$T$7=0,COUNTIF(Esc_Tec1,$B7)+COUNTIF(Esc_Tec2,$B7)>0,SUMPRODUCT('Calc_Mix'!$F$7:$S$7,'Matriz_Habilidades'!$D7:$Q7)=0),"",SUMPRODUCT('Calc_Mix'!$F$7:$S$7,'Matriz_Habilidades'!$D7:$Q7)/'Calc_Mix'!$T$7+ROW()*0.000001) | J7: =IF(OR($B7="",$C7<>"Disponível",'Calc_Mix'!$T$8=0,COUNTIF(Esc_Tec1,$B7)+COUNTIF(Esc_Tec2,$B7)>0,SUMPRODUCT('Calc_Mix'!$F$8:$S$8,'Matriz_Habilidades'!$D7:$Q7)=0),"",SUMPRODUCT('Calc_Mix'!$F$8:$S$8,'Matriz_Habilidades'!$D7:$Q7)/'Calc_Mix'!$T$8+ROW()*0.000001) | K7: =IF(OR($B7="",$C7<>"Disponível",'Calc_Mix'!$T$9=0,COUNTIF(Esc_Tec1,$B7)+COUNTIF(Esc_Tec2,$B7)>0,SUMPRODUCT('Calc_Mix'!$F$9:$S$9,'Matriz_Habilidades'!$D7:$Q7)=0),"",SUMPRODUCT('Calc_Mix'!$F$9:$S$9,'Matriz_Habilidades'!$D7:$Q7)/'Calc_Mix'!$T$9+ROW()*0.000001) | L7: =IF(OR($B7="",$C7<>"Disponível",'Calc_Mix'!$T$10=0,COUNTIF(Esc_Tec1,$B7)+COUNTIF(Esc_Tec2,$B7)>0,SUMPRODUCT('Calc_Mix'!$F$10:$S$10,'Matriz_Habilidades'!$D7:$Q7)=0),"",SUMPRODUCT('Calc_Mix'!$F$10:$S$10,'Matriz_Habilidades'!$D7:$Q7)/'Calc_Mix'!$T$10+ROW()*0.000001) | M7: =IF(OR($B7="",$C7<>"Disponível",'Calc_Mix'!$T$11=0,COUNTIF(Esc_Tec1,$B7)+COUNTIF(Esc_Tec2,$B7)>0,SUMPRODUCT('Calc_Mix'!$F$11:$S$11,'Matriz_Habilidades'!$D7:$Q7)=0),"",SUMPRODUCT('Calc_Mix'!$F$11:$S$11,'Matriz_Habilidades'!$D7:$Q7)/'Calc_Mix'!$T$11+ROW()*0.000001) | N7: =IF(OR($B7="",$C7<>"Disponível",'Calc_Mix'!$T$12=0,COUNTIF(Esc_Tec1,$B7)+COUNTIF(Esc_Tec2,$B7)>0,SUMPRODUCT('Calc_Mix'!$F$12:$S$12,'Matriz_Habilidades'!$D7:$Q7)=0),"",SUMPRODUCT('Calc_Mix'!$F$12:$S$12,'Matriz_Habilidades'!$D7:$Q7)/'Calc_Mix'!$T$12+ROW()*0.000001) | O7: =IF(OR($B7="",$C7<>"Disponível",'Calc_Mix'!$T$13=0,COUNTIF(Esc_Tec1,$B7)+COUNTIF(Esc_Tec2,$B7)>0,SUMPRODUCT('Calc_Mix'!$F$13:$S$13,'Matriz_Habilidades'!$D7:$Q7)=0),"",SUMPRODUCT('Calc_Mix'!$F$13:$S$13,'Matriz_Habilidades'!$D7:$Q7)/'Calc_Mix'!$T$13+ROW()*0.000001) | P7: =IF(OR($B7="",$C7<>"Disponível",'Calc_Mix'!$T$14=0,COUNTIF(Esc_Tec1,$B7)+COUNTIF(Esc_Tec2,$B7)>0,SUMPRODUCT('Calc_Mix'!$F$14:$S$14,'Matriz_Habilidades'!$D7:$Q7)=0),"",SUMPRODUCT('Calc_Mix'!$F$14:$S$14,'Matriz_Habilidades'!$D7:$Q7)/'Calc_Mix'!$T$14+ROW()*0.000001) | Q7: =IF(OR($B7="",$C7<>"Disponível",'Calc_Mix'!$T$15=0,COUNTIF(Esc_Tec1,$B7)+COUNTIF(Esc_Tec2,$B7)>0,SUMPRODUCT('Calc_Mix'!$F$15:$S$15,'Matriz_Habilidades'!$D7:$Q7)=0),"",SUMPRODUCT('Calc_Mix'!$F$15:$S$15,'Matriz_Habilidades'!$D7:$Q7)/'Calc_Mix'!$T$15+ROW()*0.000001) | R7: =IF(OR($B7="",$C7<>"Disponível",'Calc_Mix'!$T$16=0,COUNTIF(Esc_Tec1,$B7)+COUNTIF(Esc_Tec2,$B7)>0,SUMPRODUCT('Calc_Mix'!$F$16:$S$16,'Matriz_Habilidades'!$D7:$Q7)=0),"",SUMPRODUCT('Calc_Mix'!$F$16:$S$16,'Matriz_Habilidades'!$D7:$Q7)/'Calc_Mix'!$T$16+ROW()*0.000001) | S7: =IF(OR($B7="",$C7<>"Disponível",'Calc_Mix'!$T$17=0,COUNTIF(Esc_Tec1,$B7)+COUNTIF(Esc_Tec2,$B7)>0,SUMPRODUCT('Calc_Mix'!$F$17:$S$17,'Matriz_Habilidades'!$D7:$Q7)=0),"",SUMPRODUCT('Calc_Mix'!$F$17:$S$17,'Matriz_Habilidades'!$D7:$Q7)/'Calc_Mix'!$T$17+ROW()*0.000001)
A8: =IF('Matriz_Habilidades'!A8="","",'Matriz_Habilidades'!A8) | B8: =IF('Matriz_Habilidades'!B8="","",'Matriz_Habilidades'!B8) | C8: =IF($A8="","",IFERROR(INDEX(Equipe_Situacao,MATCH($B8,Equipe_Nome,0)),"?")) | D8: =IF(OR($B8="",$C8<>"Disponível",'Calc_Mix'!$T$2=0,COUNTIF(Esc_Tec1,$B8)+COUNTIF(Esc_Tec2,$B8)>0,SUMPRODUCT('Calc_Mix'!$F$2:$S$2,'Matriz_Habilidades'!$D8:$Q8)=0),"",SUMPRODUCT('Calc_Mix'!$F$2:$S$2,'Matriz_Habilidades'!$D8:$Q8)/'Calc_Mix'!$T$2+ROW()*0.000001) | E8: =IF(OR($B8="",$C8<>"Disponível",'Calc_Mix'!$T$3=0,COUNTIF(Esc_Tec1,$B8)+COUNTIF(Esc_Tec2,$B8)>0,SUMPRODUCT('Calc_Mix'!$F$3:$S$3,'Matriz_Habilidades'!$D8:$Q8)=0),"",SUMPRODUCT('Calc_Mix'!$F$3:$S$3,'Matriz_Habilidades'!$D8:$Q8)/'Calc_Mix'!$T$3+ROW()*0.000001) | F8: =IF(OR($B8="",$C8<>"Disponível",'Calc_Mix'!$T$4=0,COUNTIF(Esc_Tec1,$B8)+COUNTIF(Esc_Tec2,$B8)>0,SUMPRODUCT('Calc_Mix'!$F$4:$S$4,'Matriz_Habilidades'!$D8:$Q8)=0),"",SUMPRODUCT('Calc_Mix'!$F$4:$S$4,'Matriz_Habilidades'!$D8:$Q8)/'Calc_Mix'!$T$4+ROW()*0.000001) | G8: =IF(OR($B8="",$C8<>"Disponível",'Calc_Mix'!$T$5=0,COUNTIF(Esc_Tec1,$B8)+COUNTIF(Esc_Tec2,$B8)>0,SUMPRODUCT('Calc_Mix'!$F$5:$S$5,'Matriz_Habilidades'!$D8:$Q8)=0),"",SUMPRODUCT('Calc_Mix'!$F$5:$S$5,'Matriz_Habilidades'!$D8:$Q8)/'Calc_Mix'!$T$5+ROW()*0.000001) | H8: =IF(OR($B8="",$C8<>"Disponível",'Calc_Mix'!$T$6=0,COUNTIF(Esc_Tec1,$B8)+COUNTIF(Esc_Tec2,$B8)>0,SUMPRODUCT('Calc_Mix'!$F$6:$S$6,'Matriz_Habilidades'!$D8:$Q8)=0),"",SUMPRODUCT('Calc_Mix'!$F$6:$S$6,'Matriz_Habilidades'!$D8:$Q8)/'Calc_Mix'!$T$6+ROW()*0.000001) | I8: =IF(OR($B8="",$C8<>"Disponível",'Calc_Mix'!$T$7=0,COUNTIF(Esc_Tec1,$B8)+COUNTIF(Esc_Tec2,$B8)>0,SUMPRODUCT('Calc_Mix'!$F$7:$S$7,'Matriz_Habilidades'!$D8:$Q8)=0),"",SUMPRODUCT('Calc_Mix'!$F$7:$S$7,'Matriz_Habilidades'!$D8:$Q8)/'Calc_Mix'!$T$7+ROW()*0.000001) | J8: =IF(OR($B8="",$C8<>"Disponível",'Calc_Mix'!$T$8=0,COUNTIF(Esc_Tec1,$B8)+COUNTIF(Esc_Tec2,$B8)>0,SUMPRODUCT('Calc_Mix'!$F$8:$S$8,'Matriz_Habilidades'!$D8:$Q8)=0),"",SUMPRODUCT('Calc_Mix'!$F$8:$S$8,'Matriz_Habilidades'!$D8:$Q8)/'Calc_Mix'!$T$8+ROW()*0.000001) | K8: =IF(OR($B8="",$C8<>"Disponível",'Calc_Mix'!$T$9=0,COUNTIF(Esc_Tec1,$B8)+COUNTIF(Esc_Tec2,$B8)>0,SUMPRODUCT('Calc_Mix'!$F$9:$S$9,'Matriz_Habilidades'!$D8:$Q8)=0),"",SUMPRODUCT('Calc_Mix'!$F$9:$S$9,'Matriz_Habilidades'!$D8:$Q8)/'Calc_Mix'!$T$9+ROW()*0.000001) | L8: =IF(OR($B8="",$C8<>"Disponível",'Calc_Mix'!$T$10=0,COUNTIF(Esc_Tec1,$B8)+COUNTIF(Esc_Tec2,$B8)>0,SUMPRODUCT('Calc_Mix'!$F$10:$S$10,'Matriz_Habilidades'!$D8:$Q8)=0),"",SUMPRODUCT('Calc_Mix'!$F$10:$S$10,'Matriz_Habilidades'!$D8:$Q8)/'Calc_Mix'!$T$10+ROW()*0.000001) | M8: =IF(OR($B8="",$C8<>"Disponível",'Calc_Mix'!$T$11=0,COUNTIF(Esc_Tec1,$B8)+COUNTIF(Esc_Tec2,$B8)>0,SUMPRODUCT('Calc_Mix'!$F$11:$S$11,'Matriz_Habilidades'!$D8:$Q8)=0),"",SUMPRODUCT('Calc_Mix'!$F$11:$S$11,'Matriz_Habilidades'!$D8:$Q8)/'Calc_Mix'!$T$11+ROW()*0.000001) | N8: =IF(OR($B8="",$C8<>"Disponível",'Calc_Mix'!$T$12=0,COUNTIF(Esc_Tec1,$B8)+COUNTIF(Esc_Tec2,$B8)>0,SUMPRODUCT('Calc_Mix'!$F$12:$S$12,'Matriz_Habilidades'!$D8:$Q8)=0),"",SUMPRODUCT('Calc_Mix'!$F$12:$S$12,'Matriz_Habilidades'!$D8:$Q8)/'Calc_Mix'!$T$12+ROW()*0.000001) | O8: =IF(OR($B8="",$C8<>"Disponível",'Calc_Mix'!$T$13=0,COUNTIF(Esc_Tec1,$B8)+COUNTIF(Esc_Tec2,$B8)>0,SUMPRODUCT('Calc_Mix'!$F$13:$S$13,'Matriz_Habilidades'!$D8:$Q8)=0),"",SUMPRODUCT('Calc_Mix'!$F$13:$S$13,'Matriz_Habilidades'!$D8:$Q8)/'Calc_Mix'!$T$13+ROW()*0.000001) | P8: =IF(OR($B8="",$C8<>"Disponível",'Calc_Mix'!$T$14=0,COUNTIF(Esc_Tec1,$B8)+COUNTIF(Esc_Tec2,$B8)>0,SUMPRODUCT('Calc_Mix'!$F$14:$S$14,'Matriz_Habilidades'!$D8:$Q8)=0),"",SUMPRODUCT('Calc_Mix'!$F$14:$S$14,'Matriz_Habilidades'!$D8:$Q8)/'Calc_Mix'!$T$14+ROW()*0.000001) | Q8: =IF(OR($B8="",$C8<>"Disponível",'Calc_Mix'!$T$15=0,COUNTIF(Esc_Tec1,$B8)+COUNTIF(Esc_Tec2,$B8)>0,SUMPRODUCT('Calc_Mix'!$F$15:$S$15,'Matriz_Habilidades'!$D8:$Q8)=0),"",SUMPRODUCT('Calc_Mix'!$F$15:$S$15,'Matriz_Habilidades'!$D8:$Q8)/'Calc_Mix'!$T$15+ROW()*0.000001) | R8: =IF(OR($B8="",$C8<>"Disponível",'Calc_Mix'!$T$16=0,COUNTIF(Esc_Tec1,$B8)+COUNTIF(Esc_Tec2,$B8)>0,SUMPRODUCT('Calc_Mix'!$F$16:$S$16,'Matriz_Habilidades'!$D8:$Q8)=0),"",SUMPRODUCT('Calc_Mix'!$F$16:$S$16,'Matriz_Habilidades'!$D8:$Q8)/'Calc_Mix'!$T$16+ROW()*0.000001) | S8: =IF(OR($B8="",$C8<>"Disponível",'Calc_Mix'!$T$17=0,COUNTIF(Esc_Tec1,$B8)+COUNTIF(Esc_Tec2,$B8)>0,SUMPRODUCT('Calc_Mix'!$F$17:$S$17,'Matriz_Habilidades'!$D8:$Q8)=0),"",SUMPRODUCT('Calc_Mix'!$F$17:$S$17,'Matriz_Habilidades'!$D8:$Q8)/'Calc_Mix'!$T$17+ROW()*0.000001)
A9: =IF('Matriz_Habilidades'!A9="","",'Matriz_Habilidades'!A9) | B9: =IF('Matriz_Habilidades'!B9="","",'Matriz_Habilidades'!B9) | C9: =IF($A9="","",IFERROR(INDEX(Equipe_Situacao,MATCH($B9,Equipe_Nome,0)),"?")) | D9: =IF(OR($B9="",$C9<>"Disponível",'Calc_Mix'!$T$2=0,COUNTIF(Esc_Tec1,$B9)+COUNTIF(Esc_Tec2,$B9)>0,SUMPRODUCT('Calc_Mix'!$F$2:$S$2,'Matriz_Habilidades'!$D9:$Q9)=0),"",SUMPRODUCT('Calc_Mix'!$F$2:$S$2,'Matriz_Habilidades'!$D9:$Q9)/'Calc_Mix'!$T$2+ROW()*0.000001) | E9: =IF(OR($B9="",$C9<>"Disponível",'Calc_Mix'!$T$3=0,COUNTIF(Esc_Tec1,$B9)+COUNTIF(Esc_Tec2,$B9)>0,SUMPRODUCT('Calc_Mix'!$F$3:$S$3,'Matriz_Habilidades'!$D9:$Q9)=0),"",SUMPRODUCT('Calc_Mix'!$F$3:$S$3,'Matriz_Habilidades'!$D9:$Q9)/'Calc_Mix'!$T$3+ROW()*0.000001) | F9: =IF(OR($B9="",$C9<>"Disponível",'Calc_Mix'!$T$4=0,COUNTIF(Esc_Tec1,$B9)+COUNTIF(Esc_Tec2,$B9)>0,SUMPRODUCT('Calc_Mix'!$F$4:$S$4,'Matriz_Habilidades'!$D9:$Q9)=0),"",SUMPRODUCT('Calc_Mix'!$F$4:$S$4,'Matriz_Habilidades'!$D9:$Q9)/'Calc_Mix'!$T$4+ROW()*0.000001) | G9: =IF(OR($B9="",$C9<>"Disponível",'Calc_Mix'!$T$5=0,COUNTIF(Esc_Tec1,$B9)+COUNTIF(Esc_Tec2,$B9)>0,SUMPRODUCT('Calc_Mix'!$F$5:$S$5,'Matriz_Habilidades'!$D9:$Q9)=0),"",SUMPRODUCT('Calc_Mix'!$F$5:$S$5,'Matriz_Habilidades'!$D9:$Q9)/'Calc_Mix'!$T$5+ROW()*0.000001) | H9: =IF(OR($B9="",$C9<>"Disponível",'Calc_Mix'!$T$6=0,COUNTIF(Esc_Tec1,$B9)+COUNTIF(Esc_Tec2,$B9)>0,SUMPRODUCT('Calc_Mix'!$F$6:$S$6,'Matriz_Habilidades'!$D9:$Q9)=0),"",SUMPRODUCT('Calc_Mix'!$F$6:$S$6,'Matriz_Habilidades'!$D9:$Q9)/'Calc_Mix'!$T$6+ROW()*0.000001) | I9: =IF(OR($B9="",$C9<>"Disponível",'Calc_Mix'!$T$7=0,COUNTIF(Esc_Tec1,$B9)+COUNTIF(Esc_Tec2,$B9)>0,SUMPRODUCT('Calc_Mix'!$F$7:$S$7,'Matriz_Habilidades'!$D9:$Q9)=0),"",SUMPRODUCT('Calc_Mix'!$F$7:$S$7,'Matriz_Habilidades'!$D9:$Q9)/'Calc_Mix'!$T$7+ROW()*0.000001) | J9: =IF(OR($B9="",$C9<>"Disponível",'Calc_Mix'!$T$8=0,COUNTIF(Esc_Tec1,$B9)+COUNTIF(Esc_Tec2,$B9)>0,SUMPRODUCT('Calc_Mix'!$F$8:$S$8,'Matriz_Habilidades'!$D9:$Q9)=0),"",SUMPRODUCT('Calc_Mix'!$F$8:$S$8,'Matriz_Habilidades'!$D9:$Q9)/'Calc_Mix'!$T$8+ROW()*0.000001) | K9: =IF(OR($B9="",$C9<>"Disponível",'Calc_Mix'!$T$9=0,COUNTIF(Esc_Tec1,$B9)+COUNTIF(Esc_Tec2,$B9)>0,SUMPRODUCT('Calc_Mix'!$F$9:$S$9,'Matriz_Habilidades'!$D9:$Q9)=0),"",SUMPRODUCT('Calc_Mix'!$F$9:$S$9,'Matriz_Habilidades'!$D9:$Q9)/'Calc_Mix'!$T$9+ROW()*0.000001) | L9: =IF(OR($B9="",$C9<>"Disponível",'Calc_Mix'!$T$10=0,COUNTIF(Esc_Tec1,$B9)+COUNTIF(Esc_Tec2,$B9)>0,SUMPRODUCT('Calc_Mix'!$F$10:$S$10,'Matriz_Habilidades'!$D9:$Q9)=0),"",SUMPRODUCT('Calc_Mix'!$F$10:$S$10,'Matriz_Habilidades'!$D9:$Q9)/'Calc_Mix'!$T$10+ROW()*0.000001) | M9: =IF(OR($B9="",$C9<>"Disponível",'Calc_Mix'!$T$11=0,COUNTIF(Esc_Tec1,$B9)+COUNTIF(Esc_Tec2,$B9)>0,SUMPRODUCT('Calc_Mix'!$F$11:$S$11,'Matriz_Habilidades'!$D9:$Q9)=0),"",SUMPRODUCT('Calc_Mix'!$F$11:$S$11,'Matriz_Habilidades'!$D9:$Q9)/'Calc_Mix'!$T$11+ROW()*0.000001) | N9: =IF(OR($B9="",$C9<>"Disponível",'Calc_Mix'!$T$12=0,COUNTIF(Esc_Tec1,$B9)+COUNTIF(Esc_Tec2,$B9)>0,SUMPRODUCT('Calc_Mix'!$F$12:$S$12,'Matriz_Habilidades'!$D9:$Q9)=0),"",SUMPRODUCT('Calc_Mix'!$F$12:$S$12,'Matriz_Habilidades'!$D9:$Q9)/'Calc_Mix'!$T$12+ROW()*0.000001) | O9: =IF(OR($B9="",$C9<>"Disponível",'Calc_Mix'!$T$13=0,COUNTIF(Esc_Tec1,$B9)+COUNTIF(Esc_Tec2,$B9)>0,SUMPRODUCT('Calc_Mix'!$F$13:$S$13,'Matriz_Habilidades'!$D9:$Q9)=0),"",SUMPRODUCT('Calc_Mix'!$F$13:$S$13,'Matriz_Habilidades'!$D9:$Q9)/'Calc_Mix'!$T$13+ROW()*0.000001) | P9: =IF(OR($B9="",$C9<>"Disponível",'Calc_Mix'!$T$14=0,COUNTIF(Esc_Tec1,$B9)+COUNTIF(Esc_Tec2,$B9)>0,SUMPRODUCT('Calc_Mix'!$F$14:$S$14,'Matriz_Habilidades'!$D9:$Q9)=0),"",SUMPRODUCT('Calc_Mix'!$F$14:$S$14,'Matriz_Habilidades'!$D9:$Q9)/'Calc_Mix'!$T$14+ROW()*0.000001) | Q9: =IF(OR($B9="",$C9<>"Disponível",'Calc_Mix'!$T$15=0,COUNTIF(Esc_Tec1,$B9)+COUNTIF(Esc_Tec2,$B9)>0,SUMPRODUCT('Calc_Mix'!$F$15:$S$15,'Matriz_Habilidades'!$D9:$Q9)=0),"",SUMPRODUCT('Calc_Mix'!$F$15:$S$15,'Matriz_Habilidades'!$D9:$Q9)/'Calc_Mix'!$T$15+ROW()*0.000001) | R9: =IF(OR($B9="",$C9<>"Disponível",'Calc_Mix'!$T$16=0,COUNTIF(Esc_Tec1,$B9)+COUNTIF(Esc_Tec2,$B9)>0,SUMPRODUCT('Calc_Mix'!$F$16:$S$16,'Matriz_Habilidades'!$D9:$Q9)=0),"",SUMPRODUCT('Calc_Mix'!$F$16:$S$16,'Matriz_Habilidades'!$D9:$Q9)/'Calc_Mix'!$T$16+ROW()*0.000001) | S9: =IF(OR($B9="",$C9<>"Disponível",'Calc_Mix'!$T$17=0,COUNTIF(Esc_Tec1,$B9)+COUNTIF(Esc_Tec2,$B9)>0,SUMPRODUCT('Calc_Mix'!$F$17:$S$17,'Matriz_Habilidades'!$D9:$Q9)=0),"",SUMPRODUCT('Calc_Mix'!$F$17:$S$17,'Matriz_Habilidades'!$D9:$Q9)/'Calc_Mix'!$T$17+ROW()*0.000001)
